Model,Total Category Ground Truth,Actual Category Label,Predicted Category Label,Number of Confusions,Percentage of Confusions,Notes
Transformer,978,GREETING,SURVIVAL,73,7.46%,Moderate Confusion
Transformer,978,GREETING,NUMBER,71,7.26%,Moderate Confusion
Transformer,978,GREETING,CALENDAR,60,6.13%,Moderate Confusion
Transformer,978,GREETING,DAYS,35,3.58%,Low Confusion
Transformer,978,GREETING,FAMILY,46,4.70%,Low Confusion
Transformer,978,GREETING,RELATIONSHIPS,63,6.44%,Moderate Confusion
Transformer,978,GREETING,COLOR,54,5.52%,Moderate Confusion
Transformer,978,GREETING,FOOD,39,3.99%,Low Confusion
Transformer,978,GREETING,DRINK,54,5.52%,Moderate Confusion
Transformer,993,SURVIVAL,GREETING,46,4.63%,Low Confusion
Transformer,993,SURVIVAL,NUMBER,64,6.45%,Moderate Confusion
Transformer,993,SURVIVAL,CALENDAR,52,5.24%,Moderate Confusion
Transformer,993,SURVIVAL,DAYS,51,5.14%,Moderate Confusion
Transformer,993,SURVIVAL,FAMILY,53,5.34%,Moderate Confusion
Transformer,993,SURVIVAL,RELATIONSHIPS,62,6.24%,Moderate Confusion
Transformer,993,SURVIVAL,COLOR,60,6.04%,Moderate Confusion
Transformer,993,SURVIVAL,FOOD,39,3.93%,Low Confusion
Transformer,993,SURVIVAL,DRINK,52,5.24%,Moderate Confusion
Transformer,933,NUMBER,GREETING,55,5.89%,Moderate Confusion
Transformer,933,NUMBER,SURVIVAL,67,7.18%,Moderate Confusion
Transformer,933,NUMBER,CALENDAR,49,5.25%,Moderate Confusion
Transformer,933,NUMBER,DAYS,46,4.93%,Low Confusion
Transformer,933,NUMBER,FAMILY,48,5.14%,Moderate Confusion
Transformer,933,NUMBER,RELATIONSHIPS,67,7.18%,Moderate Confusion
Transformer,933,NUMBER,COLOR,46,4.93%,Low Confusion
Transformer,933,NUMBER,FOOD,34,3.64%,Low Confusion
Transformer,933,NUMBER,DRINK,58,6.22%,Moderate Confusion
Transformer,1005,CALENDAR,GREETING,46,4.58%,Low Confusion
Transformer,1005,CALENDAR,SURVIVAL,64,6.37%,Moderate Confusion
Transformer,1005,CALENDAR,NUMBER,62,6.17%,Moderate Confusion
Transformer,1005,CALENDAR,DAYS,32,3.18%,Low Confusion
Transformer,1005,CALENDAR,FAMILY,57,5.67%,Moderate Confusion
Transformer,1005,CALENDAR,RELATIONSHIPS,45,4.48%,Low Confusion
Transformer,1005,CALENDAR,COLOR,48,4.78%,Low Confusion
Transformer,1005,CALENDAR,FOOD,35,3.48%,Low Confusion
Transformer,1005,CALENDAR,DRINK,62,6.17%,Moderate Confusion
Transformer,937,DAYS,GREETING,41,4.38%,Low Confusion
Transformer,937,DAYS,SURVIVAL,55,5.87%,Moderate Confusion
Transformer,937,DAYS,NUMBER,50,5.34%,Moderate Confusion
Transformer,937,DAYS,CALENDAR,47,5.02%,Moderate Confusion
Transformer,937,DAYS,FAMILY,54,5.76%,Moderate Confusion
Transformer,937,DAYS,RELATIONSHIPS,59,6.30%,Moderate Confusion
Transformer,937,DAYS,COLOR,54,5.76%,Moderate Confusion
Transformer,937,DAYS,FOOD,49,5.23%,Moderate Confusion
Transformer,937,DAYS,DRINK,49,5.23%,Moderate Confusion
Transformer,970,FAMILY,GREETING,43,4.43%,Low Confusion
Transformer,970,FAMILY,SURVIVAL,57,5.88%,Moderate Confusion
Transformer,970,FAMILY,NUMBER,53,5.46%,Moderate Confusion
Transformer,970,FAMILY,CALENDAR,49,5.05%,Moderate Confusion
Transformer,970,FAMILY,DAYS,49,5.05%,Moderate Confusion
Transformer,970,FAMILY,RELATIONSHIPS,52,5.36%,Moderate Confusion
Transformer,970,FAMILY,COLOR,44,4.54%,Low Confusion
Transformer,970,FAMILY,FOOD,37,3.81%,Low Confusion
Transformer,970,FAMILY,DRINK,60,6.19%,Moderate Confusion
Transformer,943,RELATIONSHIPS,GREETING,37,3.92%,Low Confusion
Transformer,943,RELATIONSHIPS,SURVIVAL,61,6.47%,Moderate Confusion
Transformer,943,RELATIONSHIPS,NUMBER,46,4.88%,Low Confusion
Transformer,943,RELATIONSHIPS,CALENDAR,67,7.10%,Moderate Confusion
Transformer,943,RELATIONSHIPS,DAYS,38,4.03%,Low Confusion
Transformer,943,RELATIONSHIPS,FAMILY,55,5.83%,Moderate Confusion
Transformer,943,RELATIONSHIPS,COLOR,37,3.92%,Low Confusion
Transformer,943,RELATIONSHIPS,FOOD,42,4.45%,Low Confusion
Transformer,943,RELATIONSHIPS,DRINK,46,4.88%,Low Confusion
Transformer,982,COLOR,GREETING,44,4.48%,Low Confusion
Transformer,982,COLOR,SURVIVAL,60,6.11%,Moderate Confusion
Transformer,982,COLOR,NUMBER,66,6.72%,Moderate Confusion
Transformer,982,COLOR,CALENDAR,62,6.31%,Moderate Confusion
Transformer,982,COLOR,DAYS,42,4.28%,Low Confusion
Transformer,982,COLOR,FAMILY,45,4.58%,Low Confusion
Transformer,982,COLOR,RELATIONSHIPS,56,5.70%,Moderate Confusion
Transformer,982,COLOR,FOOD,46,4.68%,Low Confusion
Transformer,982,COLOR,DRINK,66,6.72%,Moderate Confusion
Transformer,909,FOOD,GREETING,43,4.73%,Low Confusion
Transformer,909,FOOD,SURVIVAL,58,6.38%,Moderate Confusion
Transformer,909,FOOD,NUMBER,36,3.96%,Low Confusion
Transformer,909,FOOD,CALENDAR,58,6.38%,Moderate Confusion
Transformer,909,FOOD,DAYS,28,3.08%,Low Confusion
Transformer,909,FOOD,FAMILY,44,4.84%,Low Confusion
Transformer,909,FOOD,RELATIONSHIPS,53,5.83%,Moderate Confusion
Transformer,909,FOOD,COLOR,72,7.92%,Moderate Confusion
Transformer,909,FOOD,DRINK,57,6.27%,Moderate Confusion
Transformer,972,DRINK,GREETING,42,4.32%,Low Confusion
Transformer,972,DRINK,SURVIVAL,67,6.89%,Moderate Confusion
Transformer,972,DRINK,NUMBER,77,7.92%,Moderate Confusion
Transformer,972,DRINK,CALENDAR,50,5.14%,Moderate Confusion
Transformer,972,DRINK,DAYS,42,4.32%,Low Confusion
Transformer,972,DRINK,FAMILY,52,5.35%,Moderate Confusion
Transformer,972,DRINK,RELATIONSHIPS,53,5.45%,Moderate Confusion
Transformer,972,DRINK,COLOR,57,5.86%,Moderate Confusion
Transformer,972,DRINK,FOOD,45,4.63%,Low Confusion
IV3-GRU,978,GREETING,SURVIVAL,30,3.07%,Low Confusion
IV3-GRU,978,GREETING,NUMBER,31,3.17%,Low Confusion
IV3-GRU,978,GREETING,CALENDAR,56,5.73%,Moderate Confusion
IV3-GRU,978,GREETING,DAYS,24,2.45%,Low Confusion
IV3-GRU,978,GREETING,FAMILY,44,4.50%,Low Confusion
IV3-GRU,978,GREETING,RELATIONSHIPS,41,4.19%,Low Confusion
IV3-GRU,978,GREETING,COLOR,25,2.56%,Low Confusion
IV3-GRU,978,GREETING,FOOD,68,6.95%,Moderate Confusion
IV3-GRU,978,GREETING,DRINK,10,1.02%,Low Confusion
IV3-GRU,993,SURVIVAL,GREETING,150,15.11%,High Confusion
IV3-GRU,993,SURVIVAL,NUMBER,28,2.82%,Low Confusion
IV3-GRU,993,SURVIVAL,CALENDAR,47,4.73%,Low Confusion
IV3-GRU,993,SURVIVAL,DAYS,41,4.13%,Low Confusion
IV3-GRU,993,SURVIVAL,FAMILY,65,6.55%,Moderate Confusion
IV3-GRU,993,SURVIVAL,RELATIONSHIPS,34,3.42%,Low Confusion
IV3-GRU,993,SURVIVAL,COLOR,34,3.42%,Low Confusion
IV3-GRU,993,SURVIVAL,FOOD,81,8.16%,Moderate Confusion
IV3-GRU,993,SURVIVAL,DRINK,16,1.61%,Low Confusion
IV3-GRU,933,NUMBER,GREETING,67,7.18%,Moderate Confusion
IV3-GRU,933,NUMBER,SURVIVAL,56,6.00%,Moderate Confusion
IV3-GRU,933,NUMBER,CALENDAR,58,6.22%,Moderate Confusion
IV3-GRU,933,NUMBER,DAYS,52,5.57%,Moderate Confusion
IV3-GRU,933,NUMBER,FAMILY,60,6.43%,Moderate Confusion
IV3-GRU,933,NUMBER,RELATIONSHIPS,26,2.79%,Low Confusion
IV3-GRU,933,NUMBER,COLOR,39,4.18%,Low Confusion
IV3-GRU,933,NUMBER,FOOD,76,8.15%,Moderate Confusion
IV3-GRU,933,NUMBER,DRINK,23,2.47%,Low Confusion
IV3-GRU,1005,CALENDAR,GREETING,58,5.77%,Moderate Confusion
IV3-GRU,1005,CALENDAR,SURVIVAL,37,3.68%,Low Confusion
IV3-GRU,1005,CALENDAR,NUMBER,32,3.18%,Low Confusion
IV3-GRU,1005,CALENDAR,DAYS,35,3.48%,Low Confusion
IV3-GRU,1005,CALENDAR,FAMILY,47,4.68%,Low Confusion
IV3-GRU,1005,CALENDAR,RELATIONSHIPS,32,3.18%,Low Confusion
IV3-GRU,1005,CALENDAR,COLOR,37,3.68%,Low Confusion
IV3-GRU,1005,CALENDAR,FOOD,59,5.87%,Moderate Confusion
IV3-GRU,1005,CALENDAR,DRINK,14,1.39%,Low Confusion
IV3-GRU,937,DAYS,GREETING,98,10.46%,High Confusion
IV3-GRU,937,DAYS,SURVIVAL,40,4.27%,Low Confusion
IV3-GRU,937,DAYS,NUMBER,38,4.06%,Low Confusion
IV3-GRU,937,DAYS,CALENDAR,47,5.02%,Moderate Confusion
IV3-GRU,937,DAYS,FAMILY,97,10.35%,High Confusion
IV3-GRU,937,DAYS,RELATIONSHIPS,31,3.31%,Low Confusion
IV3-GRU,937,DAYS,COLOR,32,3.42%,Low Confusion
IV3-GRU,937,DAYS,FOOD,91,9.71%,Moderate Confusion
IV3-GRU,937,DAYS,DRINK,25,2.67%,Low Confusion
IV3-GRU,970,FAMILY,GREETING,66,6.80%,Moderate Confusion
IV3-GRU,970,FAMILY,SURVIVAL,35,3.61%,Low Confusion
IV3-GRU,970,FAMILY,NUMBER,22,2.27%,Low Confusion
IV3-GRU,970,FAMILY,CALENDAR,57,5.88%,Moderate Confusion
IV3-GRU,970,FAMILY,DAYS,51,5.26%,Moderate Confusion
IV3-GRU,970,FAMILY,RELATIONSHIPS,57,5.88%,Moderate Confusion
IV3-GRU,970,FAMILY,COLOR,39,4.02%,Low Confusion
IV3-GRU,970,FAMILY,FOOD,91,9.38%,Moderate Confusion
IV3-GRU,970,FAMILY,DRINK,21,2.16%,Low Confusion
IV3-GRU,943,RELATIONSHIPS,GREETING,84,8.91%,Moderate Confusion
IV3-GRU,943,RELATIONSHIPS,SURVIVAL,25,2.65%,Low Confusion
IV3-GRU,943,RELATIONSHIPS,NUMBER,39,4.14%,Low Confusion
IV3-GRU,943,RELATIONSHIPS,CALENDAR,53,5.62%,Moderate Confusion
IV3-GRU,943,RELATIONSHIPS,DAYS,35,3.71%,Low Confusion
IV3-GRU,943,RELATIONSHIPS,FAMILY,97,10.29%,High Confusion
IV3-GRU,943,RELATIONSHIPS,COLOR,53,5.62%,Moderate Confusion
IV3-GRU,943,RELATIONSHIPS,FOOD,139,14.74%,High Confusion
IV3-GRU,943,RELATIONSHIPS,DRINK,16,1.70%,Low Confusion
IV3-GRU,982,COLOR,GREETING,57,5.80%,Moderate Confusion
IV3-GRU,982,COLOR,SURVIVAL,30,3.05%,Low Confusion
IV3-GRU,982,COLOR,NUMBER,29,2.95%,Low Confusion
IV3-GRU,982,COLOR,CALENDAR,80,8.15%,Moderate Confusion
IV3-GRU,982,COLOR,DAYS,35,3.56%,Low Confusion
IV3-GRU,982,COLOR,FAMILY,96,9.78%,Moderate Confusion
IV3-GRU,982,COLOR,RELATIONSHIPS,62,6.31%,Moderate Confusion
IV3-GRU,982,COLOR,FOOD,192,19.55%,High Confusion
IV3-GRU,982,COLOR,DRINK,19,1.93%,Low Confusion
IV3-GRU,909,FOOD,GREETING,73,8.03%,Moderate Confusion
IV3-GRU,909,FOOD,SURVIVAL,24,2.64%,Low Confusion
IV3-GRU,909,FOOD,NUMBER,18,1.98%,Low Confusion
IV3-GRU,909,FOOD,CALENDAR,46,5.06%,Moderate Confusion
IV3-GRU,909,FOOD,DAYS,25,2.75%,Low Confusion
IV3-GRU,909,FOOD,FAMILY,42,4.62%,Low Confusion
IV3-GRU,909,FOOD,RELATIONSHIPS,32,3.52%,Low Confusion
IV3-GRU,909,FOOD,COLOR,50,5.50%,Moderate Confusion
IV3-GRU,909,FOOD,DRINK,23,2.53%,Low Confusion
IV3-GRU,972,DRINK,GREETING,90,9.26%,Moderate Confusion
IV3-GRU,972,DRINK,SURVIVAL,44,4.53%,Low Confusion
IV3-GRU,972,DRINK,NUMBER,34,3.50%,Low Confusion
IV3-GRU,972,DRINK,CALENDAR,57,5.86%,Moderate Confusion
IV3-GRU,972,DRINK,DAYS,32,3.29%,Low Confusion
IV3-GRU,972,DRINK,FAMILY,52,5.35%,Moderate Confusion
IV3-GRU,972,DRINK,RELATIONSHIPS,37,3.81%,Low Confusion
IV3-GRU,972,DRINK,COLOR,86,8.85%,Moderate Confusion
IV3-GRU,972,DRINK,FOOD,185,19.03%,High Confusion