File Name,Ground Truth Sequence,Predicted Sequence,TP,FP,FN,Precision,Recall,F1-score
continuous_0001_S0_strategy2.npz,42 -> 14 -> 7 -> 61 -> 101 -> 62,14 -> 7 -> 61 -> 95,2,2,4,0.500000,0.333333,0.400000
continuous_0002_S0_strategy2.npz,96 -> 26 -> 56 -> 30 -> 83 -> 50,96 -> 25 -> 56 -> 83,3,1,3,0.750000,0.500000,0.600000
continuous_0003_S0_strategy2.npz,33 -> 93 -> 17 -> 78 -> 60 -> 48,38 -> 93 -> 60 -> 48,3,1,3,0.750000,0.500000,0.600000
continuous_0004_S0_strategy2.npz,18 -> 40 -> 44 -> 79 -> 52 -> 69,18 -> 38 -> 44 -> 79 -> 52 -> 69,5,1,1,0.833333,0.833333,0.833333
continuous_0005_S0_strategy2.npz,26 -> 12 -> 47 -> 102 -> 55 -> 37 -> 89,47 -> 102 -> 55,2,1,5,0.666667,0.285714,0.400000
continuous_0006_S0_strategy2.npz,54 -> 36 -> 101 -> 87 -> 19 -> 65 -> 82,87 -> 65 -> 82,3,0,4,1.000000,0.428571,0.600000
continuous_0007_S0_strategy2.npz,64 -> 59 -> 99 -> 73 -> 24 -> 51,65 -> 64 -> 59 -> 60 -> 73 -> 24,1,5,5,0.166667,0.166667,0.166667
continuous_0008_S0_strategy2.npz,68 -> 37 -> 45 -> 11 -> 80 -> 6,45 -> 11 -> 80 -> 6,2,2,4,0.500000,0.333333,0.400000
continuous_0009_S0_strategy2.npz,91 -> 22 -> 74 -> 34 -> 61 -> 97 -> 63,91 -> 22 -> 81 -> 61 -> 100 -> 97 -> 63,2,5,5,0.285714,0.285714,0.285714
continuous_0010_S0_strategy2.npz,7 -> 62 -> 58 -> 29 -> 95 -> 75,7 -> 59 -> 29 -> 95 -> 75,4,1,2,0.800000,0.666667,0.727273
continuous_0011_S0_strategy2.npz,70 -> 4 -> 53 -> 76 -> 104 -> 21 -> 88,66 -> 70 -> 61 -> 76 -> 104 -> 44,1,5,6,0.166667,0.142857,0.153846
continuous_0012_S0_strategy2.npz,43 -> 41 -> 82 -> 3 -> 103 -> 60,43 -> 82 -> 103 -> 60,2,2,4,0.500000,0.333333,0.400000
continuous_0013_S0_strategy2.npz,98 -> 90 -> 34 -> 0 -> 11 -> 67,98 -> 90 -> 0 -> 11,4,0,2,1.000000,0.666667,0.800000
continuous_0014_S0_strategy2.npz,13 -> 27 -> 71 -> 5 -> 42 -> 32,13 -> 71 -> 5,1,2,5,0.333333,0.166667,0.222222
continuous_0015_S0_strategy2.npz,100 -> 66 -> 39 -> 49 -> 72 -> 57,100 -> 66 -> 41 -> 49 -> 72 -> 57,5,1,1,0.833333,0.833333,0.833333
continuous_0016_S0_strategy2.npz,21 -> 48 -> 35 -> 96 -> 8 -> 16 -> 81,21 -> 44 -> 49 -> 48 -> 38 -> 96 -> 8 -> 16,4,4,3,0.500000,0.571429,0.533333
continuous_0017_S0_strategy2.npz,25 -> 84 -> 46 -> 10 -> 38 -> 2,44 -> 84 -> 44 -> 46 -> 38,2,3,4,0.400000,0.333333,0.363636
continuous_0018_S0_strategy2.npz,27 -> 85 -> 77 -> 1 -> 17 -> 95 -> 36,85 -> 95,2,0,5,1.000000,0.285714,0.444444
continuous_0019_S0_strategy2.npz,15 -> 86 -> 2 -> 31 -> 23 -> 80,15 -> 86 -> 24 -> 80,3,1,3,0.750000,0.500000,0.600000
continuous_0020_S0_strategy2.npz,20 -> 9 -> 15 -> 94 -> 41 -> 28 -> 92,20 -> 9 -> 15 -> 94 -> 41 -> 92,4,2,3,0.666667,0.571429,0.615385
continuous_0021_S0_strategy2.npz,19 -> 3,19 -> 3,2,0,0,1.000000,1.000000,1.000000
continuous_0022_S0_strategy2.npz,6,,0,0,1,0.000000,0.000000,0.000000
continuous_0023_S1_strategy2.npz,44 -> 11 -> 29 -> 4 -> 54 -> 102,44 -> 9,1,1,5,0.500000,0.166667,0.250000
continuous_0024_S1_strategy2.npz,57 -> 1 -> 95 -> 84 -> 65 -> 15 -> 35,57 -> 66 -> 2 -> 45 -> 95 -> 84 -> 15,1,6,6,0.142857,0.142857,0.142857
continuous_0025_S1_strategy2.npz,3 -> 92 -> 67 -> 36 -> 25 -> 13,3 -> 92 -> 67 -> 25 -> 13,5,0,1,1.000000,0.833333,0.909091
continuous_0026_S1_strategy2.npz,58 -> 101 -> 32 -> 86 -> 67 -> 47 -> 20,58 -> 101 -> 38 -> 86 -> 67 -> 47,5,1,2,0.833333,0.714286,0.769231
continuous_0027_S1_strategy2.npz,96 -> 73 -> 90 -> 31 -> 23 -> 10,96 -> 73 -> 90 -> 40 -> 24 -> 10,4,2,2,0.666667,0.666667,0.666667
continuous_0028_S1_strategy2.npz,18 -> 84 -> 85 -> 69 -> 59 -> 6 -> 99,18 -> 84 -> 85 -> 69 -> 50 -> 59 -> 6,2,5,5,0.285714,0.285714,0.285714
continuous_0029_S1_strategy2.npz,91 -> 64 -> 22 -> 75 -> 55 -> 39,91 -> 22 -> 75 -> 55,1,3,5,0.250000,0.166667,0.200000
continuous_0030_S1_strategy2.npz,74 -> 68 -> 34 -> 28 -> 42 -> 97 -> 0,24 -> 42 -> 97 -> 0,2,2,5,0.500000,0.285714,0.363636
continuous_0031_S1_strategy2.npz,14 -> 41 -> 93 -> 62 -> 24 -> 104 -> 83,14 -> 93 -> 24 -> 48 -> 104 -> 83,3,3,4,0.500000,0.428571,0.461538
continuous_0032_S1_strategy2.npz,4 -> 53 -> 100 -> 41 -> 63 -> 27 -> 11,4 -> 42 -> 100 -> 41 -> 63 -> 28,4,2,3,0.666667,0.571429,0.615385
continuous_0033_S1_strategy2.npz,62 -> 43 -> 23 -> 103 -> 2 -> 58,42 -> 43 -> 24 -> 103 -> 1 -> 58,1,5,5,0.166667,0.166667,0.166667
continuous_0034_S1_strategy2.npz,7 -> 48 -> 66 -> 25 -> 16 -> 93 -> 56,7 -> 48 -> 66 -> 16 -> 93 -> 56,6,0,1,1.000000,0.857143,0.923077
continuous_0035_S1_strategy2.npz,50 -> 12 -> 5 -> 70 -> 21 -> 76,45 -> 12 -> 5 -> 66 -> 21 -> 76,4,2,2,0.666667,0.666667,0.666667
continuous_0036_S1_strategy2.npz,57 -> 71 -> 17 -> 98 -> 30 -> 49,57 -> 71 -> 17 -> 98 -> 38,4,1,2,0.800000,0.666667,0.727273
continuous_0037_S1_strategy2.npz,88 -> 19 -> 103 -> 78 -> 52 -> 38 -> 45,88 -> 19 -> 103 -> 78 -> 52 -> 38 -> 45,5,2,2,0.714286,0.714286,0.714286
continuous_0038_S1_strategy2.npz,60 -> 19 -> 89 -> 6 -> 33 -> 51,60 -> 11 -> 89 -> 6,3,1,3,0.750000,0.500000,0.600000
continuous_0039_S1_strategy2.npz,94 -> 9 -> 8 -> 75 -> 87 -> 82 -> 37,94 -> 9 -> 75 -> 94 -> 87 -> 82,4,2,3,0.666667,0.571429,0.615385
continuous_0040_S1_strategy2.npz,81 -> 33 -> 46 -> 79 -> 58 -> 54 -> 77,81 -> 83 -> 58 -> 54,3,1,4,0.750000,0.428571,0.545455
continuous_0041_S1_strategy2.npz,40 -> 72,40 -> 72,2,0,0,1.000000,1.000000,1.000000
continuous_0042_S1_strategy2.npz,80,80,1,0,0,1.000000,1.000000,1.000000
continuous_0043_S2_strategy2.npz,2 -> 25 -> 19 -> 31 -> 100 -> 84 -> 70,44 -> 100 -> 97 -> 84,1,3,6,0.250000,0.142857,0.181818
continuous_0044_S2_strategy2.npz,96 -> 12 -> 54 -> 81 -> 1 -> 62,96 -> 11 -> 54 -> 81 -> 1,3,2,3,0.600000,0.500000,0.545455
continuous_0045_S2_strategy2.npz,103 -> 0 -> 65 -> 24 -> 41 -> 83 -> 12,103 -> 0 -> 65 -> 24 -> 83,5,0,2,1.000000,0.714286,0.833333
continuous_0046_S2_strategy2.npz,1 -> 14 -> 43 -> 101 -> 27 -> 72,1 -> 2 -> 14 -> 45 -> 78,1,4,5,0.200000,0.166667,0.181818
continuous_0047_S2_strategy2.npz,61 -> 99 -> 74 -> 29 -> 13 -> 9 -> 64,61 -> 99 -> 74 -> 81 -> 29 -> 13 -> 9,2,5,5,0.285714,0.285714,0.285714
continuous_0048_S2_strategy2.npz,16 -> 38 -> 48 -> 52 -> 69 -> 89 -> 3,16 -> 38 -> 48 -> 52 -> 69 -> 89 -> 3,7,0,0,1.000000,1.000000,1.000000
continuous_0049_S2_strategy2.npz,40 -> 21 -> 71 -> 51 -> 8 -> 61,71 -> 61,1,1,5,0.500000,0.166667,0.250000
continuous_0050_S2_strategy2.npz,33 -> 11 -> 54 -> 46 -> 7 -> 73,11 -> 55 -> 46 -> 44 -> 7 -> 73,1,5,5,0.166667,0.166667,0.166667
continuous_0051_S2_strategy2.npz,68 -> 56 -> 87 -> 17 -> 4 -> 79 -> 102,68 -> 56 -> 87 -> 17 -> 4 -> 79,5,1,2,0.833333,0.714286,0.769231
continuous_0052_S2_strategy2.npz,10 -> 66 -> 50 -> 35 -> 95 -> 22,66 -> 50 -> 95,3,0,3,1.000000,0.500000,0.666667
continuous_0053_S2_strategy2.npz,98 -> 19 -> 31 -> 42 -> 77 -> 63,98 -> 19 -> 63,2,1,4,0.666667,0.333333,0.444444
continuous_0054_S2_strategy2.npz,104 -> 39 -> 26 -> 85 -> 49 -> 6 -> 66,104 -> 85 -> 6 -> 66,3,1,4,0.750000,0.428571,0.545455
continuous_0055_S2_strategy2.npz,90 -> 57 -> 20 -> 70 -> 14 -> 75,90 -> 57 -> 14 -> 70 -> 75,3,2,3,0.600000,0.500000,0.545455
continuous_0056_S2_strategy2.npz,67 -> 21 -> 37 -> 5 -> 80 -> 91 -> 58,67 -> 21 -> 80 -> 91 -> 58,4,1,3,0.800000,0.571429,0.666667
continuous_0057_S2_strategy2.npz,50 -> 65 -> 4 -> 40 -> 16 -> 59,50 -> 65 -> 4 -> 39 -> 16,3,2,3,0.600000,0.500000,0.545455
continuous_0058_S2_strategy2.npz,17 -> 97 -> 90 -> 60 -> 75 -> 47 -> 34,17 -> 97 -> 90 -> 60 -> 75 -> 47,6,0,1,1.000000,0.857143,0.923077
continuous_0059_S2_strategy2.npz,15 -> 45 -> 102 -> 76 -> 28 -> 30 -> 57,15 -> 45 -> 102 -> 76 -> 57,4,1,3,0.800000,0.571429,0.666667
continuous_0060_S2_strategy2.npz,18 -> 82 -> 44 -> 32 -> 97 -> 55,18 -> 82 -> 44 -> 32 -> 97,4,1,2,0.800000,0.666667,0.727273
continuous_0061_S2_strategy2.npz,53 -> 88 -> 23 -> 36 -> 46 -> 72,53 -> 88 -> 23 -> 46 -> 72,3,2,3,0.600000,0.500000,0.545455
continuous_0062_S2_strategy2.npz,86 -> 93 -> 88 -> 92 -> 94 -> 78,86 -> 93 -> 88 -> 92 -> 94 -> 92 -> 73,2,5,4,0.285714,0.333333,0.307692
continuous_0063_S3_strategy2.npz,49 -> 66 -> 80 -> 37 -> 1 -> 19 -> 93,66 -> 80 -> 38 -> 15 -> 93,2,3,5,0.400000,0.285714,0.333333
continuous_0064_S3_strategy2.npz,2 -> 14 -> 21 -> 82 -> 40 -> 56 -> 104,1 -> 2 -> 14 -> 21 -> 82 -> 40 -> 56 -> 104,7,1,0,0.875000,1.000000,0.933333
continuous_0065_S3_strategy2.npz,95 -> 79 -> 11 -> 27 -> 9 -> 55,95 -> 11 -> 9 -> 55,4,0,2,1.000000,0.666667,0.800000
continuous_0066_S3_strategy2.npz,57 -> 46 -> 24 -> 63 -> 2 -> 10 -> 84,57 -> 46 -> 44 -> 24 -> 63 -> 84,2,4,5,0.333333,0.285714,0.307692
continuous_0067_S3_strategy2.npz,74 -> 88 -> 53 -> 15 -> 6 -> 68 -> 51,81 -> 88 -> 15 -> 6,3,1,4,0.750000,0.428571,0.545455
continuous_0068_S3_strategy2.npz,8 -> 85 -> 47 -> 36 -> 75 -> 62 -> 25,85 -> 47 -> 75,3,0,4,1.000000,0.428571,0.600000
continuous_0069_S3_strategy2.npz,99 -> 7 -> 93 -> 17 -> 28 -> 82 -> 32,99 -> 7 -> 93 -> 17 -> 13 -> 82 -> 38,4,3,3,0.571429,0.571429,0.571429
continuous_0070_S3_strategy2.npz,13 -> 91 -> 76 -> 3 -> 45 -> 39 -> 67,13 -> 76 -> 3 -> 45 -> 38 -> 67,4,2,3,0.666667,0.571429,0.615385
continuous_0071_S3_strategy2.npz,70 -> 61 -> 47 -> 40 -> 88 -> 101,70 -> 61 -> 47 -> 40 -> 88 -> 101,6,0,0,1.000000,1.000000,1.000000
continuous_0072_S3_strategy2.npz,43 -> 18 -> 59 -> 65 -> 23 -> 37,18 -> 59,1,1,5,0.500000,0.166667,0.250000
continuous_0073_S3_strategy2.npz,58 -> 50 -> 41 -> 96 -> 22 -> 80 -> 92,58 -> 50 -> 38 -> 96 -> 80 -> 92,4,2,3,0.666667,0.571429,0.615385
continuous_0074_S3_strategy2.npz,89 -> 17 -> 20 -> 71 -> 58 -> 42 -> 31,89 -> 17 -> 20 -> 71 -> 58 -> 42,5,1,2,0.833333,0.714286,0.769231
continuous_0075_S3_strategy2.npz,90 -> 64 -> 0 -> 20 -> 73 -> 44 -> 98,90 -> 0 -> 73 -> 44,4,0,3,1.000000,0.571429,0.727273
continuous_0076_S3_strategy2.npz,48 -> 12 -> 72 -> 26 -> 97 -> 69,48 -> 72 -> 14 -> 97 -> 69,4,1,2,0.800000,0.666667,0.727273
continuous_0077_S3_strategy2.npz,29 -> 12 -> 87 -> 77 -> 60 -> 100 -> 33,87 -> 77 -> 60 -> 100,2,2,5,0.500000,0.285714,0.363636
continuous_0078_S3_strategy2.npz,86 -> 103 -> 26 -> 18 -> 54 -> 35 -> 74,86 -> 18 -> 81,2,1,5,0.666667,0.285714,0.400000
continuous_0079_S3_strategy2.npz,102 -> 16 -> 57 -> 5 -> 30 -> 81,16 -> 57 -> 5 -> 81,2,2,4,0.500000,0.333333,0.400000
continuous_0080_S3_strategy2.npz,15 -> 96 -> 34 -> 59 -> 94 -> 4 -> 77,15 -> 96 -> 59 -> 58 -> 94 -> 77,5,1,2,0.833333,0.714286,0.769231
continuous_0081_S3_strategy2.npz,83 -> 61 -> 78 -> 52 -> 53 -> 38 -> 60,83 -> 61 -> 52 -> 70 -> 38 -> 60,5,1,2,0.833333,0.714286,0.769231
continuous_0082_S3_strategy2.npz,72,,0,0,1,0.000000,0.000000,0.000000
continuous_0083_S3_strategy2.npz,73,,0,0,1,0.000000,0.000000,0.000000
continuous_0084_S4_strategy2.npz,64 -> 1 -> 22 -> 53 -> 94 -> 101 -> 81,64 -> 22 -> 57 -> 94 -> 101 -> 98 -> 81,2,5,5,0.285714,0.285714,0.285714
continuous_0085_S4_strategy2.npz,14 -> 56 -> 94 -> 21 -> 1 -> 62,14 -> 56 -> 94 -> 21 -> 1 -> 62,5,1,1,0.833333,0.833333,0.833333
continuous_0086_S4_strategy2.npz,34 -> 1 -> 58 -> 81 -> 19 -> 20 -> 64,34 -> 1 -> 81 -> 9 -> 16 -> 20 -> 64 -> 65,3,5,4,0.375000,0.428571,0.400000
continuous_0087_S4_strategy2.npz,63 -> 99 -> 91 -> 40 -> 8 -> 54,63 -> 99 -> 91 -> 40 -> 8,5,0,1,1.000000,0.833333,0.909091
continuous_0088_S4_strategy2.npz,81 -> 17 -> 68 -> 95 -> 8 -> 49 -> 90,81 -> 17 -> 68 -> 95 -> 49 -> 90,5,1,2,0.833333,0.714286,0.769231
continuous_0089_S4_strategy2.npz,24 -> 71 -> 78 -> 101 -> 6 -> 38 -> 17,24 -> 71 -> 73 -> 6 -> 38 -> 17,5,1,2,0.833333,0.714286,0.769231
continuous_0090_S4_strategy2.npz,55 -> 78 -> 51 -> 99 -> 71 -> 23,55 -> 78 -> 99 -> 71 -> 23,4,1,2,0.800000,0.666667,0.727273
continuous_0091_S4_strategy2.npz,35 -> 16 -> 0 -> 98 -> 71 -> 79,37 -> 9 -> 0 -> 98 -> 71,3,2,3,0.600000,0.500000,0.545455
continuous_0092_S4_strategy2.npz,27 -> 8 -> 76 -> 69 -> 58 -> 37 -> 96,27 -> 8 -> 76 -> 69 -> 57 -> 58 -> 96,3,4,4,0.428571,0.428571,0.428571
continuous_0093_S4_strategy2.npz,93 -> 53 -> 97 -> 19 -> 81 -> 36 -> 66,93 -> 97 -> 81 -> 66,4,0,3,1.000000,0.571429,0.727273
continuous_0094_S4_strategy2.npz,32 -> 25 -> 62 -> 99 -> 59 -> 19 -> 51,32 -> 25 -> 14 -> 62 -> 99 -> 59 -> 19 -> 51,6,2,1,0.750000,0.857143,0.800000
continuous_0095_S4_strategy2.npz,84 -> 55 -> 69 -> 101 -> 32 -> 91 -> 43,84 -> 55 -> 69 -> 101 -> 98 -> 32 -> 91 -> 43,5,3,2,0.625000,0.714286,0.666667
continuous_0096_S4_strategy2.npz,69 -> 10 -> 83 -> 4 -> 103 -> 34,69 -> 83 -> 4 -> 34,4,0,2,1.000000,0.666667,0.800000
continuous_0097_S4_strategy2.npz,45 -> 22 -> 100 -> 84 -> 57 -> 2 -> 18,45 -> 22 -> 100 -> 84 -> 57 -> 2 -> 18,7,0,0,1.000000,1.000000,1.000000
continuous_0098_S4_strategy2.npz,99 -> 77 -> 14 -> 60 -> 6 -> 24,99 -> 77 -> 14 -> 60 -> 6 -> 24,6,0,0,1.000000,1.000000,1.000000
continuous_0099_S4_strategy2.npz,9 -> 84 -> 17 -> 67 -> 45 -> 60 -> 22,9 -> 84 -> 17 -> 67 -> 45 -> 60 -> 21,6,1,1,0.857143,0.857143,0.857143
continuous_0100_S4_strategy2.npz,16 -> 28 -> 63 -> 85 -> 80 -> 54 -> 39,16 -> 28 -> 63 -> 85 -> 80 -> 41,5,1,2,0.833333,0.714286,0.769231
continuous_0101_S4_strategy2.npz,26 -> 71 -> 3 -> 73 -> 54 -> 14,26 -> 71 -> 3 -> 73 -> 54 -> 14,5,1,1,0.833333,0.833333,0.833333
continuous_0102_S4_strategy2.npz,19 -> 25 -> 85 -> 36 -> 47 -> 0 -> 54,21 -> 25 -> 85 -> 47 -> 0,0,5,7,0.000000,0.000000,0.000000
continuous_0103_S4_strategy2.npz,62 -> 6 -> 74 -> 26 -> 49 -> 52,62 -> 6 -> 74 -> 74 -> 49 -> 52,3,3,3,0.500000,0.500000,0.500000
continuous_0104_S4_strategy2.npz,19 -> 8 -> 32 -> 84 -> 20 -> 96,19 -> 9 -> 8 -> 32 -> 84 -> 96,3,3,3,0.500000,0.500000,0.500000
continuous_0105_S4_strategy2.npz,45 -> 17 -> 97 -> 60 -> 78 -> 35,45 -> 17 -> 97 -> 60 -> 78,5,0,1,1.000000,0.833333,0.909091
continuous_0106_S4_strategy2.npz,95 -> 27 -> 51 -> 87 -> 69 -> 16 -> 1,95 -> 27 -> 51 -> 87 -> 63 -> 16 -> 1,5,2,2,0.714286,0.714286,0.714286
continuous_0107_S4_strategy2.npz,20 -> 2 -> 12 -> 89 -> 41 -> 60,20 -> 2 -> 3 -> 89 -> 41 -> 60,4,2,2,0.666667,0.666667,0.666667
continuous_0108_S4_strategy2.npz,50 -> 82 -> 6 -> 92 -> 100 -> 37,50 -> 82 -> 6 -> 100,2,2,4,0.500000,0.333333,0.400000
continuous_0109_S4_strategy2.npz,23 -> 51 -> 30 -> 13 -> 1 -> 92 -> 62,23 -> 30 -> 13 -> 92 -> 62,4,1,3,0.800000,0.571429,0.666667
continuous_0110_S4_strategy2.npz,98 -> 36 -> 77 -> 3 -> 52 -> 92 -> 44,98 -> 77 -> 3 -> 52 -> 92 -> 44,6,0,1,1.000000,0.857143,0.923077
continuous_0111_S4_strategy2.npz,43 -> 103 -> 65 -> 35 -> 26 -> 2,43 -> 65,1,1,5,0.500000,0.166667,0.250000
continuous_0112_S4_strategy2.npz,16 -> 78 -> 63 -> 0 -> 21 -> 103 -> 31,16 -> 78 -> 63 -> 0 -> 21 -> 103 -> 31,6,1,1,0.857143,0.857143,0.857143
continuous_0113_S4_strategy2.npz,80 -> 104 -> 22 -> 45 -> 17 -> 36,80 -> 22 -> 45 -> 17,2,2,4,0.500000,0.333333,0.400000
continuous_0114_S4_strategy2.npz,9 -> 25 -> 74 -> 63 -> 13 -> 96,9 -> 44 -> 63 -> 3 -> 13 -> 96,3,3,3,0.500000,0.500000,0.500000
continuous_0115_S4_strategy2.npz,44 -> 94 -> 8 -> 40 -> 28 -> 61,44 -> 94 -> 8 -> 40 -> 97 -> 61,4,2,2,0.666667,0.666667,0.666667
continuous_0116_S4_strategy2.npz,95 -> 5 -> 77 -> 28 -> 11 -> 68,95 -> 5 -> 77 -> 11,4,0,2,1.000000,0.666667,0.800000
continuous_0117_S4_strategy2.npz,48 -> 85 -> 103 -> 16 -> 69 -> 83 -> 7,48 -> 85 -> 103 -> 16 -> 69 -> 83,5,1,2,0.833333,0.714286,0.769231
continuous_0118_S4_strategy2.npz,11 -> 98 -> 64 -> 49 -> 38 -> 60 -> 2,98 -> 65 -> 49 -> 38 -> 60 -> 2,3,3,4,0.500000,0.428571,0.461538
continuous_0119_S4_strategy2.npz,43 -> 60 -> 19 -> 9 -> 94 -> 21,43 -> 60 -> 9 -> 94 -> 21,5,0,1,1.000000,0.833333,0.909091
continuous_0120_S4_strategy2.npz,7 -> 16 -> 90 -> 98 -> 81 -> 26,7 -> 16 -> 90 -> 98 -> 81,5,0,1,1.000000,0.833333,0.909091
continuous_0121_S4_strategy2.npz,71 -> 80 -> 0 -> 45 -> 16 -> 102 -> 52,71 -> 80 -> 0 -> 45 -> 16 -> 102 -> 52,7,0,0,1.000000,1.000000,1.000000
continuous_0122_S4_strategy2.npz,57 -> 81 -> 5 -> 30 -> 44 -> 68,57 -> 81 -> 85 -> 5 -> 30 -> 44,4,2,2,0.666667,0.666667,0.666667
continuous_0123_S4_strategy2.npz,42 -> 34 -> 9 -> 15 -> 67 -> 73,42 -> 34 -> 9 -> 15 -> 67 -> 73,3,3,3,0.500000,0.500000,0.500000
continuous_0124_S4_strategy2.npz,77 -> 90 -> 31 -> 28 -> 102 -> 7,77 -> 90 -> 31 -> 28 -> 102 -> 7,5,1,1,0.833333,0.833333,0.833333
continuous_0125_S4_strategy2.npz,73 -> 58 -> 47 -> 93 -> 30 -> 64,73 -> 58 -> 47 -> 93 -> 30 -> 64,6,0,0,1.000000,1.000000,1.000000
continuous_0126_S4_strategy2.npz,18 -> 5 -> 70 -> 27 -> 83 -> 86 -> 41,18 -> 5 -> 70 -> 83 -> 86 -> 41,5,1,2,0.833333,0.714286,0.769231
continuous_0127_S4_strategy2.npz,60 -> 28 -> 1 -> 39 -> 42 -> 102 -> 70,60 -> 1 -> 38 -> 102 -> 70,3,2,4,0.600000,0.428571,0.500000
continuous_0128_S4_strategy2.npz,14 -> 25 -> 38 -> 89 -> 56 -> 99,25 -> 38 -> 38 -> 89 -> 56 -> 99,4,2,2,0.666667,0.666667,0.666667
continuous_0129_S4_strategy2.npz,74 -> 94 -> 33 -> 67 -> 25 -> 8 -> 19,67 -> 74 -> 94 -> 33 -> 67 -> 21 -> 8,5,2,2,0.714286,0.714286,0.714286
continuous_0130_S4_strategy2.npz,86 -> 79 -> 58 -> 36 -> 5 -> 42,86 -> 58 -> 37 -> 5 -> 42,3,2,3,0.600000,0.500000,0.545455
continuous_0131_S4_strategy2.npz,4 -> 33 -> 68 -> 21 -> 55 -> 49 -> 72,4 -> 33 -> 20 -> 49 -> 72,4,1,3,0.800000,0.571429,0.666667
continuous_0132_S4_strategy2.npz,45 -> 68 -> 82 -> 52 -> 88 -> 33 -> 17,45 -> 82 -> 52 -> 88 -> 33 -> 17,4,2,3,0.666667,0.571429,0.615385
continuous_0133_S4_strategy2.npz,26 -> 80 -> 100 -> 66 -> 42 -> 5,80 -> 100 -> 66,0,3,6,0.000000,0.000000,0.000000
continuous_0134_S4_strategy2.npz,89 -> 3 -> 21 -> 95 -> 48 -> 69,89 -> 3 -> 21 -> 95 -> 48 -> 69,6,0,0,1.000000,1.000000,1.000000
continuous_0135_S4_strategy2.npz,65 -> 87 -> 9 -> 49 -> 97 -> 20 -> 30,65 -> 87 -> 9 -> 49 -> 97 -> 30,5,1,2,0.833333,0.714286,0.769231
continuous_0136_S4_strategy2.npz,84 -> 65 -> 56 -> 101 -> 85 -> 44,84 -> 65 -> 56 -> 101 -> 85 -> 44,6,0,0,1.000000,1.000000,1.000000
continuous_0137_S4_strategy2.npz,101 -> 50 -> 76 -> 5 -> 70 -> 14 -> 61,101 -> 76 -> 5 -> 70 -> 14 -> 61,5,1,2,0.833333,0.714286,0.769231
continuous_0138_S4_strategy2.npz,29 -> 40 -> 90 -> 14 -> 76 -> 61,40 -> 90 -> 76 -> 61,2,2,4,0.500000,0.333333,0.400000
continuous_0139_S4_strategy2.npz,55 -> 102 -> 14 -> 3 -> 42 -> 24,55 -> 102 -> 14 -> 3 -> 42 -> 24,4,2,2,0.666667,0.666667,0.666667
continuous_0140_S4_strategy2.npz,18 -> 68 -> 46 -> 57 -> 98 -> 23,18 -> 68 -> 46 -> 66 -> 98 -> 23,2,4,4,0.333333,0.333333,0.333333
continuous_0141_S4_strategy2.npz,63 -> 3 -> 82 -> 15 -> 29 -> 100,63 -> 3 -> 82 -> 100,3,1,3,0.750000,0.500000,0.600000
continuous_0142_S4_strategy2.npz,57 -> 23 -> 5 -> 85 -> 50 -> 31 -> 17,57 -> 23 -> 5 -> 85 -> 50 -> 31,6,0,1,1.000000,0.857143,0.923077
continuous_0143_S4_strategy2.npz,73 -> 86 -> 100 -> 18 -> 31 -> 47,73 -> 86 -> 100 -> 18 -> 17 -> 49 -> 47,3,4,3,0.428571,0.500000,0.461538
continuous_0144_S4_strategy2.npz,13 -> 86 -> 69 -> 24 -> 81 -> 43,13 -> 86 -> 69 -> 57 -> 24 -> 81 -> 43,4,3,2,0.571429,0.666667,0.615385
continuous_0145_S4_strategy2.npz,15 -> 94 -> 82 -> 30 -> 50 -> 29 -> 100,15 -> 94 -> 82 -> 100,4,0,3,1.000000,0.571429,0.727273
continuous_0146_S4_strategy2.npz,43 -> 88 -> 53 -> 2 -> 97 -> 80 -> 67,43 -> 88 -> 53 -> 97 -> 80,4,1,3,0.800000,0.571429,0.666667
continuous_0147_S4_strategy2.npz,8 -> 21 -> 50 -> 10 -> 101 -> 36,8 -> 21 -> 50 -> 101,2,2,4,0.500000,0.333333,0.400000
continuous_0148_S4_strategy2.npz,104 -> 92 -> 47 -> 68 -> 12 -> 28,104 -> 47 -> 68 -> 13,3,1,3,0.750000,0.500000,0.600000
continuous_0149_S4_strategy2.npz,99 -> 46 -> 78 -> 4 -> 15 -> 37,99 -> 44 -> 78 -> 4 -> 15 -> 37,4,2,2,0.666667,0.666667,0.666667
continuous_0150_S4_strategy2.npz,104 -> 13 -> 86 -> 3 -> 33 -> 62,13 -> 86 -> 3 -> 62,1,3,5,0.250000,0.166667,0.200000
continuous_0151_S4_strategy2.npz,89 -> 59 -> 96 -> 25 -> 68 -> 46,89 -> 59 -> 96 -> 25 -> 44,3,2,3,0.600000,0.500000,0.545455
continuous_0152_S4_strategy2.npz,91 -> 55 -> 20 -> 0 -> 44 -> 79 -> 64,91 -> 55 -> 0 -> 44 -> 62 -> 64,5,1,2,0.833333,0.714286,0.769231
continuous_0153_S4_strategy2.npz,18 -> 51 -> 99 -> 93 -> 67 -> 25,18 -> 51 -> 99 -> 93 -> 67 -> 63,3,3,3,0.500000,0.500000,0.500000
continuous_0154_S4_strategy2.npz,103 -> 74 -> 42 -> 40 -> 12 -> 70 -> 92,74 -> 42 -> 40 -> 3 -> 70,3,2,4,0.600000,0.428571,0.500000
continuous_0155_S4_strategy2.npz,51 -> 93 -> 29 -> 16 -> 65 -> 104 -> 38,51 -> 63 -> 93 -> 16 -> 65 -> 38,0,6,7,0.000000,0.000000,0.000000
continuous_0156_S4_strategy2.npz,38 -> 57 -> 103 -> 66 -> 79 -> 91,38 -> 57 -> 98 -> 66 -> 91,4,1,2,0.800000,0.666667,0.727273
continuous_0157_S4_strategy2.npz,74 -> 62 -> 87 -> 97 -> 20 -> 47,74 -> 62 -> 87 -> 97 -> 47,5,0,1,1.000000,0.833333,0.909091
continuous_0158_S4_strategy2.npz,61 -> 77 -> 71 -> 33 -> 44 -> 104,61 -> 71 -> 33 -> 44,3,1,3,0.750000,0.500000,0.600000
continuous_0159_S4_strategy2.npz,97 -> 27 -> 6 -> 11 -> 92 -> 49,97 -> 13 -> 6,1,2,5,0.333333,0.166667,0.222222
continuous_0160_S4_strategy2.npz,32 -> 65 -> 50 -> 86 -> 0 -> 13 -> 96,32 -> 65 -> 50 -> 86 -> 3 -> 13,5,1,2,0.833333,0.714286,0.769231
continuous_0161_S4_strategy2.npz,48 -> 84 -> 58 -> 89 -> 29 -> 6,48 -> 84 -> 58 -> 89 -> 6,4,1,2,0.800000,0.666667,0.727273
continuous_0162_S4_strategy2.npz,10 -> 63 -> 29 -> 103 -> 8 -> 32 -> 48,10 -> 63 -> 29 -> 103 -> 8 -> 32,2,4,5,0.333333,0.285714,0.307692
continuous_0163_S4_strategy2.npz,83 -> 88 -> 59 -> 36 -> 7 -> 10,83 -> 88 -> 59,1,2,5,0.333333,0.166667,0.222222
continuous_0164_S4_strategy2.npz,91 -> 23 -> 69 -> 53 -> 3 -> 46,91 -> 23 -> 69 -> 53 -> 3 -> 44,4,2,2,0.666667,0.666667,0.666667
continuous_0165_S4_strategy2.npz,99 -> 61 -> 88 -> 11 -> 23 -> 42,99 -> 61 -> 88 -> 42,3,1,3,0.750000,0.500000,0.600000
continuous_0166_S4_strategy2.npz,46 -> 59 -> 24 -> 102 -> 7 -> 34,46 -> 59 -> 24 -> 23 -> 102 -> 7 -> 34,4,3,2,0.571429,0.666667,0.615385
continuous_0167_S4_strategy2.npz,35 -> 73 -> 54 -> 26 -> 4 -> 90 -> 50,73 -> 54 -> 4 -> 90 -> 50,1,4,6,0.200000,0.142857,0.166667
continuous_0168_S4_strategy2.npz,22 -> 93 -> 3 -> 54 -> 66 -> 104 -> 75,20 -> 93 -> 3 -> 66 -> 104 -> 5 -> 75,3,4,4,0.428571,0.428571,0.428571
continuous_0169_S4_strategy2.npz,27 -> 90 -> 78 -> 40 -> 7 -> 49 -> 64,90 -> 78 -> 40 -> 49 -> 64,2,3,5,0.400000,0.285714,0.333333
continuous_0170_S4_strategy2.npz,48 -> 1 -> 55 -> 38 -> 89 -> 16 -> 104,48 -> 1 -> 38 -> 89 -> 16 -> 9 -> 104,3,4,4,0.428571,0.428571,0.428571
continuous_0171_S4_strategy2.npz,96 -> 32 -> 71 -> 87 -> 6 -> 80,96 -> 32 -> 71 -> 87 -> 6 -> 80,5,1,1,0.833333,0.833333,0.833333
continuous_0172_S4_strategy2.npz,9 -> 79 -> 13 -> 35 -> 96 -> 55,9 -> 79 -> 76 -> 13 -> 36 -> 96,1,5,5,0.166667,0.166667,0.166667
continuous_0173_S4_strategy2.npz,52 -> 12 -> 4 -> 34 -> 46 -> 87 -> 71,52 -> 3 -> 4 -> 34 -> 46 -> 87 -> 71,5,2,2,0.714286,0.714286,0.714286
continuous_0174_S4_strategy2.npz,43 -> 2 -> 98 -> 30 -> 58 -> 87 -> 65,43 -> 98 -> 30 -> 31 -> 58 -> 87 -> 63,3,4,4,0.428571,0.428571,0.428571
continuous_0175_S4_strategy2.npz,85 -> 98 -> 41 -> 5 -> 75 -> 46 -> 66,85 -> 98 -> 41 -> 5 -> 75 -> 46 -> 44 -> 66,5,3,2,0.625000,0.714286,0.666667
continuous_0176_S4_strategy2.npz,91 -> 46 -> 65 -> 15 -> 83 -> 95 -> 61,91 -> 44 -> 65 -> 15 -> 83 -> 95 -> 98 -> 61,4,4,3,0.500000,0.571429,0.533333
continuous_0177_S4_strategy2.npz,37 -> 63 -> 13 -> 93 -> 100 -> 47 -> 55,31 -> 63 -> 13 -> 100 -> 47,3,2,4,0.600000,0.428571,0.500000
continuous_0178_S4_strategy2.npz,48 -> 88 -> 2 -> 95 -> 11 -> 52,48 -> 88 -> 2 -> 95 -> 11,5,0,1,1.000000,0.833333,0.909091
continuous_0179_S4_strategy2.npz,73 -> 50 -> 95 -> 88 -> 70 -> 6 -> 35,73 -> 50 -> 95 -> 88 -> 70 -> 6,6,0,1,1.000000,0.857143,0.923077
continuous_0180_S4_strategy2.npz,54 -> 96 -> 10 -> 63 -> 72 -> 2,96 -> 63 -> 72 -> 2,2,2,4,0.500000,0.333333,0.400000
continuous_0181_S4_strategy2.npz,47 -> 17 -> 100 -> 60 -> 39 -> 4,47 -> 17 -> 100 -> 60 -> 39 -> 38 -> 4,4,3,2,0.571429,0.666667,0.615385
continuous_0182_S4_strategy2.npz,12 -> 102 -> 56 -> 67 -> 78 -> 51 -> 7,3 -> 102 -> 56 -> 67 -> 63 -> 78 -> 7,3,4,4,0.428571,0.428571,0.428571
continuous_0183_S4_strategy2.npz,0 -> 80 -> 35 -> 98 -> 70 -> 13 -> 45,0 -> 80 -> 98 -> 66 -> 13 -> 45,5,1,2,0.833333,0.714286,0.769231
continuous_0184_S4_strategy2.npz,95 -> 9 -> 64 -> 15 -> 39 -> 54 -> 82,95 -> 9 -> 64 -> 15 -> 39 -> 82,6,0,1,1.000000,0.857143,0.923077
continuous_0185_S4_strategy2.npz,58 -> 18 -> 1 -> 62 -> 97 -> 33,58 -> 18 -> 62 -> 97 -> 33,4,1,2,0.800000,0.666667,0.727273
continuous_0186_S4_strategy2.npz,40 -> 59 -> 64 -> 78 -> 48 -> 97 -> 8,40 -> 59 -> 64 -> 78 -> 73 -> 48 -> 97 -> 8,7,1,0,0.875000,1.000000,0.933333
continuous_0187_S4_strategy2.npz,62 -> 37 -> 7 -> 61 -> 17 -> 47 -> 101,62 -> 37 -> 41 -> 7 -> 61 -> 17 -> 47 -> 101,6,2,1,0.750000,0.857143,0.800000
continuous_0188_S4_strategy2.npz,51 -> 67 -> 11 -> 59 -> 33 -> 101,51 -> 67 -> 59 -> 33 -> 101,4,1,2,0.800000,0.666667,0.727273
continuous_0189_S4_strategy2.npz,18 -> 102 -> 39 -> 56 -> 44 -> 83 -> 4,18 -> 102 -> 40 -> 56 -> 44 -> 83 -> 4,5,2,2,0.714286,0.714286,0.714286
continuous_0190_S4_strategy2.npz,59 -> 77 -> 10 -> 104 -> 4 -> 49 -> 70,59 -> 72 -> 10 -> 4 -> 49 -> 70,5,1,2,0.833333,0.714286,0.769231
continuous_0191_S4_strategy2.npz,66 -> 53 -> 43 -> 72 -> 31 -> 17 -> 3,66 -> 53 -> 45 -> 72 -> 31 -> 17 -> 3,5,2,2,0.714286,0.714286,0.714286
continuous_0192_S4_strategy2.npz,65 -> 15 -> 0 -> 75 -> 41 -> 53,65 -> 1 -> 0 -> 75 -> 41 -> 57,3,3,3,0.500000,0.500000,0.500000
continuous_0193_S4_strategy2.npz,75 -> 31 -> 34 -> 41 -> 35 -> 30 -> 17,75 -> 31 -> 34 -> 41 -> 17,5,0,2,1.000000,0.714286,0.833333
continuous_0194_S4_strategy2.npz,11 -> 48 -> 84 -> 70 -> 56 -> 39,48 -> 47 -> 48 -> 84 -> 70 -> 56 -> 39,3,4,3,0.428571,0.500000,0.461538
continuous_0195_S4_strategy2.npz,58 -> 52 -> 74 -> 34 -> 75 -> 66 -> 34,58 -> 52 -> 75 -> 66 -> 34,4,1,3,0.800000,0.571429,0.666667
continuous_0196_S4_strategy2.npz,53 -> 36 -> 75 -> 33 -> 83 -> 12 -> 41,57 -> 37 -> 75 -> 33 -> 83 -> 12 -> 41,4,3,3,0.571429,0.571429,0.571429
continuous_0197_S4_strategy2.npz,82 -> 14 -> 44 -> 57 -> 66 -> 31,82 -> 14 -> 44 -> 57 -> 66,4,1,2,0.800000,0.666667,0.727273
continuous_0198_S4_strategy2.npz,82 -> 77 -> 76 -> 15 -> 56 -> 76 -> 39,82 -> 77 -> 76 -> 15 -> 56 -> 76,5,1,2,0.833333,0.714286,0.769231
continuous_0199_S4_strategy2.npz,79 -> 42 -> 76 -> 57 -> 84 -> 61 -> 77,63 -> 42 -> 76 -> 57 -> 84 -> 61 -> 77,5,2,2,0.714286,0.714286,0.714286
continuous_0200_S4_strategy2.npz,67 -> 59 -> 45 -> 38 -> 72 -> 10,67 -> 59 -> 45 -> 38 -> 72,5,0,1,1.000000,0.833333,0.909091
continuous_0201_S4_strategy2.npz,18 -> 33 -> 40 -> 39 -> 37 -> 72 -> 34,18 -> 33 -> 40 -> 39 -> 38 -> 37 -> 72 -> 34,6,2,1,0.750000,0.857143,0.800000
continuous_0202_S4_strategy2.npz,80 -> 32 -> 73 -> 53 -> 72 -> 10 -> 57,32 -> 73 -> 57 -> 72 -> 57,3,2,4,0.600000,0.428571,0.500000
continuous_0203_S4_strategy2.npz,83 -> 16 -> 33 -> 82 -> 76 -> 74 -> 30,83 -> 16 -> 33 -> 82 -> 82 -> 84 -> 74 -> 33,4,4,3,0.500000,0.571429,0.533333
continuous_0204_S4_strategy2.npz,41 -> 11 -> 76 -> 74 -> 40 -> 12 -> 75,11 -> 76 -> 40 -> 3 -> 75,3,2,4,0.600000,0.428571,0.500000
continuous_0205_S4_strategy2.npz,32 -> 79 -> 79 -> 52 -> 81 -> 38 -> 75,32 -> 79 -> 52 -> 58 -> 81 -> 75,5,1,2,0.833333,0.714286,0.769231
continuous_0206_S4_strategy2.npz,56 -> 41 -> 72,56 -> 72,2,0,1,1.000000,0.666667,0.800000
continuous_0207_S4_strategy2.npz,73,73,1,0,0,1.000000,1.000000,1.000000
continuous_0208_S5_strategy2.npz,6 -> 30 -> 47 -> 12 -> 54 -> 95 -> 85,6 -> 47 -> 12 -> 54 -> 95 -> 85,5,1,2,0.833333,0.714286,0.769231
continuous_0209_S5_strategy2.npz,68 -> 7 -> 103 -> 55 -> 43 -> 94 -> 16,7 -> 55 -> 43 -> 94 -> 16,3,2,4,0.600000,0.428571,0.500000
continuous_0210_S5_strategy2.npz,43 -> 38 -> 93 -> 64 -> 97 -> 11 -> 6,38 -> 93 -> 97 -> 11 -> 6,5,0,2,1.000000,0.714286,0.833333
continuous_0211_S5_strategy2.npz,43 -> 87 -> 3 -> 22 -> 95 -> 81,87 -> 3 -> 95 -> 81,1,3,5,0.250000,0.166667,0.200000
continuous_0212_S5_strategy2.npz,65 -> 28 -> 33 -> 44 -> 17 -> 80 -> 61,65 -> 33 -> 44 -> 80 -> 61,4,1,3,0.800000,0.571429,0.666667
continuous_0213_S5_strategy2.npz,85 -> 12 -> 32 -> 67 -> 96 -> 78,85 -> 12 -> 67 -> 96 -> 73,3,2,3,0.600000,0.500000,0.545455
continuous_0214_S5_strategy2.npz,37 -> 81 -> 70 -> 87 -> 7 -> 57,37 -> 31 -> 81 -> 70 -> 87 -> 7 -> 57,6,1,0,0.857143,1.000000,0.923077
continuous_0215_S5_strategy2.npz,12 -> 93 -> 6 -> 53 -> 38 -> 25 -> 81,93 -> 6 -> 57 -> 38 -> 81,4,1,3,0.800000,0.571429,0.666667
continuous_0216_S5_strategy2.npz,21 -> 41 -> 100 -> 46 -> 58 -> 1,21 -> 41 -> 100 -> 44 -> 58,4,1,2,0.800000,0.666667,0.727273
continuous_0217_S5_strategy2.npz,45 -> 91 -> 78 -> 24 -> 102 -> 16,91 -> 73 -> 16,2,1,4,0.666667,0.333333,0.444444
continuous_0218_S5_strategy2.npz,79 -> 50 -> 85 -> 21 -> 9 -> 103 -> 18,50 -> 85 -> 21 -> 9 -> 16 -> 18,2,4,5,0.333333,0.285714,0.307692
continuous_0219_S5_strategy2.npz,48 -> 0 -> 52 -> 96 -> 62 -> 11 -> 37,48 -> 0 -> 11 -> 37,3,1,4,0.750000,0.428571,0.545455
continuous_0220_S5_strategy2.npz,50 -> 88 -> 31 -> 63 -> 16 -> 76,50 -> 88 -> 31 -> 16 -> 76,5,0,1,1.000000,0.833333,0.909091
continuous_0221_S5_strategy2.npz,83 -> 56 -> 97 -> 32 -> 25 -> 67,83 -> 56 -> 97 -> 32 -> 25 -> 67,5,1,1,0.833333,0.833333,0.833333
continuous_0222_S5_strategy2.npz,70 -> 19 -> 20 -> 40 -> 90 -> 102 -> 79,70 -> 20 -> 40 -> 90 -> 102 -> 79,5,1,2,0.833333,0.714286,0.769231
continuous_0223_S5_strategy2.npz,15 -> 8 -> 90 -> 38 -> 95 -> 49,90 -> 38 -> 95,2,1,4,0.666667,0.333333,0.444444
continuous_0224_S5_strategy2.npz,59 -> 43 -> 102 -> 79 -> 86 -> 14,43 -> 79 -> 86,3,0,3,1.000000,0.500000,0.666667
continuous_0225_S5_strategy2.npz,37 -> 95 -> 49 -> 72 -> 86 -> 54 -> 28,95 -> 72 -> 86,3,0,4,1.000000,0.428571,0.600000
continuous_0226_S5_strategy2.npz,84 -> 54 -> 91 -> 48 -> 10 -> 103 -> 69,84 -> 91 -> 48 -> 103 -> 69,5,0,2,1.000000,0.714286,0.833333
continuous_0227_S5_strategy2.npz,13 -> 99 -> 66 -> 74 -> 47 -> 9,13 -> 66 -> 74 -> 47 -> 9,4,1,2,0.800000,0.666667,0.727273
continuous_0228_S5_strategy2.npz,60 -> 99 -> 35 -> 44 -> 26 -> 83,60 -> 99 -> 44 -> 25 -> 83,4,1,2,0.800000,0.666667,0.727273
continuous_0229_S5_strategy2.npz,71 -> 100 -> 73 -> 26 -> 45 -> 59,71 -> 100 -> 73 -> 26 -> 45 -> 59,6,0,0,1.000000,1.000000,1.000000
continuous_0230_S5_strategy2.npz,60 -> 35 -> 64 -> 82 -> 0 -> 28 -> 17,60 -> 82 -> 0 -> 17,3,1,4,0.750000,0.428571,0.545455
continuous_0231_S5_strategy2.npz,8 -> 90 -> 25 -> 81 -> 56 -> 101 -> 19,90 -> 81 -> 56 -> 101 -> 19,4,1,3,0.800000,0.571429,0.666667
continuous_0232_S5_strategy2.npz,17 -> 44 -> 3 -> 21 -> 58 -> 32 -> 103,17 -> 44 -> 3 -> 21 -> 58 -> 32 -> 103,7,0,0,1.000000,1.000000,1.000000
continuous_0233_S5_strategy2.npz,94 -> 9 -> 44 -> 38 -> 70 -> 72 -> 58,94 -> 9 -> 44 -> 70 -> 72 -> 58,6,0,1,1.000000,0.857143,0.923077
continuous_0234_S5_strategy2.npz,76 -> 0 -> 56 -> 62 -> 86 -> 21 -> 13,0 -> 56 -> 86 -> 92 -> 21 -> 13,1,5,6,0.166667,0.142857,0.153846
continuous_0235_S5_strategy2.npz,2 -> 42 -> 13 -> 60 -> 66 -> 97,2 -> 13 -> 66 -> 97,3,1,3,0.750000,0.500000,0.600000
continuous_0236_S5_strategy2.npz,19 -> 25 -> 63 -> 60 -> 35 -> 42 -> 3,19 -> 63 -> 60,3,0,4,1.000000,0.428571,0.600000
continuous_0237_S5_strategy2.npz,45 -> 101 -> 90 -> 41 -> 6 -> 19,45 -> 101 -> 90 -> 41 -> 6 -> 19,6,0,0,1.000000,1.000000,1.000000
continuous_0238_S5_strategy2.npz,76 -> 101 -> 14 -> 36 -> 87 -> 43 -> 61,76 -> 101 -> 89 -> 14 -> 87 -> 43 -> 61,4,3,3,0.571429,0.571429,0.571429
continuous_0239_S5_strategy2.npz,91 -> 1 -> 71 -> 51 -> 99 -> 26 -> 34,91 -> 2 -> 71 -> 99,1,3,6,0.250000,0.142857,0.181818
continuous_0240_S5_strategy2.npz,50 -> 102 -> 92 -> 70 -> 31 -> 17 -> 61,50 -> 102 -> 92 -> 70 -> 31 -> 17 -> 61,7,0,0,1.000000,1.000000,1.000000
continuous_0241_S5_strategy2.npz,29 -> 60 -> 97 -> 49 -> 5 -> 69 -> 86,60 -> 97 -> 49 -> 5 -> 69,3,2,4,0.600000,0.428571,0.500000
continuous_0242_S5_strategy2.npz,74 -> 30 -> 104 -> 57 -> 10 -> 86 -> 27,30 -> 104 -> 57 -> 10 -> 86 -> 92,2,4,5,0.333333,0.285714,0.307692
continuous_0243_S5_strategy2.npz,92 -> 97 -> 83 -> 37 -> 65 -> 16 -> 29,92 -> 97 -> 83 -> 65 -> 16,5,0,2,1.000000,0.714286,0.833333
continuous_0244_S5_strategy2.npz,53 -> 18 -> 73 -> 27 -> 68 -> 103,18 -> 73 -> 103,3,0,3,1.000000,0.500000,0.666667
continuous_0245_S5_strategy2.npz,99 -> 23 -> 83 -> 39 -> 15 -> 42 -> 92,83,1,0,6,1.000000,0.142857,0.250000
continuous_0246_S5_strategy2.npz,57 -> 89 -> 39 -> 51 -> 71 -> 24 -> 97,57 -> 71 -> 97,3,0,4,1.000000,0.428571,0.600000
continuous_0247_S5_strategy2.npz,98 -> 57 -> 82 -> 66 -> 44 -> 39 -> 91,57 -> 82 -> 66 -> 91,3,1,4,0.750000,0.428571,0.545455
continuous_0248_S5_strategy2.npz,69 -> 36 -> 29 -> 59 -> 8 -> 48 -> 18,69 -> 48 -> 18,1,2,6,0.333333,0.142857,0.200000
continuous_0249_S5_strategy2.npz,74 -> 96 -> 0 -> 48 -> 33 -> 61,74 -> 96 -> 0 -> 48 -> 61,5,0,1,1.000000,0.833333,0.909091
continuous_0250_S5_strategy2.npz,85 -> 12 -> 28 -> 47 -> 8 -> 30 -> 63,85 -> 12 -> 47 -> 8 -> 30,5,0,2,1.000000,0.714286,0.833333
continuous_0251_S5_strategy2.npz,80 -> 64 -> 96 -> 60 -> 36 -> 25,80 -> 96 -> 60,2,1,4,0.666667,0.333333,0.444444
continuous_0252_S5_strategy2.npz,72 -> 65 -> 89 -> 16 -> 24 -> 4,72 -> 65 -> 89 -> 16 -> 4,5,0,1,1.000000,0.833333,0.909091
continuous_0253_S5_strategy2.npz,3 -> 67 -> 97 -> 22 -> 44 -> 59 -> 89,67 -> 97 -> 22,2,1,5,0.666667,0.285714,0.400000
continuous_0254_S5_strategy2.npz,0 -> 86 -> 22 -> 43 -> 52 -> 67 -> 73,0 -> 22 -> 43 -> 73,3,1,4,0.750000,0.428571,0.545455
continuous_0255_S5_strategy2.npz,41 -> 87 -> 2 -> 15 -> 21 -> 70,41 -> 87 -> 2 -> 15 -> 21 -> 70,6,0,0,1.000000,1.000000,1.000000
continuous_0256_S5_strategy2.npz,35 -> 5 -> 52 -> 51 -> 20 -> 93 -> 80,5 -> 20 -> 80,3,0,4,1.000000,0.428571,0.600000
continuous_0257_S5_strategy2.npz,67 -> 44 -> 54 -> 88 -> 7 -> 15,67 -> 44 -> 88 -> 7,4,0,2,1.000000,0.666667,0.800000
continuous_0258_S5_strategy2.npz,101 -> 36 -> 45 -> 57 -> 2 -> 19 -> 21,101 -> 45 -> 57 -> 2 -> 19 -> 21,5,1,2,0.833333,0.714286,0.769231
continuous_0259_S5_strategy2.npz,92 -> 30 -> 19 -> 25 -> 100 -> 75 -> 45,92 -> 19 -> 100 -> 75 -> 45,5,0,2,1.000000,0.714286,0.833333
continuous_0260_S5_strategy2.npz,79 -> 26 -> 58 -> 33 -> 99 -> 10 -> 85,79 -> 26 -> 58 -> 99 -> 10 -> 85,4,2,3,0.666667,0.571429,0.615385
continuous_0261_S5_strategy2.npz,56 -> 81 -> 4 -> 104 -> 36 -> 93 -> 23,56 -> 4 -> 104,3,0,4,1.000000,0.428571,0.600000
continuous_0262_S5_strategy2.npz,23 -> 4 -> 51 -> 80 -> 17 -> 57 -> 85,80 -> 6 -> 17 -> 57 -> 85,2,3,5,0.400000,0.285714,0.333333
continuous_0263_S5_strategy2.npz,92 -> 101 -> 20 -> 35 -> 16 -> 46,92 -> 101 -> 20 -> 16 -> 46,4,1,2,0.800000,0.666667,0.727273
continuous_0264_S5_strategy2.npz,98 -> 59 -> 49 -> 29 -> 8 -> 63,98 -> 8,2,0,4,1.000000,0.333333,0.500000
continuous_0265_S5_strategy2.npz,6 -> 27 -> 66 -> 11 -> 104 -> 39 -> 78,6 -> 66 -> 11 -> 39 -> 78,5,0,2,1.000000,0.714286,0.833333
continuous_0266_S5_strategy2.npz,99 -> 47 -> 21 -> 13 -> 33 -> 92,99 -> 47 -> 13 -> 38 -> 92,4,1,2,0.800000,0.666667,0.727273
continuous_0267_S5_strategy2.npz,94 -> 100 -> 22 -> 62 -> 36 -> 50,94 -> 100 -> 21 -> 62 -> 50,4,1,2,0.800000,0.666667,0.727273
continuous_0268_S5_strategy2.npz,77 -> 62 -> 24 -> 12 -> 102 -> 42,,0,0,6,0.000000,0.000000,0.000000
continuous_0269_S5_strategy2.npz,50 -> 15 -> 23 -> 101 -> 54 -> 87 -> 69,50 -> 15 -> 101 -> 69,3,1,4,0.750000,0.428571,0.545455
continuous_0270_S5_strategy2.npz,104 -> 49 -> 61 -> 9 -> 17 -> 23 -> 87,9 -> 17 -> 87,2,1,5,0.666667,0.285714,0.400000
continuous_0271_S5_strategy2.npz,101 -> 93 -> 14 -> 38 -> 4 -> 46 -> 82,101 -> 93 -> 14 -> 4 -> 44 -> 82,5,1,2,0.833333,0.714286,0.769231
continuous_0272_S5_strategy2.npz,51 -> 88 -> 97 -> 28 -> 54 -> 75 -> 34,88 -> 97 -> 54 -> 75,4,0,3,1.000000,0.571429,0.727273
continuous_0273_S5_strategy2.npz,13 -> 4 -> 82 -> 65 -> 34 -> 53,13 -> 4 -> 82 -> 65,2,2,4,0.500000,0.333333,0.400000
continuous_0274_S5_strategy2.npz,90 -> 50 -> 3 -> 75 -> 17 -> 22,90 -> 50 -> 3 -> 75 -> 22,5,0,1,1.000000,0.833333,0.909091
continuous_0275_S5_strategy2.npz,27 -> 41 -> 1 -> 100 -> 12 -> 58,41 -> 2 -> 100 -> 58,3,1,3,0.750000,0.500000,0.600000
continuous_0276_S5_strategy2.npz,81 -> 91 -> 46 -> 58 -> 41 -> 23,91 -> 46 -> 58 -> 41,4,0,2,1.000000,0.666667,0.800000
continuous_0277_S5_strategy2.npz,27 -> 75 -> 10 -> 88 -> 70 -> 49 -> 96,75 -> 10 -> 88 -> 70 -> 96,4,1,3,0.800000,0.571429,0.666667
continuous_0278_S5_strategy2.npz,30 -> 22 -> 54 -> 96 -> 64 -> 14 -> 48,30 -> 22 -> 96 -> 14,3,1,4,0.750000,0.428571,0.545455
continuous_0279_S5_strategy2.npz,11 -> 98 -> 29 -> 40 -> 43 -> 74,11 -> 29 -> 40 -> 31 -> 43,2,3,4,0.400000,0.333333,0.363636
continuous_0280_S5_strategy2.npz,91 -> 50 -> 74 -> 95 -> 11 -> 9 -> 55,91 -> 50 -> 95 -> 11 -> 9 -> 55,6,0,1,1.000000,0.857143,0.923077
continuous_0281_S5_strategy2.npz,1 -> 67 -> 103 -> 14 -> 76 -> 26 -> 92,67 -> 76 -> 92,3,0,4,1.000000,0.428571,0.600000
continuous_0282_S5_strategy2.npz,16 -> 62 -> 32 -> 61 -> 98 -> 93 -> 7,16 -> 32 -> 61 -> 66 -> 7,4,1,3,0.800000,0.571429,0.666667
continuous_0283_S5_strategy2.npz,5 -> 103 -> 17 -> 32 -> 65 -> 20,40 -> 20,1,1,5,0.500000,0.166667,0.250000
continuous_0284_S5_strategy2.npz,88 -> 5 -> 39 -> 84 -> 102 -> 51 -> 26,88 -> 5 -> 40 -> 84 -> 93 -> 102,3,3,4,0.500000,0.428571,0.461538
continuous_0285_S5_strategy2.npz,102 -> 31 -> 53 -> 65 -> 3 -> 77,102 -> 31 -> 57 -> 3,3,1,3,0.750000,0.500000,0.600000
continuous_0286_S5_strategy2.npz,95 -> 38 -> 73 -> 19 -> 94 -> 24,95 -> 98 -> 38 -> 73 -> 94,2,3,4,0.400000,0.333333,0.363636
continuous_0287_S5_strategy2.npz,47 -> 20 -> 69 -> 90 -> 40 -> 55,47 -> 20 -> 69 -> 90 -> 40 -> 55,6,0,0,1.000000,1.000000,1.000000
continuous_0288_S5_strategy2.npz,62 -> 42 -> 11 -> 59 -> 36 -> 0 -> 88,88,1,0,6,1.000000,0.142857,0.250000
continuous_0289_S5_strategy2.npz,93 -> 57 -> 68 -> 10 -> 100 -> 4,93 -> 100 -> 4,2,1,4,0.666667,0.333333,0.444444
continuous_0290_S5_strategy2.npz,34 -> 5 -> 24 -> 83 -> 53 -> 89,5 -> 83 -> 57 -> 66 -> 89,2,3,4,0.400000,0.333333,0.363636
continuous_0291_S5_strategy2.npz,18 -> 55 -> 28 -> 9 -> 66 -> 94,18 -> 55 -> 9 -> 66 -> 94,4,1,2,0.800000,0.666667,0.727273
continuous_0292_S5_strategy2.npz,50 -> 37 -> 63 -> 27 -> 103 -> 14,50 -> 37 -> 14,3,0,3,1.000000,0.500000,0.666667
continuous_0293_S5_strategy2.npz,15 -> 31 -> 45 -> 75 -> 104 -> 26 -> 66,15 -> 37 -> 31 -> 45 -> 75 -> 104 -> 63,5,2,2,0.714286,0.714286,0.714286
continuous_0294_S5_strategy2.npz,5 -> 90 -> 46 -> 71 -> 55 -> 38 -> 80,90 -> 71 -> 55 -> 54 -> 38 -> 80,2,4,5,0.333333,0.285714,0.307692
continuous_0295_S5_strategy2.npz,104 -> 68 -> 49 -> 25 -> 7 -> 12,49 -> 44 -> 25 -> 7,1,3,5,0.250000,0.166667,0.200000
continuous_0296_S5_strategy2.npz,91 -> 29 -> 66 -> 15 -> 43 -> 34 -> 77,91 -> 66 -> 43,2,1,5,0.666667,0.285714,0.400000
continuous_0297_S5_strategy2.npz,32 -> 60 -> 99 -> 27 -> 18 -> 72 -> 46,32 -> 60 -> 99 -> 18 -> 72,5,0,2,1.000000,0.714286,0.833333
continuous_0298_S5_strategy2.npz,71 -> 30 -> 58 -> 94 -> 28 -> 45 -> 10,71 -> 30 -> 58 -> 94 -> 45 -> 10,3,3,4,0.500000,0.428571,0.461538
continuous_0299_S5_strategy2.npz,84 -> 98 -> 85 -> 56 -> 42 -> 2,84 -> 98 -> 85 -> 56 -> 2,4,1,2,0.800000,0.666667,0.727273
continuous_0300_S5_strategy2.npz,4 -> 19 -> 96 -> 58 -> 71 -> 48,4 -> 19 -> 96 -> 58 -> 71 -> 48,6,0,0,1.000000,1.000000,1.000000
continuous_0301_S5_strategy2.npz,57 -> 77 -> 92 -> 35 -> 18 -> 68 -> 25,92 -> 18,2,0,5,1.000000,0.285714,0.444444
continuous_0302_S5_strategy2.npz,23 -> 13 -> 87 -> 38 -> 1 -> 79,13 -> 87 -> 38 -> 79,4,0,2,1.000000,0.666667,0.800000
continuous_0303_S5_strategy2.npz,99 -> 8 -> 62 -> 31 -> 47 -> 89 -> 74,99 -> 8 -> 37 -> 31 -> 47 -> 89,5,1,2,0.833333,0.714286,0.769231
continuous_0304_S5_strategy2.npz,64 -> 87 -> 78 -> 54 -> 98 -> 48,87 -> 78 -> 73 -> 54 -> 48,1,4,5,0.200000,0.166667,0.181818
continuous_0305_S5_strategy2.npz,68 -> 89 -> 37 -> 20 -> 55 -> 16 -> 42,37 -> 20 -> 55 -> 16,2,2,5,0.500000,0.285714,0.363636
continuous_0306_S5_strategy2.npz,23 -> 90 -> 100 -> 49 -> 14 -> 30,90 -> 100 -> 14 -> 30,4,0,2,1.000000,0.666667,0.800000
continuous_0307_S5_strategy2.npz,70 -> 15 -> 72 -> 94 -> 9 -> 51 -> 95,70 -> 72 -> 94 -> 9 -> 95,5,0,2,1.000000,0.714286,0.833333
continuous_0308_S5_strategy2.npz,89 -> 12 -> 95 -> 39 -> 51 -> 55,3 -> 95 -> 39 -> 55,2,2,4,0.500000,0.333333,0.400000
continuous_0309_S5_strategy2.npz,2 -> 11 -> 101 -> 47 -> 53 -> 69,101 -> 47 -> 69,3,0,3,1.000000,0.500000,0.666667
continuous_0310_S5_strategy2.npz,20 -> 86 -> 96 -> 77 -> 3 -> 46,20 -> 86 -> 92 -> 3 -> 46,4,1,2,0.800000,0.666667,0.727273
continuous_0311_S5_strategy2.npz,100 -> 0 -> 91 -> 11 -> 28 -> 64,100 -> 0 -> 91 -> 11,3,1,3,0.750000,0.500000,0.600000
continuous_0312_S5_strategy2.npz,83 -> 8 -> 68 -> 56 -> 47 -> 102 -> 29,83 -> 56 -> 47,3,0,4,1.000000,0.428571,0.600000
continuous_0313_S5_strategy2.npz,98 -> 80 -> 18 -> 40 -> 61 -> 5,98 -> 80 -> 6 -> 18 -> 40 -> 61 -> 5,6,1,0,0.857143,1.000000,0.923077
continuous_0314_S5_strategy2.npz,42 -> 88 -> 29 -> 63 -> 30 -> 74 -> 13,88 -> 74 -> 13,2,1,5,0.666667,0.285714,0.400000
continuous_0315_S5_strategy2.npz,48 -> 2 -> 10 -> 98 -> 22 -> 37,48 -> 1 -> 2 -> 98 -> 22 -> 37,3,3,3,0.500000,0.500000,0.500000
continuous_0316_S5_strategy2.npz,46 -> 104 -> 52 -> 71 -> 82 -> 22 -> 1,46 -> 104 -> 71 -> 82 -> 22,5,0,2,1.000000,0.714286,0.833333
continuous_0317_S5_strategy2.npz,26 -> 52 -> 67 -> 104 -> 88 -> 13,44 -> 52 -> 67 -> 104 -> 88 -> 13,5,1,1,0.833333,0.833333,0.833333
continuous_0318_S5_strategy2.npz,53 -> 65 -> 44 -> 24 -> 14 -> 84 -> 94,65 -> 44 -> 14 -> 84 -> 94,3,2,4,0.600000,0.428571,0.500000
continuous_0319_S5_strategy2.npz,86 -> 84 -> 45 -> 10 -> 59 -> 68 -> 39,86 -> 84 -> 45 -> 10,1,3,6,0.250000,0.142857,0.181818
continuous_0320_S5_strategy2.npz,79 -> 3 -> 56 -> 18 -> 89 -> 69 -> 33,79 -> 3 -> 56 -> 18 -> 89 -> 69 -> 33,7,0,0,1.000000,1.000000,1.000000
continuous_0321_S5_strategy2.npz,61 -> 5 -> 66 -> 76 -> 85 -> 40,61 -> 5 -> 66 -> 85,3,1,3,0.750000,0.500000,0.600000
continuous_0322_S5_strategy2.npz,33 -> 34 -> 35 -> 31 -> 35 -> 79 -> 41,33 -> 34 -> 31 -> 79 -> 41,3,2,4,0.600000,0.428571,0.500000
continuous_0323_S5_strategy2.npz,72 -> 2 -> 81 -> 69 -> 75 -> 33 -> 77,72 -> 1 -> 75,2,1,5,0.666667,0.285714,0.400000
continuous_0324_S5_strategy2.npz,34 -> 0 -> 55 -> 52 -> 84 -> 74 -> 59,0 -> 55 -> 84,3,0,4,1.000000,0.428571,0.600000
continuous_0325_S5_strategy2.npz,77 -> 41 -> 56 -> 71 -> 7 -> 4 -> 76,41 -> 56 -> 71 -> 7 -> 4 -> 76,2,4,5,0.333333,0.285714,0.307692
continuous_0326_S5_strategy2.npz,40 -> 64 -> 36 -> 75 -> 78 -> 31 -> 73,40 -> 75 -> 31 -> 73,3,1,4,0.750000,0.428571,0.545455
continuous_0327_S5_strategy2.npz,63 -> 7 -> 83 -> 72 -> 1 -> 73 -> 33,7 -> 83 -> 72 -> 1 -> 73 -> 33,4,2,3,0.666667,0.571429,0.615385
continuous_0328_S5_strategy2.npz,67 -> 34 -> 2 -> 7 -> 76 -> 52 -> 70,34 -> 2 -> 7 -> 76 -> 66,3,2,4,0.600000,0.428571,0.500000
continuous_0329_S5_strategy2.npz,73 -> 84 -> 31 -> 80 -> 78 -> 72 -> 82,73 -> 84 -> 31 -> 80 -> 73 -> 72 -> 82,6,1,1,0.857143,0.857143,0.857143
continuous_0330_S5_strategy2.npz,82 -> 40 -> 80 -> 81 -> 78 -> 84 -> 37,82 -> 40 -> 80 -> 81 -> 70 -> 84 -> 37,6,1,1,0.857143,0.857143,0.857143
continuous_0331_S5_strategy2.npz,40 -> 41 -> 79 -> 60 -> 63 -> 0 -> 39,41 -> 79 -> 60 -> 0 -> 39,5,0,2,1.000000,0.714286,0.833333
continuous_0332_S5_strategy2.npz,32 -> 76 -> 32 -> 83 -> 65 -> 6 -> 73,32 -> 76 -> 32 -> 83 -> 65 -> 6 -> 73,7,0,0,1.000000,1.000000,1.000000
continuous_0333_S5_strategy2.npz,53 -> 9 -> 77 -> 1 -> 52 -> 64 -> 6,9 -> 1 -> 52 -> 6,3,1,4,0.750000,0.428571,0.545455
continuous_0334_S5_strategy2.npz,62 -> 82,82,1,0,1,1.000000,0.500000,0.666667
continuous_0335_S5_strategy2.npz,75,75,1,0,0,1.000000,1.000000,1.000000
continuous_0336_S5_strategy2.npz,78,78,1,0,0,1.000000,1.000000,1.000000
continuous_0337_S6_strategy2.npz,68 -> 57 -> 38 -> 96 -> 24 -> 11 -> 5,57 -> 96 -> 11 -> 5,3,1,4,0.750000,0.428571,0.545455
continuous_0338_S6_strategy2.npz,88 -> 15 -> 7 -> 67 -> 102 -> 48 -> 40,88 -> 15 -> 7 -> 48 -> 40,5,0,2,1.000000,0.714286,0.833333
continuous_0339_S6_strategy2.npz,71 -> 95 -> 90 -> 83 -> 22 -> 31 -> 59,71 -> 85 -> 90 -> 22 -> 31 -> 59,3,3,4,0.500000,0.428571,0.461538
continuous_0340_S6_strategy2.npz,86 -> 60 -> 19 -> 75 -> 4 -> 99,86 -> 60 -> 75 -> 4 -> 99,5,0,1,1.000000,0.833333,0.909091
continuous_0341_S6_strategy2.npz,94 -> 54 -> 104 -> 13 -> 33 -> 63 -> 49,94 -> 13 -> 30 -> 63 -> 49,3,2,4,0.600000,0.428571,0.500000
continuous_0342_S6_strategy2.npz,56 -> 97 -> 10 -> 72 -> 92 -> 30,56 -> 97 -> 10 -> 72 -> 92,5,0,1,1.000000,0.833333,0.909091
continuous_0343_S6_strategy2.npz,76 -> 99 -> 25 -> 4 -> 38 -> 54,76 -> 99 -> 38,2,1,4,0.666667,0.333333,0.444444
continuous_0344_S6_strategy2.npz,1 -> 91 -> 100 -> 61 -> 11 -> 81 -> 32,2 -> 91 -> 100 -> 61 -> 81 -> 32,4,2,3,0.666667,0.571429,0.615385
continuous_0345_S6_strategy2.npz,60 -> 83 -> 11 -> 100 -> 91 -> 50,60 -> 83 -> 11 -> 100 -> 91,5,0,1,1.000000,0.833333,0.909091
continuous_0346_S6_strategy2.npz,90 -> 57 -> 81 -> 42 -> 66 -> 3,90 -> 57 -> 70 -> 81 -> 42 -> 66 -> 63 -> 3,5,3,1,0.625000,0.833333,0.714286
continuous_0347_S6_strategy2.npz,9 -> 64 -> 40 -> 11 -> 72 -> 27,9 -> 39 -> 72,2,1,4,0.666667,0.333333,0.444444
continuous_0348_S6_strategy2.npz,29 -> 17 -> 6 -> 35 -> 67 -> 95 -> 93,29 -> 17 -> 6 -> 93,4,0,3,1.000000,0.571429,0.727273
continuous_0349_S6_strategy2.npz,48 -> 93 -> 23 -> 70 -> 15 -> 102 -> 53,48 -> 93 -> 70 -> 9 -> 15 -> 102,3,3,4,0.500000,0.428571,0.461538
continuous_0350_S6_strategy2.npz,16 -> 43 -> 55 -> 9 -> 80 -> 89,43 -> 55 -> 4 -> 9 -> 80 -> 89,4,2,2,0.666667,0.666667,0.666667
continuous_0351_S6_strategy2.npz,83 -> 99 -> 60 -> 11 -> 21 -> 32 -> 89,83 -> 99 -> 60 -> 11 -> 21 -> 89,6,0,1,1.000000,0.857143,0.923077
continuous_0352_S6_strategy2.npz,101 -> 79 -> 56 -> 85 -> 23 -> 48 -> 36,101 -> 56 -> 85 -> 23 -> 48,3,2,4,0.600000,0.428571,0.500000
continuous_0353_S6_strategy2.npz,88 -> 43 -> 80 -> 66 -> 19 -> 102 -> 30,88 -> 43 -> 80 -> 66 -> 19,2,3,5,0.400000,0.285714,0.333333
continuous_0354_S6_strategy2.npz,86 -> 12 -> 98 -> 61 -> 22 -> 79,86 -> 12 -> 98 -> 61 -> 66 -> 22,3,3,3,0.500000,0.500000,0.500000
continuous_0355_S6_strategy2.npz,45 -> 71 -> 90 -> 1 -> 104 -> 12,45 -> 63 -> 71 -> 85 -> 90 -> 2 -> 104,2,5,4,0.285714,0.333333,0.307692
continuous_0356_S6_strategy2.npz,14 -> 33 -> 46 -> 7 -> 84 -> 25 -> 101,14 -> 33 -> 44 -> 7 -> 84 -> 101,4,2,3,0.666667,0.571429,0.615385
continuous_0357_S6_strategy2.npz,47 -> 0 -> 85 -> 96 -> 75 -> 28 -> 41,47 -> 0 -> 85 -> 96 -> 75 -> 28 -> 41,6,1,1,0.857143,0.857143,0.857143
continuous_0358_S6_strategy2.npz,18 -> 67 -> 50 -> 98 -> 6 -> 84 -> 38,18 -> 67 -> 50 -> 98 -> 6 -> 84,6,0,1,1.000000,0.857143,0.923077
continuous_0359_S6_strategy2.npz,94 -> 36 -> 60 -> 103 -> 26 -> 11,94 -> 41 -> 60 -> 103 -> 14,3,2,3,0.600000,0.500000,0.545455
continuous_0360_S6_strategy2.npz,7 -> 14 -> 75 -> 52 -> 102 -> 24,7 -> 14 -> 75 -> 52 -> 9 -> 24,3,3,3,0.500000,0.500000,0.500000
continuous_0361_S6_strategy2.npz,16 -> 48 -> 26 -> 1 -> 55 -> 84,16 -> 48 -> 25 -> 1 -> 55 -> 84,5,1,1,0.833333,0.833333,0.833333
continuous_0362_S6_strategy2.npz,43 -> 100 -> 23 -> 66 -> 31 -> 14,43 -> 100 -> 23 -> 66 -> 37 -> 31 -> 14,2,5,4,0.285714,0.333333,0.307692
continuous_0363_S6_strategy2.npz,74 -> 35 -> 18 -> 93 -> 59 -> 70 -> 95,74 -> 81 -> 18 -> 93 -> 70,1,4,6,0.200000,0.142857,0.166667
continuous_0364_S6_strategy2.npz,81 -> 93 -> 102 -> 53 -> 51 -> 22,81 -> 93 -> 66 -> 21,2,2,4,0.500000,0.333333,0.400000
continuous_0365_S6_strategy2.npz,23 -> 18 -> 55 -> 89 -> 32 -> 96 -> 4,24 -> 18 -> 55 -> 89 -> 32 -> 96 -> 4,5,2,2,0.714286,0.714286,0.714286
continuous_0366_S6_strategy2.npz,12 -> 95 -> 22 -> 82 -> 64 -> 4,95 -> 21 -> 22 -> 82,1,3,5,0.250000,0.166667,0.200000
continuous_0367_S6_strategy2.npz,95 -> 45 -> 41 -> 92 -> 16 -> 6,45 -> 41 -> 92 -> 16,3,1,3,0.750000,0.500000,0.600000
continuous_0368_S6_strategy2.npz,26 -> 85 -> 68 -> 41 -> 52 -> 50 -> 17,25 -> 85 -> 41 -> 71 -> 52 -> 50 -> 17,4,3,3,0.571429,0.571429,0.571429
continuous_0369_S6_strategy2.npz,62 -> 55 -> 91 -> 41 -> 16 -> 76 -> 47,91 -> 41 -> 16 -> 76 -> 47,2,3,5,0.400000,0.285714,0.333333
continuous_0370_S6_strategy2.npz,2 -> 58 -> 94 -> 70 -> 15 -> 76,2 -> 58 -> 94 -> 70 -> 15,5,0,1,1.000000,0.833333,0.909091
continuous_0371_S6_strategy2.npz,53 -> 98 -> 62 -> 30 -> 43 -> 26,98 -> 62 -> 43 -> 26,2,2,4,0.500000,0.333333,0.400000
continuous_0372_S6_strategy2.npz,16 -> 77 -> 55 -> 65 -> 9 -> 48 -> 34,16 -> 77 -> 55 -> 9 -> 48 -> 37,5,1,2,0.833333,0.714286,0.769231
continuous_0373_S6_strategy2.npz,67 -> 21 -> 6 -> 89 -> 19 -> 103,67 -> 21 -> 89 -> 19 -> 103,5,0,1,1.000000,0.833333,0.909091
continuous_0374_S6_strategy2.npz,58 -> 15 -> 50 -> 35 -> 28 -> 86 -> 72,58 -> 14 -> 15 -> 50 -> 86 -> 72,3,3,4,0.500000,0.428571,0.461538
continuous_0375_S6_strategy2.npz,103 -> 2 -> 26 -> 60 -> 17 -> 71,103 -> 2 -> 26 -> 60 -> 17,2,3,4,0.400000,0.333333,0.363636
continuous_0376_S6_strategy2.npz,1 -> 37 -> 73 -> 97 -> 47 -> 94 -> 10,1 -> 37 -> 73 -> 97 -> 47 -> 94 -> 10,5,2,2,0.714286,0.714286,0.714286
continuous_0377_S6_strategy2.npz,54 -> 65 -> 14 -> 100 -> 90 -> 2,14 -> 100 -> 90,2,1,4,0.666667,0.333333,0.444444
continuous_0378_S6_strategy2.npz,20 -> 55 -> 102 -> 88 -> 68 -> 37 -> 72,20 -> 55 -> 88 -> 37 -> 72,4,1,3,0.800000,0.571429,0.666667
continuous_0379_S6_strategy2.npz,8 -> 91 -> 38 -> 84 -> 63 -> 19 -> 97,91 -> 38 -> 84 -> 63 -> 19 -> 97,5,1,2,0.833333,0.714286,0.769231
continuous_0380_S6_strategy2.npz,5 -> 19 -> 70 -> 34 -> 72 -> 46 -> 100,5 -> 70 -> 72 -> 46 -> 100,4,1,3,0.800000,0.571429,0.666667
continuous_0381_S6_strategy2.npz,5 -> 40 -> 99 -> 91 -> 10 -> 29,5 -> 40 -> 99 -> 91 -> 10 -> 29,5,1,1,0.833333,0.833333,0.833333
continuous_0382_S6_strategy2.npz,20 -> 59 -> 6 -> 39 -> 13 -> 96,20 -> 6 -> 39 -> 13 -> 96,4,1,2,0.800000,0.666667,0.727273
continuous_0383_S6_strategy2.npz,13 -> 50 -> 83 -> 66 -> 101 -> 37,13 -> 50 -> 83 -> 66 -> 101 -> 37,6,0,0,1.000000,1.000000,1.000000
continuous_0384_S6_strategy2.npz,45 -> 92 -> 98 -> 82 -> 68 -> 25,45 -> 92 -> 98 -> 82,2,2,4,0.500000,0.333333,0.400000
continuous_0385_S6_strategy2.npz,82 -> 21 -> 87 -> 5 -> 12 -> 55 -> 49,82 -> 21 -> 87 -> 12 -> 55 -> 49,6,0,1,1.000000,0.857143,0.923077
continuous_0386_S6_strategy2.npz,52 -> 0 -> 100 -> 93 -> 71 -> 17 -> 77,52 -> 100 -> 71 -> 17 -> 77,5,0,2,1.000000,0.714286,0.833333
continuous_0387_S6_strategy2.npz,20 -> 91 -> 8 -> 99 -> 46 -> 40 -> 18,20 -> 91 -> 8 -> 99 -> 44 -> 40 -> 18,6,1,1,0.857143,0.857143,0.857143
continuous_0388_S6_strategy2.npz,47 -> 58 -> 0 -> 17 -> 103 -> 82,47 -> 58 -> 0 -> 17 -> 103 -> 66 -> 82,3,4,3,0.428571,0.500000,0.461538
continuous_0389_S6_strategy2.npz,40 -> 62 -> 51 -> 53 -> 9 -> 85,40 -> 62 -> 57 -> 66 -> 9 -> 85,3,3,3,0.500000,0.500000,0.500000
continuous_0390_S6_strategy2.npz,40 -> 20 -> 91 -> 53 -> 14 -> 69 -> 42,40 -> 20 -> 91 -> 57 -> 14 -> 69 -> 42,6,1,1,0.857143,0.857143,0.857143
continuous_0391_S6_strategy2.npz,18 -> 103 -> 39 -> 88 -> 75 -> 44,18 -> 103 -> 39 -> 88 -> 75 -> 44,5,1,1,0.833333,0.833333,0.833333
continuous_0392_S6_strategy2.npz,24 -> 46 -> 89 -> 98 -> 0 -> 37 -> 64,24 -> 89 -> 98 -> 0 -> 37,1,4,6,0.200000,0.142857,0.166667
continuous_0393_S6_strategy2.npz,99 -> 47 -> 52 -> 1 -> 39 -> 26 -> 93,99 -> 47 -> 1 -> 39 -> 93,4,1,3,0.800000,0.571429,0.666667
continuous_0394_S6_strategy2.npz,98 -> 57 -> 28 -> 8 -> 87 -> 45,98 -> 57 -> 66 -> 14 -> 87 -> 45,4,2,2,0.666667,0.666667,0.666667
continuous_0395_S6_strategy2.npz,34 -> 27 -> 56 -> 69 -> 80 -> 94 -> 42,56 -> 69 -> 80 -> 94 -> 42,5,0,2,1.000000,0.714286,0.833333
continuous_0396_S6_strategy2.npz,62 -> 83 -> 100 -> 11 -> 8 -> 44 -> 25,62 -> 83 -> 100 -> 98 -> 11 -> 44 -> 25,5,2,2,0.714286,0.714286,0.714286
continuous_0397_S6_strategy2.npz,35 -> 73 -> 58 -> 69 -> 101 -> 42,73 -> 58 -> 72 -> 69 -> 101 -> 42,3,3,3,0.500000,0.500000,0.500000
continuous_0398_S6_strategy2.npz,93 -> 49 -> 104 -> 6 -> 28 -> 34 -> 15,49 -> 104 -> 6 -> 28 -> 15,4,1,3,0.800000,0.571429,0.666667
continuous_0399_S6_strategy2.npz,27 -> 86 -> 49 -> 68 -> 4 -> 74 -> 31,86 -> 49 -> 74 -> 31,4,0,3,1.000000,0.571429,0.727273
continuous_0400_S6_strategy2.npz,29 -> 52 -> 50 -> 32 -> 92 -> 8,29 -> 50 -> 92 -> 8,4,0,2,1.000000,0.666667,0.800000
continuous_0401_S6_strategy2.npz,20 -> 66 -> 90 -> 59 -> 37 -> 45,20 -> 66 -> 90 -> 37 -> 37 -> 45,3,3,3,0.500000,0.500000,0.500000
continuous_0402_S6_strategy2.npz,64 -> 21 -> 12 -> 0 -> 86 -> 61,21 -> 12 -> 49 -> 86 -> 61,1,4,5,0.200000,0.166667,0.181818
continuous_0403_S6_strategy2.npz,28 -> 86 -> 65 -> 101 -> 51 -> 58,28 -> 65 -> 101 -> 58,4,0,2,1.000000,0.666667,0.800000
continuous_0404_S6_strategy2.npz,92 -> 63 -> 50 -> 5 -> 16 -> 53 -> 36,92 -> 63 -> 5 -> 16,3,1,4,0.750000,0.428571,0.545455
continuous_0405_S6_strategy2.npz,11 -> 87 -> 56 -> 101 -> 51 -> 0,87 -> 56 -> 101 -> 0,3,1,3,0.750000,0.500000,0.600000
continuous_0406_S6_strategy2.npz,101 -> 14 -> 60 -> 70 -> 78 -> 85,101 -> 14 -> 60 -> 70 -> 85,5,0,1,1.000000,0.833333,0.909091
continuous_0407_S6_strategy2.npz,46 -> 13 -> 3 -> 104 -> 39 -> 87 -> 78,44 -> 13 -> 3 -> 104 -> 87 -> 78,5,1,2,0.833333,0.714286,0.769231
continuous_0408_S6_strategy2.npz,96 -> 75 -> 49 -> 52 -> 90 -> 62 -> 12,96 -> 75 -> 49 -> 62 -> 90,2,3,5,0.400000,0.285714,0.333333
continuous_0409_S6_strategy2.npz,66 -> 27 -> 42 -> 94 -> 97 -> 73 -> 2,66 -> 63 -> 94 -> 97 -> 73,1,4,6,0.200000,0.142857,0.166667
continuous_0410_S6_strategy2.npz,26 -> 70 -> 47 -> 12 -> 87 -> 41,26 -> 70 -> 47 -> 12 -> 87 -> 41,5,1,1,0.833333,0.833333,0.833333
continuous_0411_S6_strategy2.npz,5 -> 61 -> 80 -> 34 -> 100 -> 43,61 -> 80 -> 100,2,1,4,0.666667,0.333333,0.444444
continuous_0412_S6_strategy2.npz,95 -> 67 -> 13 -> 2 -> 51 -> 23 -> 84,95 -> 67 -> 63 -> 13 -> 2 -> 60 -> 23 -> 84,3,5,4,0.375000,0.428571,0.400000
continuous_0413_S6_strategy2.npz,77 -> 54 -> 45 -> 69 -> 34 -> 13 -> 5,77 -> 54 -> 45 -> 70 -> 13,3,2,4,0.600000,0.428571,0.500000
continuous_0414_S6_strategy2.npz,88 -> 78 -> 95 -> 35 -> 29 -> 70 -> 10,88 -> 78 -> 95 -> 29,3,1,4,0.750000,0.428571,0.545455
continuous_0415_S6_strategy2.npz,8 -> 51 -> 84 -> 94 -> 33 -> 23 -> 10,51 -> 84 -> 94 -> 10,2,2,5,0.500000,0.285714,0.363636
continuous_0416_S6_strategy2.npz,43 -> 27 -> 102 -> 7 -> 62 -> 18,102 -> 7 -> 62,0,3,6,0.000000,0.000000,0.000000
continuous_0417_S6_strategy2.npz,6 -> 63 -> 97 -> 92 -> 76 -> 30,6 -> 97 -> 92 -> 30,4,0,2,1.000000,0.666667,0.800000
continuous_0418_S6_strategy2.npz,42 -> 27 -> 78 -> 97 -> 2 -> 57,42 -> 97 -> 1 -> 57,2,2,4,0.500000,0.333333,0.400000
continuous_0419_S6_strategy2.npz,15 -> 8 -> 22 -> 89 -> 55 -> 64 -> 38,15 -> 22 -> 89 -> 55 -> 38,3,2,4,0.600000,0.428571,0.500000
continuous_0420_S6_strategy2.npz,87 -> 3 -> 65 -> 55 -> 44 -> 25 -> 99,87 -> 65 -> 55 -> 93 -> 44 -> 99,4,2,3,0.666667,0.571429,0.615385
continuous_0421_S6_strategy2.npz,0 -> 61 -> 48 -> 92 -> 25 -> 95,0 -> 61 -> 48 -> 92,2,2,4,0.500000,0.333333,0.400000
continuous_0422_S6_strategy2.npz,12 -> 85 -> 22 -> 36 -> 44 -> 101 -> 68,12 -> 12 -> 85 -> 22 -> 44 -> 101,1,5,6,0.166667,0.142857,0.153846
continuous_0423_S6_strategy2.npz,18 -> 34 -> 62 -> 4 -> 81 -> 61 -> 20,18 -> 34 -> 62 -> 4 -> 81 -> 61 -> 67 -> 20,6,2,1,0.750000,0.857143,0.800000
continuous_0424_S6_strategy2.npz,6 -> 31 -> 71 -> 82 -> 27 -> 13,6 -> 71 -> 82 -> 13,4,0,2,1.000000,0.666667,0.800000
continuous_0425_S6_strategy2.npz,21 -> 10 -> 90 -> 7 -> 45 -> 60,21 -> 10 -> 85 -> 90 -> 7 -> 45 -> 60,6,1,0,0.857143,1.000000,0.923077
continuous_0426_S6_strategy2.npz,16 -> 32 -> 26 -> 94 -> 9 -> 64 -> 96,16 -> 32 -> 26 -> 94 -> 9 -> 64 -> 96,5,2,2,0.714286,0.714286,0.714286
continuous_0427_S6_strategy2.npz,98 -> 64 -> 17 -> 84 -> 36 -> 51,98 -> 84,2,0,4,1.000000,0.333333,0.500000
continuous_0428_S6_strategy2.npz,71 -> 103 -> 17 -> 42 -> 53 -> 7 -> 39,71 -> 103 -> 17 -> 42 -> 7 -> 39,5,1,2,0.833333,0.714286,0.769231
continuous_0429_S6_strategy2.npz,92 -> 24 -> 104 -> 73 -> 69 -> 3,92 -> 104 -> 73 -> 69 -> 3,3,2,3,0.600000,0.500000,0.545455
continuous_0430_S6_strategy2.npz,3 -> 44 -> 98 -> 65 -> 16 -> 41,3 -> 44 -> 98 -> 65 -> 16 -> 41,6,0,0,1.000000,1.000000,1.000000
continuous_0431_S6_strategy2.npz,29 -> 77 -> 36 -> 91 -> 69 -> 13,29 -> 33 -> 91 -> 69,2,2,4,0.500000,0.333333,0.400000
continuous_0432_S6_strategy2.npz,66 -> 14 -> 86 -> 80 -> 59 -> 104,66 -> 14 -> 86 -> 80 -> 59 -> 104,3,3,3,0.500000,0.500000,0.500000
continuous_0433_S6_strategy2.npz,75 -> 87 -> 10 -> 102 -> 56 -> 40,75 -> 87 -> 10 -> 40,3,1,3,0.750000,0.500000,0.600000
continuous_0434_S6_strategy2.npz,80 -> 19 -> 31 -> 57 -> 67 -> 47,80 -> 19 -> 31 -> 57 -> 67 -> 47,6,0,0,1.000000,1.000000,1.000000
continuous_0435_S6_strategy2.npz,83 -> 48 -> 71 -> 25 -> 56 -> 85 -> 30,83 -> 48 -> 71 -> 25 -> 56 -> 85 -> 30,7,0,0,1.000000,1.000000,1.000000
continuous_0436_S6_strategy2.npz,43 -> 88 -> 15 -> 104 -> 37 -> 68,88 -> 15 -> 104,1,2,5,0.333333,0.166667,0.222222
continuous_0437_S6_strategy2.npz,49 -> 56 -> 64 -> 32 -> 15 -> 81 -> 7,49 -> 56 -> 32 -> 15 -> 81,5,0,2,1.000000,0.714286,0.833333
continuous_0438_S6_strategy2.npz,69 -> 88 -> 47 -> 73 -> 10 -> 54 -> 97,69 -> 88 -> 47 -> 73 -> 10 -> 97,2,4,5,0.333333,0.285714,0.307692
continuous_0439_S6_strategy2.npz,76 -> 28 -> 18 -> 44 -> 38 -> 89,76 -> 28 -> 18 -> 44 -> 38 -> 89,6,0,0,1.000000,1.000000,1.000000
continuous_0440_S6_strategy2.npz,34 -> 29 -> 45 -> 1 -> 17 -> 90,34 -> 29 -> 45 -> 17,4,0,2,1.000000,0.666667,0.800000
continuous_0441_S6_strategy2.npz,88 -> 4 -> 57 -> 20 -> 42 -> 32 -> 68,88 -> 57 -> 20 -> 42 -> 32,5,0,2,1.000000,0.714286,0.833333
continuous_0442_S6_strategy2.npz,79 -> 22 -> 89 -> 39 -> 14 -> 97 -> 62,79 -> 89 -> 39 -> 14 -> 97,5,0,2,1.000000,0.714286,0.833333
continuous_0443_S6_strategy2.npz,86 -> 103 -> 65 -> 40 -> 61 -> 83 -> 3,86 -> 103 -> 65 -> 40 -> 61 -> 83 -> 3,7,0,0,1.000000,1.000000,1.000000
continuous_0444_S6_strategy2.npz,85 -> 29 -> 79 -> 49 -> 8 -> 37 -> 103,85 -> 29 -> 58 -> 48 -> 49 -> 8 -> 37 -> 103,4,4,3,0.500000,0.571429,0.533333
continuous_0445_S6_strategy2.npz,79 -> 44 -> 58 -> 96 -> 2 -> 19,79 -> 44 -> 58 -> 96 -> 1 -> 2 -> 19,5,2,1,0.714286,0.833333,0.769231
continuous_0446_S6_strategy2.npz,54 -> 82 -> 49 -> 87 -> 1 -> 31 -> 24,54 -> 82 -> 49 -> 87 -> 24,5,0,2,1.000000,0.714286,0.833333
continuous_0447_S6_strategy2.npz,99 -> 43 -> 53 -> 3 -> 24 -> 31 -> 93,99 -> 3 -> 24 -> 31 -> 93,4,1,3,0.800000,0.571429,0.666667
continuous_0448_S6_strategy2.npz,65 -> 79 -> 9 -> 54 -> 24 -> 35,65 -> 9 -> 54 -> 24,4,0,2,1.000000,0.666667,0.800000
continuous_0449_S6_strategy2.npz,104 -> 30 -> 46 -> 78 -> 63 -> 5 -> 28,44 -> 63 -> 5,2,1,5,0.666667,0.285714,0.400000
continuous_0450_S6_strategy2.npz,36 -> 4 -> 48 -> 65 -> 96 -> 74 -> 25,48 -> 65 -> 96 -> 74,3,1,4,0.750000,0.428571,0.545455
continuous_0451_S6_strategy2.npz,76 -> 21 -> 1 -> 63 -> 50 -> 58 -> 35,76 -> 21 -> 63 -> 58,3,1,4,0.750000,0.428571,0.545455
continuous_0452_S6_strategy2.npz,84 -> 38 -> 21 -> 67 -> 0 -> 51 -> 54,84 -> 38 -> 21 -> 22 -> 67 -> 60,2,4,5,0.333333,0.285714,0.307692
continuous_0453_S6_strategy2.npz,39 -> 21 -> 57 -> 7 -> 69 -> 81,39 -> 38 -> 44 -> 21 -> 57 -> 7 -> 69,0,7,6,0.000000,0.000000,0.000000
continuous_0454_S6_strategy2.npz,28 -> 59 -> 74 -> 2 -> 67 -> 45 -> 32,28 -> 59 -> 66 -> 74 -> 67 -> 45,5,1,2,0.833333,0.714286,0.769231
continuous_0455_S6_strategy2.npz,33 -> 46 -> 9 -> 59 -> 74 -> 27 -> 63,46 -> 9 -> 74,2,1,5,0.666667,0.285714,0.400000
continuous_0456_S6_strategy2.npz,30 -> 3 -> 58 -> 66 -> 76 -> 20 -> 42,3 -> 58 -> 66 -> 76 -> 20 -> 42,6,0,1,1.000000,0.857143,0.923077
continuous_0457_S6_strategy2.npz,70 -> 9 -> 46 -> 22 -> 37 -> 55 -> 82,70 -> 9 -> 46 -> 22 -> 37 -> 55 -> 55 -> 82,4,4,3,0.500000,0.571429,0.533333
continuous_0458_S6_strategy2.npz,30 -> 80 -> 57 -> 82 -> 79 -> 74 -> 77,80 -> 82 -> 74,2,1,5,0.666667,0.285714,0.400000
continuous_0459_S6_strategy2.npz,73 -> 80 -> 33 -> 83 -> 41 -> 75 -> 72,73 -> 80 -> 32 -> 83 -> 41 -> 75 -> 72,5,2,2,0.714286,0.714286,0.714286
continuous_0460_S6_strategy2.npz,33 -> 72 -> 76 -> 80 -> 23 -> 73 -> 77,33 -> 72 -> 76 -> 80 -> 23 -> 73 -> 77,5,2,2,0.714286,0.714286,0.714286
continuous_0461_S6_strategy2.npz,52 -> 24 -> 78 -> 63 -> 44 -> 35,24 -> 78 -> 63 -> 44,3,1,3,0.750000,0.500000,0.600000
continuous_0462_S6_strategy2.npz,75 -> 33 -> 33 -> 79 -> 78 -> 41 -> 77,75 -> 32 -> 40 -> 76 -> 78 -> 41 -> 77,4,3,3,0.571429,0.571429,0.571429
continuous_0463_S6_strategy2.npz,74 -> 23 -> 61 -> 60 -> 29 -> 31 -> 74,74 -> 23 -> 61 -> 60 -> 29,4,1,3,0.800000,0.571429,0.666667
continuous_0464_S6_strategy2.npz,73 -> 39 -> 81 -> 78 -> 56 -> 72 -> 81,73 -> 39 -> 81 -> 78 -> 56 -> 72,6,0,1,1.000000,0.857143,0.923077
continuous_0465_S6_strategy2.npz,36 -> 77 -> 59,41 -> 59,1,1,2,0.500000,0.333333,0.400000
continuous_0466_S6_strategy2.npz,52,,0,0,1,0.000000,0.000000,0.000000
continuous_0467_S7_strategy2.npz,51 -> 83 -> 60 -> 34 -> 26 -> 101,83 -> 26 -> 101,3,0,3,1.000000,0.500000,0.666667
continuous_0468_S7_strategy2.npz,77 -> 60 -> 96 -> 13 -> 8 -> 69 -> 47,60 -> 96 -> 13 -> 3 -> 8 -> 69 -> 81,2,5,5,0.285714,0.285714,0.285714
continuous_0469_S7_strategy2.npz,54 -> 49 -> 82 -> 12 -> 23 -> 64,93 -> 49 -> 82 -> 12 -> 64,3,2,3,0.600000,0.500000,0.545455
continuous_0470_S7_strategy2.npz,101 -> 84 -> 25 -> 69 -> 2 -> 51 -> 40,101 -> 98 -> 84 -> 25 -> 69 -> 2 -> 51 -> 38,4,4,3,0.500000,0.571429,0.533333
continuous_0471_S7_strategy2.npz,62 -> 100 -> 7 -> 72 -> 93 -> 59,62 -> 100 -> 7 -> 72 -> 59,5,0,1,1.000000,0.833333,0.909091
continuous_0472_S7_strategy2.npz,74 -> 32 -> 63 -> 7 -> 50 -> 95 -> 91,74 -> 63 -> 7 -> 91,4,0,3,1.000000,0.571429,0.727273
continuous_0473_S7_strategy2.npz,39 -> 27 -> 13 -> 103 -> 82 -> 71 -> 61,41 -> 13 -> 103 -> 82 -> 83 -> 71 -> 61,4,3,3,0.571429,0.571429,0.571429
continuous_0474_S7_strategy2.npz,30 -> 94 -> 69 -> 10 -> 83 -> 3 -> 59,94 -> 69 -> 10 -> 83,2,2,5,0.500000,0.285714,0.363636
continuous_0475_S7_strategy2.npz,82 -> 89 -> 71 -> 9 -> 39 -> 18,82 -> 89 -> 71 -> 18,4,0,2,1.000000,0.666667,0.800000
continuous_0476_S7_strategy2.npz,35 -> 47 -> 16 -> 84 -> 66 -> 86 -> 57,47 -> 16 -> 84 -> 66 -> 86 -> 57,6,0,1,1.000000,0.857143,0.923077
continuous_0477_S7_strategy2.npz,103 -> 87 -> 38 -> 23 -> 2 -> 43,103 -> 87 -> 38 -> 23 -> 1 -> 43,5,1,1,0.833333,0.833333,0.833333
continuous_0478_S7_strategy2.npz,0 -> 39 -> 88 -> 63 -> 14 -> 27,0 -> 88 -> 63 -> 14 -> 15,3,2,3,0.600000,0.500000,0.545455
continuous_0479_S7_strategy2.npz,98 -> 53 -> 64 -> 94 -> 50 -> 9 -> 25,98 -> 53 -> 65 -> 94 -> 50 -> 9 -> 50 -> 9,2,6,5,0.250000,0.285714,0.266667
continuous_0480_S7_strategy2.npz,12 -> 99 -> 33 -> 90 -> 26 -> 57,12 -> 99 -> 33 -> 90 -> 57,4,1,2,0.800000,0.666667,0.727273
continuous_0481_S7_strategy2.npz,95 -> 45 -> 90 -> 27 -> 6 -> 53 -> 15,95 -> 45 -> 90 -> 6 -> 53,5,0,2,1.000000,0.714286,0.833333
continuous_0482_S7_strategy2.npz,88 -> 7 -> 101 -> 57 -> 83 -> 15 -> 65,88 -> 7 -> 101 -> 57 -> 83 -> 48,5,1,2,0.833333,0.714286,0.769231
continuous_0483_S7_strategy2.npz,7 -> 80 -> 35 -> 53 -> 11 -> 67,7 -> 80 -> 38 -> 53 -> 11 -> 67,5,1,1,0.833333,0.833333,0.833333
continuous_0484_S7_strategy2.npz,44 -> 90 -> 3 -> 84 -> 27 -> 99,44 -> 90 -> 84 -> 99,4,0,2,1.000000,0.666667,0.800000
continuous_0485_S7_strategy2.npz,10 -> 67 -> 26 -> 40 -> 6 -> 58 -> 86,38 -> 6 -> 58 -> 86,3,1,4,0.750000,0.428571,0.545455
continuous_0486_S7_strategy2.npz,78 -> 89 -> 42 -> 38 -> 2 -> 17,78 -> 89 -> 42 -> 38 -> 2 -> 17,6,0,0,1.000000,1.000000,1.000000
continuous_0487_S7_strategy2.npz,63 -> 27 -> 88 -> 51 -> 58 -> 6 -> 73,63 -> 88 -> 52 -> 6 -> 73,4,1,3,0.800000,0.571429,0.666667
continuous_0488_S7_strategy2.npz,31 -> 7 -> 28 -> 85 -> 97 -> 43 -> 17,31 -> 7 -> 85 -> 97 -> 43 -> 17,6,0,1,1.000000,0.857143,0.923077
continuous_0489_S7_strategy2.npz,86 -> 38 -> 9 -> 29 -> 75 -> 46,86 -> 38 -> 18 -> 29 -> 75 -> 46,5,1,1,0.833333,0.833333,0.833333
continuous_0490_S7_strategy2.npz,71 -> 87 -> 102 -> 42 -> 82 -> 32 -> 23,71 -> 87 -> 102 -> 42 -> 82 -> 32,6,0,1,1.000000,0.857143,0.923077
continuous_0491_S7_strategy2.npz,47 -> 31 -> 59 -> 69 -> 95 -> 76,47 -> 31 -> 59 -> 69 -> 69 -> 95,3,3,3,0.500000,0.500000,0.500000
continuous_0492_S7_strategy2.npz,101 -> 33 -> 5 -> 63 -> 17 -> 59,5 -> 63 -> 17 -> 59,1,3,5,0.250000,0.166667,0.200000
continuous_0493_S7_strategy2.npz,94 -> 21 -> 13 -> 2 -> 33 -> 76 -> 60,94 -> 21 -> 17 -> 13 -> 33 -> 76 -> 60,5,2,2,0.714286,0.714286,0.714286
continuous_0494_S7_strategy2.npz,43 -> 29 -> 55 -> 96 -> 78 -> 37 -> 69,50 -> 29 -> 55 -> 96 -> 78 -> 37,0,6,7,0.000000,0.000000,0.000000
continuous_0495_S7_strategy2.npz,52 -> 89 -> 44 -> 24 -> 7 -> 35 -> 66,89 -> 44 -> 24 -> 7 -> 66,2,3,5,0.400000,0.285714,0.333333
continuous_0496_S7_strategy2.npz,85 -> 73 -> 25 -> 1 -> 48 -> 16 -> 41,85 -> 73 -> 1 -> 49 -> 48 -> 16 -> 41,5,2,2,0.714286,0.714286,0.714286
continuous_0497_S7_strategy2.npz,16 -> 63 -> 54 -> 0 -> 49 -> 81 -> 24,16 -> 63 -> 54 -> 0 -> 49 -> 81 -> 24,7,0,0,1.000000,1.000000,1.000000
continuous_0498_S7_strategy2.npz,85 -> 1 -> 68 -> 12 -> 48 -> 35,85 -> 1 -> 68 -> 48 -> 38,4,1,2,0.800000,0.666667,0.727273
continuous_0499_S7_strategy2.npz,93 -> 15 -> 35 -> 54 -> 20 -> 66,93 -> 15 -> 55 -> 29 -> 66,3,2,3,0.600000,0.500000,0.545455
continuous_0500_S7_strategy2.npz,19 -> 43 -> 2 -> 70 -> 76 -> 54 -> 40,19 -> 43 -> 45 -> 1 -> 70 -> 76 -> 54 -> 38,4,4,3,0.500000,0.571429,0.533333
continuous_0501_S7_strategy2.npz,62 -> 24 -> 19 -> 73 -> 86 -> 49,19 -> 73 -> 86 -> 49,1,3,5,0.250000,0.166667,0.200000
continuous_0502_S7_strategy2.npz,50 -> 39 -> 76 -> 20 -> 96 -> 12,50 -> 38 -> 76 -> 20 -> 96 -> 12,4,2,2,0.666667,0.666667,0.666667
continuous_0503_S7_strategy2.npz,94 -> 1 -> 32 -> 102 -> 50 -> 65 -> 78,94 -> 32 -> 102 -> 65 -> 78,5,0,2,1.000000,0.714286,0.833333
continuous_0504_S7_strategy2.npz,101 -> 89 -> 41 -> 79 -> 15 -> 54,101 -> 89 -> 41 -> 79 -> 15 -> 54,6,0,0,1.000000,1.000000,1.000000
continuous_0505_S7_strategy2.npz,70 -> 98 -> 47 -> 5 -> 19 -> 29 -> 32,70 -> 98 -> 47 -> 5 -> 19 -> 29,6,0,1,1.000000,0.857143,0.923077
continuous_0506_S7_strategy2.npz,95 -> 10 -> 45 -> 55 -> 32 -> 67 -> 0,95 -> 98 -> 10 -> 45 -> 55,1,4,6,0.200000,0.142857,0.166667
continuous_0507_S7_strategy2.npz,72 -> 44 -> 68 -> 8 -> 53 -> 20,44 -> 68 -> 53,3,0,3,1.000000,0.500000,0.666667
continuous_0508_S7_strategy2.npz,88 -> 74 -> 58 -> 8 -> 29 -> 18 -> 48,88 -> 58 -> 60 -> 8 -> 29 -> 18 -> 48,4,3,3,0.571429,0.571429,0.571429
continuous_0509_S7_strategy2.npz,5 -> 48 -> 97 -> 14 -> 93 -> 54 -> 72,5 -> 48 -> 97 -> 14 -> 15 -> 93 -> 54 -> 72,5,3,2,0.625000,0.714286,0.666667
continuous_0510_S7_strategy2.npz,46 -> 84 -> 97 -> 58 -> 33 -> 4,46 -> 84 -> 97 -> 58 -> 33 -> 4,4,2,2,0.666667,0.666667,0.666667
continuous_0511_S7_strategy2.npz,22 -> 68 -> 74 -> 15 -> 5 -> 46,22 -> 68 -> 74 -> 70 -> 15 -> 5 -> 44,5,2,1,0.714286,0.833333,0.769231
continuous_0512_S7_strategy2.npz,41 -> 70 -> 26 -> 94 -> 56 -> 98,41 -> 70 -> 94 -> 56 -> 98,5,0,1,1.000000,0.833333,0.909091
continuous_0513_S7_strategy2.npz,15 -> 48 -> 80 -> 99 -> 5 -> 67,15 -> 48 -> 80 -> 99 -> 5,5,0,1,1.000000,0.833333,0.909091
continuous_0514_S7_strategy2.npz,82 -> 89 -> 97 -> 19 -> 22 -> 61 -> 50,82 -> 84 -> 89 -> 100 -> 97 -> 19 -> 61 -> 50,4,4,3,0.500000,0.571429,0.533333
continuous_0515_S7_strategy2.npz,41 -> 8 -> 102 -> 11 -> 59 -> 89,102 -> 11 -> 59,2,1,4,0.666667,0.333333,0.444444
continuous_0516_S7_strategy2.npz,20 -> 11 -> 66 -> 34 -> 49 -> 93 -> 99,20 -> 66 -> 49 -> 93 -> 99,4,1,3,0.800000,0.571429,0.666667
continuous_0517_S7_strategy2.npz,13 -> 103 -> 47 -> 71 -> 92 -> 37 -> 9,13 -> 103 -> 47 -> 71 -> 92 -> 37 -> 50 -> 9,4,4,3,0.500000,0.571429,0.533333
continuous_0518_S7_strategy2.npz,25 -> 91 -> 11 -> 44 -> 81 -> 36 -> 58,25 -> 91 -> 11 -> 44 -> 81 -> 58,5,1,2,0.833333,0.714286,0.769231
continuous_0519_S7_strategy2.npz,46 -> 94 -> 18 -> 28 -> 63 -> 102,46 -> 44 -> 94 -> 18 -> 63 -> 102,4,2,2,0.666667,0.666667,0.666667
continuous_0520_S7_strategy2.npz,21 -> 30 -> 4 -> 55 -> 10 -> 84,30 -> 4 -> 10 -> 72,1,3,5,0.250000,0.166667,0.200000
continuous_0521_S7_strategy2.npz,95 -> 46 -> 9 -> 64 -> 53 -> 77,46 -> 9 -> 64 -> 53,4,0,2,1.000000,0.666667,0.800000
continuous_0522_S7_strategy2.npz,46 -> 34 -> 22 -> 14 -> 62 -> 55,46 -> 44 -> 14 -> 62 -> 55,3,2,3,0.600000,0.500000,0.545455
continuous_0523_S7_strategy2.npz,16 -> 103 -> 75 -> 66 -> 36 -> 87 -> 56,16 -> 103 -> 75 -> 66 -> 87 -> 56,6,0,1,1.000000,0.857143,0.923077
continuous_0524_S7_strategy2.npz,75 -> 22 -> 98 -> 7 -> 12 -> 88 -> 38,75 -> 98 -> 7 -> 12 -> 88 -> 38,6,0,1,1.000000,0.857143,0.923077
continuous_0525_S7_strategy2.npz,57 -> 92 -> 21 -> 8 -> 67 -> 104,57 -> 92 -> 21 -> 67 -> 104,5,0,1,1.000000,0.833333,0.909091
continuous_0526_S7_strategy2.npz,41 -> 94 -> 8 -> 104 -> 20 -> 56,41 -> 94 -> 8 -> 104 -> 56,5,0,1,1.000000,0.833333,0.909091
continuous_0527_S7_strategy2.npz,56 -> 81 -> 89 -> 104 -> 1 -> 36,56 -> 81 -> 89 -> 104,4,0,2,1.000000,0.666667,0.800000
continuous_0528_S7_strategy2.npz,100 -> 43 -> 36 -> 3 -> 11 -> 61,100 -> 66 -> 61,1,2,5,0.333333,0.166667,0.222222
continuous_0529_S7_strategy2.npz,73 -> 29 -> 51 -> 1 -> 68 -> 93,73 -> 29 -> 51 -> 1 -> 68 -> 93,6,0,0,1.000000,1.000000,1.000000
continuous_0530_S7_strategy2.npz,99 -> 17 -> 88 -> 65 -> 51 -> 83 -> 29,99 -> 17 -> 88 -> 65 -> 51 -> 83,5,1,2,0.833333,0.714286,0.769231
continuous_0531_S7_strategy2.npz,24 -> 1 -> 90 -> 34 -> 52 -> 13,24 -> 1 -> 90 -> 34 -> 52 -> 13,3,3,3,0.500000,0.500000,0.500000
continuous_0532_S7_strategy2.npz,92 -> 49 -> 27 -> 6 -> 73 -> 103 -> 52,92 -> 49 -> 6 -> 73 -> 103 -> 52,4,2,3,0.666667,0.571429,0.615385
continuous_0533_S7_strategy2.npz,34 -> 17 -> 61 -> 87 -> 72 -> 99,37 -> 17 -> 61 -> 87 -> 72 -> 99,5,1,1,0.833333,0.833333,0.833333
continuous_0534_S7_strategy2.npz,14 -> 38 -> 76 -> 6 -> 45 -> 62,14 -> 38 -> 76 -> 6 -> 45 -> 62,6,0,0,1.000000,1.000000,1.000000
continuous_0535_S7_strategy2.npz,53 -> 6 -> 20 -> 85 -> 42 -> 68,53 -> 6 -> 20 -> 85 -> 68,4,1,2,0.800000,0.666667,0.727273
continuous_0536_S7_strategy2.npz,17 -> 83 -> 42 -> 62 -> 96 -> 60 -> 23,17 -> 83 -> 42 -> 96 -> 60,5,0,2,1.000000,0.714286,0.833333
continuous_0537_S7_strategy2.npz,3 -> 12 -> 92 -> 80 -> 46 -> 100,3 -> 12 -> 92 -> 80 -> 44 -> 100,5,1,1,0.833333,0.833333,0.833333
continuous_0538_S7_strategy2.npz,84 -> 70 -> 18 -> 37 -> 24 -> 104 -> 59,70 -> 18 -> 37 -> 24 -> 104 -> 59,1,5,6,0.166667,0.142857,0.153846
continuous_0539_S7_strategy2.npz,50 -> 52 -> 22 -> 9 -> 18 -> 104,50 -> 52 -> 22 -> 0 -> 50 -> 9 -> 18 -> 104,5,3,1,0.625000,0.833333,0.714286
continuous_0540_S7_strategy2.npz,78 -> 92 -> 68 -> 2 -> 51 -> 10 -> 100,78 -> 92 -> 10 -> 100,3,1,4,0.750000,0.428571,0.545455
continuous_0541_S7_strategy2.npz,24 -> 71 -> 33 -> 52 -> 80 -> 5 -> 42,71 -> 33 -> 38 -> 52 -> 80 -> 5 -> 42,3,4,4,0.428571,0.428571,0.428571
continuous_0542_S7_strategy2.npz,0 -> 13 -> 34 -> 24 -> 70 -> 60 -> 42,0 -> 13 -> 24 -> 70 -> 66 -> 60 -> 42,3,4,4,0.428571,0.428571,0.428571
continuous_0543_S7_strategy2.npz,66 -> 49 -> 40 -> 91 -> 98 -> 22,66 -> 49 -> 38 -> 91 -> 98,2,3,4,0.400000,0.333333,0.363636
continuous_0544_S7_strategy2.npz,87 -> 102 -> 34 -> 18 -> 65 -> 57,87 -> 102 -> 18 -> 65 -> 57,4,1,2,0.800000,0.666667,0.727273
continuous_0545_S7_strategy2.npz,24 -> 15 -> 83 -> 102 -> 35 -> 69,24 -> 15 -> 83 -> 102 -> 38 -> 69,4,2,2,0.666667,0.666667,0.666667
continuous_0546_S7_strategy2.npz,89 -> 96 -> 35 -> 66 -> 14 -> 61,89 -> 96 -> 35 -> 14 -> 61,4,1,2,0.800000,0.666667,0.727273
continuous_0547_S7_strategy2.npz,98 -> 31 -> 82 -> 85 -> 62 -> 23,98 -> 31 -> 82 -> 85,2,2,4,0.500000,0.333333,0.400000
continuous_0548_S7_strategy2.npz,90 -> 20 -> 15 -> 60 -> 47 -> 99 -> 70,90 -> 15 -> 60 -> 47 -> 99 -> 70,6,0,1,1.000000,0.857143,0.923077
continuous_0549_S7_strategy2.npz,6 -> 56 -> 18 -> 86 -> 22 -> 67 -> 37,6 -> 56 -> 89 -> 18 -> 86 -> 22 -> 37,2,5,5,0.285714,0.285714,0.285714
continuous_0550_S7_strategy2.npz,19 -> 26 -> 56 -> 45 -> 81 -> 100,56 -> 45 -> 81 -> 100,3,1,3,0.750000,0.500000,0.600000
continuous_0551_S7_strategy2.npz,74 -> 28 -> 57 -> 103 -> 47 -> 10 -> 63,74 -> 57 -> 103 -> 95 -> 47 -> 63,5,1,2,0.833333,0.714286,0.769231
continuous_0552_S7_strategy2.npz,14 -> 0 -> 76 -> 64 -> 101 -> 29 -> 34,14 -> 0 -> 76 -> 64 -> 101 -> 29,6,0,1,1.000000,0.857143,0.923077
continuous_0553_S7_strategy2.npz,0 -> 39 -> 74 -> 92 -> 68 -> 16 -> 28,0 -> 38 -> 74 -> 92 -> 68 -> 16,5,1,2,0.833333,0.714286,0.769231
continuous_0554_S7_strategy2.npz,61 -> 12 -> 92 -> 2 -> 67 -> 44 -> 28,61 -> 12 -> 92 -> 1 -> 67 -> 44,5,1,2,0.833333,0.714286,0.769231
continuous_0555_S7_strategy2.npz,4 -> 54 -> 41 -> 21 -> 47 -> 81 -> 18,4 -> 54 -> 41 -> 21 -> 47 -> 81 -> 18,6,1,1,0.857143,0.857143,0.857143
continuous_0556_S7_strategy2.npz,48 -> 21 -> 19 -> 31 -> 79 -> 95,48 -> 19 -> 31 -> 79 -> 63,3,2,3,0.600000,0.500000,0.545455
continuous_0557_S7_strategy2.npz,38 -> 16 -> 79 -> 61 -> 101 -> 4,38 -> 16 -> 79 -> 61 -> 101 -> 4,6,0,0,1.000000,1.000000,1.000000
continuous_0558_S7_strategy2.npz,65 -> 32 -> 43 -> 72 -> 0 -> 96 -> 94,65 -> 32 -> 43 -> 72 -> 0 -> 96 -> 94,6,1,1,0.857143,0.857143,0.857143
continuous_0559_S7_strategy2.npz,7 -> 40 -> 91 -> 19 -> 78 -> 100,7 -> 38 -> 91 -> 19 -> 73,3,2,3,0.600000,0.500000,0.545455
continuous_0560_S7_strategy2.npz,64 -> 9 -> 43 -> 80 -> 55 -> 20 -> 32,64 -> 62 -> 9 -> 43 -> 80 -> 71 -> 55 -> 32,4,4,3,0.500000,0.571429,0.533333
continuous_0561_S7_strategy2.npz,48 -> 16 -> 65 -> 97 -> 85 -> 33,48 -> 16 -> 65 -> 85,3,1,3,0.750000,0.500000,0.600000
continuous_0562_S7_strategy2.npz,11 -> 22 -> 64 -> 5 -> 45 -> 73 -> 92,11 -> 22 -> 64 -> 5 -> 45 -> 73 -> 92,7,0,0,1.000000,1.000000,1.000000
continuous_0563_S7_strategy2.npz,102 -> 53 -> 10 -> 23 -> 85 -> 44,102 -> 53 -> 10 -> 23 -> 85 -> 44,4,2,2,0.666667,0.666667,0.666667
continuous_0564_S7_strategy2.npz,93 -> 52 -> 97 -> 21 -> 33 -> 64,93 -> 52 -> 97 -> 38,2,2,4,0.500000,0.333333,0.400000
continuous_0565_S7_strategy2.npz,101 -> 42 -> 1 -> 14 -> 34 -> 26,101 -> 42 -> 2 -> 14 -> 26,3,2,3,0.600000,0.500000,0.545455
continuous_0566_S7_strategy2.npz,55 -> 66 -> 102 -> 43 -> 86 -> 22,55 -> 66 -> 102 -> 43 -> 86,5,0,1,1.000000,0.833333,0.909091
continuous_0567_S7_strategy2.npz,78 -> 33 -> 93 -> 8 -> 48 -> 58,78 -> 33 -> 93 -> 8 -> 8 -> 48 -> 58,4,3,2,0.571429,0.666667,0.615385
continuous_0568_S7_strategy2.npz,45 -> 19 -> 3 -> 91 -> 40 -> 104,19 -> 3 -> 91 -> 38 -> 104,1,4,5,0.200000,0.166667,0.181818
continuous_0569_S7_strategy2.npz,99 -> 91 -> 56 -> 49 -> 83 -> 38 -> 11,99 -> 97 -> 91 -> 56 -> 49 -> 83 -> 38,1,6,6,0.142857,0.142857,0.142857
continuous_0570_S7_strategy2.npz,39 -> 42 -> 65 -> 81 -> 55 -> 25,38 -> 42 -> 65 -> 81 -> 77 -> 55,3,3,3,0.500000,0.500000,0.500000
continuous_0571_S7_strategy2.npz,10 -> 59 -> 95 -> 93 -> 83 -> 62 -> 8,10 -> 59 -> 95 -> 93 -> 83,3,2,4,0.600000,0.428571,0.500000
continuous_0572_S7_strategy2.npz,14 -> 53 -> 77 -> 100 -> 71 -> 85 -> 23,14 -> 9 -> 53 -> 91 -> 100 -> 71 -> 85,4,3,3,0.571429,0.571429,0.571429
continuous_0573_S7_strategy2.npz,90 -> 27 -> 79 -> 61 -> 97 -> 11 -> 5,90 -> 79 -> 61 -> 97 -> 11 -> 5,4,2,3,0.666667,0.571429,0.615385
continuous_0574_S7_strategy2.npz,86 -> 46 -> 82 -> 30 -> 26 -> 55 -> 3,92 -> 86 -> 46 -> 82 -> 27 -> 55,0,6,7,0.000000,0.000000,0.000000
continuous_0575_S7_strategy2.npz,68 -> 36 -> 4 -> 77 -> 88 -> 25 -> 56,68 -> 88 -> 56,3,0,4,1.000000,0.428571,0.600000
continuous_0576_S7_strategy2.npz,16 -> 97 -> 41 -> 90 -> 1 -> 75 -> 63,16 -> 97 -> 41 -> 90 -> 75 -> 63,6,0,1,1.000000,0.857143,0.923077
continuous_0577_S7_strategy2.npz,12 -> 59 -> 71 -> 40 -> 50 -> 95 -> 25,59 -> 71 -> 38 -> 50 -> 9,3,2,4,0.600000,0.428571,0.500000
continuous_0578_S7_strategy2.npz,13 -> 9 -> 96 -> 45 -> 31 -> 87 -> 65,13 -> 9 -> 96 -> 45 -> 87 -> 65,4,2,3,0.666667,0.571429,0.615385
continuous_0579_S7_strategy2.npz,81 -> 17 -> 71 -> 60 -> 45 -> 88,81 -> 70 -> 17 -> 71 -> 60 -> 45 -> 88,6,1,0,0.857143,1.000000,0.923077
continuous_0580_S7_strategy2.npz,58 -> 37 -> 13 -> 44 -> 104 -> 3,58 -> 37 -> 13 -> 44 -> 104 -> 3,6,0,0,1.000000,1.000000,1.000000
continuous_0581_S7_strategy2.npz,50 -> 29 -> 17 -> 86 -> 80 -> 96 -> 4,50 -> 29 -> 17 -> 86 -> 80 -> 96 -> 4,6,1,1,0.857143,0.857143,0.857143
continuous_0582_S7_strategy2.npz,74 -> 44 -> 28 -> 90 -> 4 -> 35 -> 98,74 -> 44 -> 14 -> 90 -> 4 -> 98,5,1,2,0.833333,0.714286,0.769231
continuous_0583_S7_strategy2.npz,27 -> 69 -> 51 -> 103 -> 73 -> 6 -> 87,70 -> 51 -> 103,0,3,7,0.000000,0.000000,0.000000
continuous_0584_S7_strategy2.npz,56 -> 3 -> 23 -> 103 -> 63 -> 91 -> 81,56 -> 3 -> 23 -> 103 -> 91,3,2,4,0.600000,0.428571,0.500000
continuous_0585_S7_strategy2.npz,26 -> 67 -> 51 -> 72 -> 98 -> 58 -> 30,26 -> 67 -> 72 -> 98 -> 58,5,0,2,1.000000,0.714286,0.833333
continuous_0586_S7_strategy2.npz,79 -> 74 -> 69 -> 28 -> 84 -> 54 -> 37,79 -> 74 -> 69 -> 28 -> 84 -> 54,4,2,3,0.666667,0.571429,0.615385
continuous_0587_S7_strategy2.npz,30 -> 39 -> 82 -> 34 -> 57 -> 39 -> 100,39 -> 38 -> 82 -> 57 -> 38 -> 100,3,3,4,0.500000,0.428571,0.461538
continuous_0588_S7_strategy2.npz,33 -> 80 -> 74 -> 36 -> 36 -> 31 -> 38,80 -> 74 -> 70 -> 37 -> 31 -> 38,4,2,3,0.666667,0.571429,0.615385
continuous_0589_S7_strategy2.npz,70 -> 79 -> 62 -> 75 -> 70 -> 77 -> 60,70 -> 79 -> 62 -> 75 -> 70 -> 60,6,0,1,1.000000,0.857143,0.923077
continuous_0590_S7_strategy2.npz,52 -> 77 -> 75 -> 64 -> 52 -> 37 -> 77,52 -> 89 -> 75 -> 64 -> 52 -> 41,3,3,4,0.500000,0.428571,0.461538
continuous_0591_S7_strategy2.npz,77 -> 31 -> 36 -> 63 -> 31 -> 72 -> 37,77 -> 63 -> 31 -> 72 -> 37,3,2,4,0.600000,0.428571,0.500000
continuous_0592_S7_strategy2.npz,72 -> 79 -> 84 -> 30 -> 75 -> 32 -> 73,72 -> 79 -> 84 -> 75 -> 99 -> 32 -> 73,6,1,1,0.857143,0.857143,0.857143
continuous_0593_S7_strategy2.npz,76 -> 76 -> 78 -> 75 -> 33 -> 78 -> 104,76 -> 78 -> 75 -> 81 -> 104,3,2,4,0.600000,0.428571,0.500000
continuous_0594_S7_strategy2.npz,80 -> 57 -> 30,57,1,0,2,1.000000,0.333333,0.500000
continuous_0595_S7_strategy2.npz,30,,0,0,1,0.000000,0.000000,0.000000
