Actual Gloss/Category Label,Total Ground Truth,Predicted Gloss/Category Label,Number of Confusions,Percentage of Confusions,Interpretation
APRIL,29,WEDNESDAY,2,6.9,Moderate Confusion
APRIL,29,MARCH,2,6.9,Moderate Confusion
APRIL,29,GRAY,2,6.9,Moderate Confusion
APRIL,29,SEPTEMBER,1,3.45,Low Confusion
APRIL,29,LIGHT,1,3.45,Low Confusion
APRIL,29,DON’T UNDERSTAND,1,3.45,Low Confusion
APRIL,29,CRAB,1,3.45,Low Confusion
APRIL,29,CORRECT,1,3.45,Low Confusion
APRIL,29,PARENTS,1,3.45,Low Confusion
APRIL,29,UNDERSTAND,1,3.45,Low Confusion
APRIL,29,MAY,1,3.45,Low Confusion
APRIL,29,TODAY,1,3.45,Low Confusion
APRIL,29,THANK YOU,1,3.45,Low Confusion
APRIL,29,FRIDAY,1,3.45,Low Confusion
APRIL,29,BLUE,1,3.45,Low Confusion
APRIL,29,BLACK,1,3.45,Low Confusion
APRIL,29,SPAGHETTI,1,3.45,Low Confusion
APRIL,29,GIRL,1,3.45,Low Confusion
AUGUST,22,DON’T UNDERSTAND,1,4.55,Low Confusion
AUGUST,22,GRAY,1,4.55,Low Confusion
AUGUST,22,FEBRUARY,1,4.55,Low Confusion
AUGUST,22,HOT,1,4.55,Low Confusion
AUGUST,22,WOMAN,1,4.55,Low Confusion
AUGUST,22,DAUGHTER,1,4.55,Low Confusion
AUGUST,22,JUICE,1,4.55,Low Confusion
AUGUST,22,THURSDAY,1,4.55,Low Confusion
AUGUST,22,FIVE,1,4.55,Low Confusion
AUGUST,22,DECEMBER,1,4.55,Low Confusion
AUNTIE,21,TOMORROW,1,4.76,Low Confusion
AUNTIE,21,UNCLE,1,4.76,Low Confusion
AUNTIE,21,FAST,1,4.76,Low Confusion
AUNTIE,21,BEER,1,4.76,Low Confusion
AUNTIE,21,TUESDAY,1,4.76,Low Confusion
AUNTIE,21,YOURE WELCOME,1,4.76,Low Confusion
AUNTIE,21,DEAF BLIND,1,4.76,Low Confusion
AUNTIE,21,NICE TO MEET YOU,1,4.76,Low Confusion
AUNTIE,21,AUGUST,1,4.76,Low Confusion
AUNTIE,21,MARRIED,1,4.76,Low Confusion
BEER,30,BLIND,2,6.67,Moderate Confusion
BEER,30,VIOLET,1,3.33,Low Confusion
BEER,30,PINK,1,3.33,Low Confusion
BEER,30,NICE TO MEET YOU,1,3.33,Low Confusion
BEER,30,SATURDAY,1,3.33,Low Confusion
BEER,30,UNCLE,1,3.33,Low Confusion
BEER,30,GOOD MORNING,1,3.33,Low Confusion
BEER,30,IM FINE,1,3.33,Low Confusion
BLACK,29,WEDNESDAY,1,3.45,Low Confusion
BLACK,29,HELLO,1,3.45,Low Confusion
BLACK,29,UNCLE,1,3.45,Low Confusion
BLACK,29,IM FINE,1,3.45,Low Confusion
BLACK,29,GRANDMOTHER,1,3.45,Low Confusion
BLACK,29,VIOLET,1,3.45,Low Confusion
BLACK,29,NOVEMBER,1,3.45,Low Confusion
BLACK,29,GOOD MORNING,1,3.45,Low Confusion
BLACK,29,BREAD,1,3.45,Low Confusion
BLACK,29,DEAF,1,3.45,Low Confusion
BLACK,29,ONE,1,3.45,Low Confusion
BLACK,29,GRAY,1,3.45,Low Confusion
BLACK,29,HOT,1,3.45,Low Confusion
BLACK,29,COLD,1,3.45,Low Confusion
BLACK,29,YELLOW,1,3.45,Low Confusion
BLIND,27,COLD,1,3.7,Low Confusion
BLIND,27,GIRL,1,3.7,Low Confusion
BLIND,27,LIGHT,1,3.7,Low Confusion
BLIND,27,MONDAY,1,3.7,Low Confusion
BLIND,27,CRAB,1,3.7,Low Confusion
BLIND,27,DEAF BLIND,1,3.7,Low Confusion
BLIND,27,HELLO,1,3.7,Low Confusion
BLIND,27,SIX,1,3.7,Low Confusion
BLIND,27,UNDERSTAND,1,3.7,Low Confusion
BLIND,27,YESTERDAY,1,3.7,Low Confusion
BLUE,24,NO,1,4.17,Low Confusion
BLUE,24,GRANDMOTHER,1,4.17,Low Confusion
BLUE,24,UNCLE,1,4.17,Low Confusion
BLUE,24,CRAB,1,4.17,Low Confusion
BLUE,24,GOOD AFTERNOON,1,4.17,Low Confusion
BLUE,24,TEA,1,4.17,Low Confusion
BLUE,24,BLACK,1,4.17,Low Confusion
BLUE,24,WEDNESDAY,1,4.17,Low Confusion
BLUE,24,MILK,1,4.17,Low Confusion
BOY,25,AUNTIE,1,4.0,Low Confusion
BOY,25,NO SUGAR,1,4.0,Low Confusion
BOY,25,MONDAY,1,4.0,Low Confusion
BOY,25,COFFEE,1,4.0,Low Confusion
BOY,25,JUICE,1,4.0,Low Confusion
BOY,25,LONGANISA,1,4.0,Low Confusion
BOY,25,TOMORROW,1,4.0,Low Confusion
BOY,25,MARCH,1,4.0,Low Confusion
BOY,25,MEAT,1,4.0,Low Confusion
BOY,25,AUGUST,1,4.0,Low Confusion
BOY,25,VIOLET,1,4.0,Low Confusion
BOY,25,RICE,1,4.0,Low Confusion
BOY,25,TUESDAY,1,4.0,Low Confusion
BOY,25,DEAF,1,4.0,Low Confusion
BOY,25,FAST,1,4.0,Low Confusion
BOY,25,COLD,1,4.0,Low Confusion
BREAD,26,HOT,1,3.85,Low Confusion
BREAD,26,DEAF,1,3.85,Low Confusion
BREAD,26,SATURDAY,1,3.85,Low Confusion
BREAD,26,GOOD MORNING,1,3.85,Low Confusion
BREAD,26,SEE YOU TOMORROW,1,3.85,Low Confusion
BREAD,26,FOUR,1,3.85,Low Confusion
BREAD,26,KNOW,1,3.85,Low Confusion
BREAD,26,JUICE,1,3.85,Low Confusion
BREAD,26,WEDNESDAY,1,3.85,Low Confusion
BROWN,30,DAUGHTER,1,3.33,Low Confusion
BROWN,30,CRAB,1,3.33,Low Confusion
BROWN,30,DECEMBER,1,3.33,Low Confusion
BROWN,30,MAY,1,3.33,Low Confusion
BROWN,30,UNDERSTAND,1,3.33,Low Confusion
BROWN,30,GREEN,1,3.33,Low Confusion
BROWN,30,HOW ARE YOU,1,3.33,Low Confusion
BROWN,30,FRIDAY,1,3.33,Low Confusion
BROWN,30,GIRL,1,3.33,Low Confusion
BROWN,30,MARCH,1,3.33,Low Confusion
BROWN,30,NO SUGAR,1,3.33,Low Confusion
CHICKEN,28,DECEMBER,1,3.57,Low Confusion
CHICKEN,28,NICE TO MEET YOU,1,3.57,Low Confusion
CHICKEN,28,WRONG,1,3.57,Low Confusion
CHICKEN,28,MARRIED,1,3.57,Low Confusion
CHICKEN,28,ONE,1,3.57,Low Confusion
CHICKEN,28,HELLO,1,3.57,Low Confusion
CHICKEN,28,MARCH,1,3.57,Low Confusion
CHICKEN,28,FAST,1,3.57,Low Confusion
CHICKEN,28,MILK,1,3.57,Low Confusion
CHICKEN,28,DAUGHTER,1,3.57,Low Confusion
CHICKEN,28,OCTOBER,1,3.57,Low Confusion
CHICKEN,28,WEDNESDAY,1,3.57,Low Confusion
CHICKEN,28,DARK,1,3.57,Low Confusion
COFFEE,30,COUSIN,1,3.33,Low Confusion
COFFEE,30,MARRIED,1,3.33,Low Confusion
COFFEE,30,AUNTIE,1,3.33,Low Confusion
COFFEE,30,DEAF,1,3.33,Low Confusion
COFFEE,30,LIGHT,1,3.33,Low Confusion
COFFEE,30,BREAD,1,3.33,Low Confusion
COFFEE,30,DEAF BLIND,1,3.33,Low Confusion
COLD,29,COUSIN,2,6.9,Moderate Confusion
COLD,29,HOW ARE YOU,2,6.9,Moderate Confusion
COLD,29,JULY,1,3.45,Low Confusion
COLD,29,GIRL,1,3.45,Low Confusion
COLD,29,GREEN,1,3.45,Low Confusion
COLD,29,AUGUST,1,3.45,Low Confusion
COLD,29,NO,1,3.45,Low Confusion
COLD,29,LONGANISA,1,3.45,Low Confusion
COLD,29,IM FINE,1,3.45,Low Confusion
COLD,29,DON’T KNOW,1,3.45,Low Confusion
CORRECT,28,PARENTS,2,7.14,Moderate Confusion
CORRECT,28,COUSIN,1,3.57,Low Confusion
CORRECT,28,DON’T KNOW,1,3.57,Low Confusion
CORRECT,28,BREAD,1,3.57,Low Confusion
CORRECT,28,THREE,1,3.57,Low Confusion
CORRECT,28,DEAF BLIND,1,3.57,Low Confusion
CORRECT,28,EGG,1,3.57,Low Confusion
COUSIN,29,JUICE,2,6.9,Moderate Confusion
COUSIN,29,GOOD EVENING,1,3.45,Low Confusion
COUSIN,29,GOOD MORNING,1,3.45,Low Confusion
COUSIN,29,THURSDAY,1,3.45,Low Confusion
COUSIN,29,BEER,1,3.45,Low Confusion
COUSIN,29,COLD,1,3.45,Low Confusion
COUSIN,29,SATURDAY,1,3.45,Low Confusion
COUSIN,29,MARRIED,1,3.45,Low Confusion
CRAB,29,MILK,1,3.45,Low Confusion
CRAB,29,TWO,1,3.45,Low Confusion
CRAB,29,RED,1,3.45,Low Confusion
CRAB,29,SEE YOU TOMORROW,1,3.45,Low Confusion
CRAB,29,JUICE,1,3.45,Low Confusion
CRAB,29,UNDERSTAND,1,3.45,Low Confusion
CRAB,29,BLIND,1,3.45,Low Confusion
CRAB,29,GRANDFATHER,1,3.45,Low Confusion
CRAB,29,WEDNESDAY,1,3.45,Low Confusion
DARK,30,THURSDAY,1,3.33,Low Confusion
DARK,30,PARENTS,1,3.33,Low Confusion
DARK,30,GIRL,1,3.33,Low Confusion
DARK,30,FOUR,1,3.33,Low Confusion
DARK,30,CRAB,1,3.33,Low Confusion
DARK,30,MILK,1,3.33,Low Confusion
DARK,30,DEAF,1,3.33,Low Confusion
DARK,30,COFFEE,1,3.33,Low Confusion
DARK,30,DEAF BLIND,1,3.33,Low Confusion
DAUGHTER,25,GRAY,3,12.0,High Confusion
DAUGHTER,25,SEPTEMBER,1,4.0,Low Confusion
DAUGHTER,25,COLD,1,4.0,Low Confusion
DAUGHTER,25,CRAB,1,4.0,Low Confusion
DAUGHTER,25,SEE YOU TOMORROW,1,4.0,Low Confusion
DAUGHTER,25,DARK,1,4.0,Low Confusion
DAUGHTER,25,CHICKEN,1,4.0,Low Confusion
DAUGHTER,25,DECEMBER,1,4.0,Low Confusion
DAUGHTER,25,TODAY,1,4.0,Low Confusion
DAUGHTER,25,WEDNESDAY,1,4.0,Low Confusion
DAUGHTER,25,WHITE,1,4.0,Low Confusion
DEAF,28,TOMORROW,1,3.57,Low Confusion
DEAF,28,GRAY,1,3.57,Low Confusion
DEAF,28,NO SUGAR,1,3.57,Low Confusion
DEAF,28,RED,1,3.57,Low Confusion
DEAF,28,RICE,1,3.57,Low Confusion
DEAF,28,DON’T UNDERSTAND,1,3.57,Low Confusion
DEAF,28,TUESDAY,1,3.57,Low Confusion
DEAF,28,FAST,1,3.57,Low Confusion
DEAF,28,AUGUST,1,3.57,Low Confusion
DEAF,28,BLACK,1,3.57,Low Confusion
DEAF,28,EGG,1,3.57,Low Confusion
DEAF,28,TODAY,1,3.57,Low Confusion
DEAF,28,PARENTS,1,3.57,Low Confusion
DEAF BLIND,29,DEAF,3,10.34,High Confusion
DEAF BLIND,29,BLUE,2,6.9,Moderate Confusion
DEAF BLIND,29,NO,1,3.45,Low Confusion
DEAF BLIND,29,DON’T KNOW,1,3.45,Low Confusion
DEAF BLIND,29,PINK,1,3.45,Low Confusion
DEAF BLIND,29,COLD,1,3.45,Low Confusion
DEAF BLIND,29,SEE YOU TOMORROW,1,3.45,Low Confusion
DEAF BLIND,29,SATURDAY,1,3.45,Low Confusion
DEAF BLIND,29,SLOW,1,3.45,Low Confusion
DECEMBER,32,VIOLET,1,3.12,Low Confusion
DECEMBER,32,SHRIMP,1,3.12,Low Confusion
DECEMBER,32,LIGHT,1,3.12,Low Confusion
DECEMBER,32,SEPTEMBER,1,3.12,Low Confusion
DECEMBER,32,COUSIN,1,3.12,Low Confusion
DECEMBER,32,GRANDMOTHER,1,3.12,Low Confusion
DECEMBER,32,DON’T UNDERSTAND,1,3.12,Low Confusion
DECEMBER,32,BLUE,1,3.12,Low Confusion
DECEMBER,32,TEA,1,3.12,Low Confusion
DECEMBER,32,GRANDFATHER,1,3.12,Low Confusion
DECEMBER,32,ORANGE,1,3.12,Low Confusion
DECEMBER,32,LONGANISA,1,3.12,Low Confusion
DECEMBER,32,MARRIED,1,3.12,Low Confusion
DECEMBER,32,BLACK,1,3.12,Low Confusion
DECEMBER,32,WHITE,1,3.12,Low Confusion
DECEMBER,32,WINE,1,3.12,Low Confusion
DON’T KNOW,27,LONGANISA,2,7.41,Moderate Confusion
DON’T KNOW,27,GIRL,2,7.41,Moderate Confusion
DON’T KNOW,27,TEN,1,3.7,Low Confusion
DON’T KNOW,27,COLD,1,3.7,Low Confusion
DON’T KNOW,27,EGG,1,3.7,Low Confusion
DON’T KNOW,27,BLACK,1,3.7,Low Confusion
DON’T KNOW,27,THURSDAY,1,3.7,Low Confusion
DON’T KNOW,27,DEAF,1,3.7,Low Confusion
DON’T KNOW,27,FISH,1,3.7,Low Confusion
DON’T KNOW,27,HELLO,1,3.7,Low Confusion
DON’T KNOW,27,SUGAR,1,3.7,Low Confusion
DON’T KNOW,27,CORRECT,1,3.7,Low Confusion
DON’T UNDERSTAND,25,SEE YOU TOMORROW,3,12.0,High Confusion
DON’T UNDERSTAND,25,MILK,2,8.0,Moderate Confusion
DON’T UNDERSTAND,25,SATURDAY,2,8.0,Moderate Confusion
DON’T UNDERSTAND,25,NICE TO MEET YOU,1,4.0,Low Confusion
DON’T UNDERSTAND,25,FRIDAY,1,4.0,Low Confusion
DON’T UNDERSTAND,25,MONDAY,1,4.0,Low Confusion
DON’T UNDERSTAND,25,APRIL,1,4.0,Low Confusion
DON’T UNDERSTAND,25,BLACK,1,4.0,Low Confusion
DON’T UNDERSTAND,25,OCTOBER,1,4.0,Low Confusion
DON’T UNDERSTAND,25,PINK,1,4.0,Low Confusion
DON’T UNDERSTAND,25,FISH,1,4.0,Low Confusion
DON’T UNDERSTAND,25,DEAF,1,4.0,Low Confusion
DON’T UNDERSTAND,25,WEDNESDAY,1,4.0,Low Confusion
DON’T UNDERSTAND,25,IM FINE,1,4.0,Low Confusion
EGG,28,THREE,2,7.14,Moderate Confusion
EGG,28,GRAY,2,7.14,Moderate Confusion
EGG,28,DECEMBER,1,3.57,Low Confusion
EGG,28,HELLO,1,3.57,Low Confusion
EGG,28,TWO,1,3.57,Low Confusion
EGG,28,BLUE,1,3.57,Low Confusion
EGG,28,TODAY,1,3.57,Low Confusion
EGG,28,PARENTS,1,3.57,Low Confusion
EGG,28,WOMAN,1,3.57,Low Confusion
EGG,28,GRANDMOTHER,1,3.57,Low Confusion
EGG,28,LONGANISA,1,3.57,Low Confusion
EIGHT,23,DON’T KNOW,2,8.7,Moderate Confusion
EIGHT,23,NICE TO MEET YOU,2,8.7,Moderate Confusion
EIGHT,23,MARRIED,1,4.35,Low Confusion
EIGHT,23,BREAD,1,4.35,Low Confusion
EIGHT,23,DAUGHTER,1,4.35,Low Confusion
EIGHT,23,BLACK,1,4.35,Low Confusion
EIGHT,23,LIGHT,1,4.35,Low Confusion
EIGHT,23,SPAGHETTI,1,4.35,Low Confusion
EIGHT,23,DEAF,1,4.35,Low Confusion
EIGHT,23,DECEMBER,1,4.35,Low Confusion
EIGHT,23,BROWN,1,4.35,Low Confusion
EIGHT,23,SLOW,1,4.35,Low Confusion
EIGHT,23,BLIND,1,4.35,Low Confusion
EIGHT,23,EGG,1,4.35,Low Confusion
EIGHT,23,GIRL,1,4.35,Low Confusion
EIGHT,23,THANK YOU,1,4.35,Low Confusion
EIGHT,23,JUICE,1,4.35,Low Confusion
EIGHT,23,MEAT,1,4.35,Low Confusion
EIGHT,23,ORANGE,1,4.35,Low Confusion
EIGHT,23,DEAF BLIND,1,4.35,Low Confusion
FAST,33,SUGAR,2,6.06,Moderate Confusion
FAST,33,ONE,2,6.06,Moderate Confusion
FAST,33,TEA,2,6.06,Moderate Confusion
FAST,33,DON’T UNDERSTAND,1,3.03,Low Confusion
FAST,33,DARK,1,3.03,Low Confusion
FAST,33,DEAF,1,3.03,Low Confusion
FAST,33,YESTERDAY,1,3.03,Low Confusion
FAST,33,BREAD,1,3.03,Low Confusion
FAST,33,SEE YOU TOMORROW,1,3.03,Low Confusion
FAST,33,YOURE WELCOME,1,3.03,Low Confusion
FAST,33,TWO,1,3.03,Low Confusion
FAST,33,GREEN,1,3.03,Low Confusion
FAST,33,BROWN,1,3.03,Low Confusion
FAST,33,JUICE,1,3.03,Low Confusion
FAST,33,DEAF BLIND,1,3.03,Low Confusion
FAST,33,GOOD EVENING,1,3.03,Low Confusion
FAST,33,EGG,1,3.03,Low Confusion
FAST,33,GRANDFATHER,1,3.03,Low Confusion
FAST,33,FEBRUARY,1,3.03,Low Confusion
FAST,33,HELLO,1,3.03,Low Confusion
FATHER,28,SEPTEMBER,2,7.14,Moderate Confusion
FATHER,28,LONGANISA,1,3.57,Low Confusion
FATHER,28,MEAT,1,3.57,Low Confusion
FATHER,28,UNCLE,1,3.57,Low Confusion
FATHER,28,DON’T UNDERSTAND,1,3.57,Low Confusion
FATHER,28,GRAY,1,3.57,Low Confusion
FATHER,28,MARRIED,1,3.57,Low Confusion
FATHER,28,GOOD AFTERNOON,1,3.57,Low Confusion
FATHER,28,TOMORROW,1,3.57,Low Confusion
FATHER,28,BOY,1,3.57,Low Confusion
FATHER,28,FIVE,1,3.57,Low Confusion
FATHER,28,CHICKEN,1,3.57,Low Confusion
FATHER,28,IM FINE,1,3.57,Low Confusion
FEBRUARY,24,GRAY,1,4.17,Low Confusion
FEBRUARY,24,NOVEMBER,1,4.17,Low Confusion
FEBRUARY,24,GIRL,1,4.17,Low Confusion
FEBRUARY,24,CORRECT,1,4.17,Low Confusion
FEBRUARY,24,DECEMBER,1,4.17,Low Confusion
FEBRUARY,24,MARRIED,1,4.17,Low Confusion
FEBRUARY,24,ORANGE,1,4.17,Low Confusion
FEBRUARY,24,SEPTEMBER,1,4.17,Low Confusion
FISH,28,GRANDFATHER,2,7.14,Moderate Confusion
FISH,28,COUSIN,1,3.57,Low Confusion
FISH,28,NICE TO MEET YOU,1,3.57,Low Confusion
FISH,28,MARRIED,1,3.57,Low Confusion
FISH,28,HELLO,1,3.57,Low Confusion
FISH,28,DEAF BLIND,1,3.57,Low Confusion
FISH,28,SEPTEMBER,1,3.57,Low Confusion
FISH,28,GREEN,1,3.57,Low Confusion
FISH,28,THURSDAY,1,3.57,Low Confusion
FISH,28,YELLOW,1,3.57,Low Confusion
FISH,28,DECEMBER,1,3.57,Low Confusion
FIVE,25,GRANDMOTHER,2,8.0,Moderate Confusion
FIVE,25,NO SUGAR,2,8.0,Moderate Confusion
FIVE,25,LIGHT,1,4.0,Low Confusion
FIVE,25,HOW ARE YOU,1,4.0,Low Confusion
FIVE,25,DARK,1,4.0,Low Confusion
FIVE,25,SHRIMP,1,4.0,Low Confusion
FIVE,25,YELLOW,1,4.0,Low Confusion
FIVE,25,THANK YOU,1,4.0,Low Confusion
FIVE,25,GREEN,1,4.0,Low Confusion
FIVE,25,MARRIED,1,4.0,Low Confusion
FIVE,25,DEAF BLIND,1,4.0,Low Confusion
FOUR,21,FIVE,2,9.52,Moderate Confusion
FOUR,21,GRAY,1,4.76,Low Confusion
FOUR,21,BEER,1,4.76,Low Confusion
FOUR,21,DON’T KNOW,1,4.76,Low Confusion
FOUR,21,SPAGHETTI,1,4.76,Low Confusion
FOUR,21,DEAF BLIND,1,4.76,Low Confusion
FOUR,21,SUNDAY,1,4.76,Low Confusion
FOUR,21,DEAF,1,4.76,Low Confusion
FOUR,21,SLOW,1,4.76,Low Confusion
FOUR,21,COUSIN,1,4.76,Low Confusion
FOUR,21,WHITE,1,4.76,Low Confusion
FOUR,21,MAN,1,4.76,Low Confusion
FOUR,21,BREAD,1,4.76,Low Confusion
FRIDAY,29,WEDNESDAY,9,31.03,High Confusion
FRIDAY,29,UNCLE,3,10.34,High Confusion
FRIDAY,29,SEE YOU TOMORROW,2,6.9,Moderate Confusion
FRIDAY,29,THANK YOU,1,3.45,Low Confusion
FRIDAY,29,DEAF,1,3.45,Low Confusion
FRIDAY,29,FISH,1,3.45,Low Confusion
FRIDAY,29,VIOLET,1,3.45,Low Confusion
FRIDAY,29,DAUGHTER,1,3.45,Low Confusion
FRIDAY,29,DARK,1,3.45,Low Confusion
FRIDAY,29,CHICKEN,1,3.45,Low Confusion
FRIDAY,29,IM FINE,1,3.45,Low Confusion
FRIDAY,29,NO,1,3.45,Low Confusion
FRIDAY,29,EGG,1,3.45,Low Confusion
GIRL,29,NO,2,6.9,Moderate Confusion
GIRL,29,THANK YOU,2,6.9,Moderate Confusion
GIRL,29,DON’T KNOW,1,3.45,Low Confusion
GIRL,29,TEN,1,3.45,Low Confusion
GIRL,29,GOOD EVENING,1,3.45,Low Confusion
GIRL,29,WRONG,1,3.45,Low Confusion
GIRL,29,COUSIN,1,3.45,Low Confusion
GIRL,29,OCTOBER,1,3.45,Low Confusion
GIRL,29,FAST,1,3.45,Low Confusion
GIRL,29,JUICE,1,3.45,Low Confusion
GIRL,29,UNCLE,1,3.45,Low Confusion
GIRL,29,WEDNESDAY,1,3.45,Low Confusion
GIRL,29,AUNTIE,1,3.45,Low Confusion
GIRL,29,RICE,1,3.45,Low Confusion
GIRL,29,AUGUST,1,3.45,Low Confusion
GOOD AFTERNOON,31,GOOD EVENING,3,9.68,Moderate Confusion
GOOD AFTERNOON,31,BOY,2,6.45,Moderate Confusion
GOOD AFTERNOON,31,GREEN,2,6.45,Moderate Confusion
GOOD AFTERNOON,31,DEAF,1,3.23,Low Confusion
GOOD AFTERNOON,31,GRANDMOTHER,1,3.23,Low Confusion
GOOD AFTERNOON,31,SEPTEMBER,1,3.23,Low Confusion
GOOD AFTERNOON,31,MARRIED,1,3.23,Low Confusion
GOOD AFTERNOON,31,UNCLE,1,3.23,Low Confusion
GOOD AFTERNOON,31,HARD OF HEARING,1,3.23,Low Confusion
GOOD AFTERNOON,31,NICE TO MEET YOU,1,3.23,Low Confusion
GOOD AFTERNOON,31,SPAGHETTI,1,3.23,Low Confusion
GOOD AFTERNOON,31,OCTOBER,1,3.23,Low Confusion
GOOD AFTERNOON,31,CORRECT,1,3.23,Low Confusion
GOOD AFTERNOON,31,FIVE,1,3.23,Low Confusion
GOOD AFTERNOON,31,GIRL,1,3.23,Low Confusion
GOOD AFTERNOON,31,TODAY,1,3.23,Low Confusion
GOOD AFTERNOON,31,MARCH,1,3.23,Low Confusion
GOOD AFTERNOON,31,BROWN,1,3.23,Low Confusion
GOOD EVENING,29,GOOD AFTERNOON,8,27.59,High Confusion
GOOD EVENING,29,DON’T KNOW,2,6.9,Moderate Confusion
GOOD EVENING,29,FIVE,1,3.45,Low Confusion
GOOD EVENING,29,WEDNESDAY,1,3.45,Low Confusion
GOOD EVENING,29,DARK,1,3.45,Low Confusion
GOOD EVENING,29,HELLO,1,3.45,Low Confusion
GOOD EVENING,29,GRAY,1,3.45,Low Confusion
GOOD EVENING,29,MILK,1,3.45,Low Confusion
GOOD EVENING,29,FAST,1,3.45,Low Confusion
GOOD EVENING,29,BEER,1,3.45,Low Confusion
GOOD EVENING,29,THANK YOU,1,3.45,Low Confusion
GOOD EVENING,29,RED,1,3.45,Low Confusion
GOOD EVENING,29,BLIND,1,3.45,Low Confusion
GOOD EVENING,29,TEA,1,3.45,Low Confusion
GOOD MORNING,29,DON’T UNDERSTAND,1,3.45,Low Confusion
GOOD MORNING,29,GREEN,1,3.45,Low Confusion
GOOD MORNING,29,WEDNESDAY,1,3.45,Low Confusion
GOOD MORNING,29,DON’T KNOW,1,3.45,Low Confusion
GOOD MORNING,29,BROWN,1,3.45,Low Confusion
GOOD MORNING,29,GRANDFATHER,1,3.45,Low Confusion
GOOD MORNING,29,DAUGHTER,1,3.45,Low Confusion
GOOD MORNING,29,TEA,1,3.45,Low Confusion
GOOD MORNING,29,AUGUST,1,3.45,Low Confusion
GOOD MORNING,29,EGG,1,3.45,Low Confusion
GOOD MORNING,29,HARD OF HEARING,1,3.45,Low Confusion
GRANDFATHER,31,LIGHT,1,3.23,Low Confusion
GRANDFATHER,31,NOVEMBER,1,3.23,Low Confusion
GRANDFATHER,31,FAST,1,3.23,Low Confusion
GRANDFATHER,31,EGG,1,3.23,Low Confusion
GRANDFATHER,31,MARRIED,1,3.23,Low Confusion
GRANDFATHER,31,BREAD,1,3.23,Low Confusion
GRANDFATHER,31,GRAY,1,3.23,Low Confusion
GRANDFATHER,31,BEER,1,3.23,Low Confusion
GRANDFATHER,31,MILK,1,3.23,Low Confusion
GRANDFATHER,31,SLOW,1,3.23,Low Confusion
GRANDFATHER,31,PINK,1,3.23,Low Confusion
GRANDMOTHER,30,THANK YOU,2,6.67,Moderate Confusion
GRANDMOTHER,30,IM FINE,1,3.33,Low Confusion
GRANDMOTHER,30,MILK,1,3.33,Low Confusion
GRANDMOTHER,30,DARK,1,3.33,Low Confusion
GRANDMOTHER,30,UNDERSTAND,1,3.33,Low Confusion
GRANDMOTHER,30,VIOLET,1,3.33,Low Confusion
GRANDMOTHER,30,GOOD EVENING,1,3.33,Low Confusion
GRANDMOTHER,30,TEA,1,3.33,Low Confusion
GRANDMOTHER,30,LONGANISA,1,3.33,Low Confusion
GRANDMOTHER,30,COLD,1,3.33,Low Confusion
GRANDMOTHER,30,ONE,1,3.33,Low Confusion
GRANDMOTHER,30,SUGAR,1,3.33,Low Confusion
GRANDMOTHER,30,SEPTEMBER,1,3.33,Low Confusion
GRAY,31,TEA,2,6.45,Moderate Confusion
GRAY,31,GRANDMOTHER,2,6.45,Moderate Confusion
GRAY,31,MONDAY,2,6.45,Moderate Confusion
GRAY,31,RED,2,6.45,Moderate Confusion
GRAY,31,UNCLE,1,3.23,Low Confusion
GRAY,31,SHRIMP,1,3.23,Low Confusion
GRAY,31,LONGANISA,1,3.23,Low Confusion
GRAY,31,MARCH,1,3.23,Low Confusion
GRAY,31,DEAF,1,3.23,Low Confusion
GRAY,31,NO SUGAR,1,3.23,Low Confusion
GRAY,31,GREEN,1,3.23,Low Confusion
GRAY,31,TUESDAY,1,3.23,Low Confusion
GRAY,31,COLD,1,3.23,Low Confusion
GREEN,26,SON,2,7.69,Moderate Confusion
GREEN,26,SUGAR,2,7.69,Moderate Confusion
GREEN,26,GRANDMOTHER,1,3.85,Low Confusion
GREEN,26,SEPTEMBER,1,3.85,Low Confusion
GREEN,26,APRIL,1,3.85,Low Confusion
GREEN,26,SATURDAY,1,3.85,Low Confusion
GREEN,26,UNCLE,1,3.85,Low Confusion
GREEN,26,BLIND,1,3.85,Low Confusion
GREEN,26,TODAY,1,3.85,Low Confusion
HARD OF HEARING,29,GREEN,1,3.45,Low Confusion
HARD OF HEARING,29,APRIL,1,3.45,Low Confusion
HARD OF HEARING,29,AUNTIE,1,3.45,Low Confusion
HARD OF HEARING,29,COLD,1,3.45,Low Confusion
HARD OF HEARING,29,JUICE,1,3.45,Low Confusion
HARD OF HEARING,29,BLACK,1,3.45,Low Confusion
HARD OF HEARING,29,MAY,1,3.45,Low Confusion
HARD OF HEARING,29,SUNDAY,1,3.45,Low Confusion
HARD OF HEARING,29,THREE,1,3.45,Low Confusion
HARD OF HEARING,29,NICE TO MEET YOU,1,3.45,Low Confusion
HARD OF HEARING,29,NO SUGAR,1,3.45,Low Confusion
HELLO,32,COUSIN,1,3.12,Low Confusion
HELLO,32,THURSDAY,1,3.12,Low Confusion
HELLO,32,GREEN,1,3.12,Low Confusion
HELLO,32,FATHER,1,3.12,Low Confusion
HELLO,32,BOY,1,3.12,Low Confusion
HELLO,32,HOT,1,3.12,Low Confusion
HELLO,32,HARD OF HEARING,1,3.12,Low Confusion
HELLO,32,FRIDAY,1,3.12,Low Confusion
HELLO,32,GIRL,1,3.12,Low Confusion
HELLO,32,WOMAN,1,3.12,Low Confusion
HELLO,32,FEBRUARY,1,3.12,Low Confusion
HELLO,32,UNCLE,1,3.12,Low Confusion
HELLO,32,DARK,1,3.12,Low Confusion
HELLO,32,RICE,1,3.12,Low Confusion
HOT,26,BROWN,1,3.85,Low Confusion
HOT,26,GOOD EVENING,1,3.85,Low Confusion
HOT,26,BREAD,1,3.85,Low Confusion
HOT,26,BLUE,1,3.85,Low Confusion
HOT,26,DON’T UNDERSTAND,1,3.85,Low Confusion
HOT,26,OCTOBER,1,3.85,Low Confusion
HOT,26,SPAGHETTI,1,3.85,Low Confusion
HOT,26,THREE,1,3.85,Low Confusion
HOT,26,THURSDAY,1,3.85,Low Confusion
HOT,26,BLIND,1,3.85,Low Confusion
HOT,26,FRIDAY,1,3.85,Low Confusion
HOW ARE YOU,29,DEAF BLIND,1,3.45,Low Confusion
HOW ARE YOU,29,WHITE,1,3.45,Low Confusion
HOW ARE YOU,29,MAY,1,3.45,Low Confusion
HOW ARE YOU,29,TOMORROW,1,3.45,Low Confusion
HOW ARE YOU,29,SEPTEMBER,1,3.45,Low Confusion
HOW ARE YOU,29,TODAY,1,3.45,Low Confusion
HOW ARE YOU,29,NO SUGAR,1,3.45,Low Confusion
HOW ARE YOU,29,NICE TO MEET YOU,1,3.45,Low Confusion
HOW ARE YOU,29,WEDNESDAY,1,3.45,Low Confusion
HOW ARE YOU,29,BLACK,1,3.45,Low Confusion
HOW ARE YOU,29,COFFEE,1,3.45,Low Confusion
HOW ARE YOU,29,GRANDMOTHER,1,3.45,Low Confusion
HOW ARE YOU,29,WOMAN,1,3.45,Low Confusion
HOW ARE YOU,29,BLUE,1,3.45,Low Confusion
HOW ARE YOU,29,GRANDFATHER,1,3.45,Low Confusion
IM FINE,28,PARENTS,2,7.14,Moderate Confusion
IM FINE,28,RICE,1,3.57,Low Confusion
IM FINE,28,PINK,1,3.57,Low Confusion
IM FINE,28,BREAD,1,3.57,Low Confusion
IM FINE,28,MONDAY,1,3.57,Low Confusion
IM FINE,28,DEAF BLIND,1,3.57,Low Confusion
IM FINE,28,ONE,1,3.57,Low Confusion
IM FINE,28,NOVEMBER,1,3.57,Low Confusion
IM FINE,28,LIGHT,1,3.57,Low Confusion
IM FINE,28,SPAGHETTI,1,3.57,Low Confusion
IM FINE,28,KNOW,1,3.57,Low Confusion
IM FINE,28,WRONG,1,3.57,Low Confusion
IM FINE,28,CORRECT,1,3.57,Low Confusion
IM FINE,28,YES,1,3.57,Low Confusion
JANUARY,22,IM FINE,2,9.09,Moderate Confusion
JANUARY,22,SEPTEMBER,1,4.55,Low Confusion
JANUARY,22,DON’T KNOW,1,4.55,Low Confusion
JANUARY,22,TEA,1,4.55,Low Confusion
JANUARY,22,FEBRUARY,1,4.55,Low Confusion
JANUARY,22,RED,1,4.55,Low Confusion
JANUARY,22,SATURDAY,1,4.55,Low Confusion
JANUARY,22,NO SUGAR,1,4.55,Low Confusion
JANUARY,22,FAST,1,4.55,Low Confusion
JANUARY,22,SEVEN,1,4.55,Low Confusion
JANUARY,22,HELLO,1,4.55,Low Confusion
JANUARY,22,GRAY,1,4.55,Low Confusion
JANUARY,22,CRAB,1,4.55,Low Confusion
JANUARY,22,UNDERSTAND,1,4.55,Low Confusion
JANUARY,22,VIOLET,1,4.55,Low Confusion
JANUARY,22,OCTOBER,1,4.55,Low Confusion
JANUARY,22,BROWN,1,4.55,Low Confusion
JUICE,28,BLIND,1,3.57,Low Confusion
JUICE,28,PINK,1,3.57,Low Confusion
JUICE,28,APRIL,1,3.57,Low Confusion
JUICE,28,NICE TO MEET YOU,1,3.57,Low Confusion
JUICE,28,TODAY,1,3.57,Low Confusion
JUICE,28,THREE,1,3.57,Low Confusion
JUICE,28,SON,1,3.57,Low Confusion
JUICE,28,CRAB,1,3.57,Low Confusion
JUICE,28,GREEN,1,3.57,Low Confusion
JUICE,28,LONGANISA,1,3.57,Low Confusion
JUICE,28,TUESDAY,1,3.57,Low Confusion
JUICE,28,CHICKEN,1,3.57,Low Confusion
JUICE,28,BREAD,1,3.57,Low Confusion
JUICE,28,DON’T UNDERSTAND,1,3.57,Low Confusion
JULY,21,AUGUST,2,9.52,Moderate Confusion
JULY,21,SUNDAY,2,9.52,Moderate Confusion
JULY,21,FEBRUARY,2,9.52,Moderate Confusion
JULY,21,DECEMBER,2,9.52,Moderate Confusion
JULY,21,WOMAN,1,4.76,Low Confusion
JULY,21,SIX,1,4.76,Low Confusion
JULY,21,FRIDAY,1,4.76,Low Confusion
JULY,21,WHITE,1,4.76,Low Confusion
JULY,21,IM FINE,1,4.76,Low Confusion
JULY,21,NO,1,4.76,Low Confusion
JULY,21,THURSDAY,1,4.76,Low Confusion
JULY,21,THREE,1,4.76,Low Confusion
JULY,21,BLIND,1,4.76,Low Confusion
JULY,21,FISH,1,4.76,Low Confusion
JULY,21,PARENTS,1,4.76,Low Confusion
JULY,21,MEAT,1,4.76,Low Confusion
JULY,21,BLUE,1,4.76,Low Confusion
JUNE,23,GREEN,2,8.7,Moderate Confusion
JUNE,23,MILK,2,8.7,Moderate Confusion
JUNE,23,SEPTEMBER,2,8.7,Moderate Confusion
JUNE,23,SUNDAY,1,4.35,Low Confusion
JUNE,23,YES,1,4.35,Low Confusion
JUNE,23,AUGUST,1,4.35,Low Confusion
JUNE,23,DON’T KNOW,1,4.35,Low Confusion
JUNE,23,CORRECT,1,4.35,Low Confusion
JUNE,23,WEDNESDAY,1,4.35,Low Confusion
JUNE,23,VIOLET,1,4.35,Low Confusion
JUNE,23,IM FINE,1,4.35,Low Confusion
JUNE,23,WRONG,1,4.35,Low Confusion
JUNE,23,ORANGE,1,4.35,Low Confusion
JUNE,23,SHRIMP,1,4.35,Low Confusion
JUNE,23,PINK,1,4.35,Low Confusion
JUNE,23,TOMORROW,1,4.35,Low Confusion
JUNE,23,TEN,1,4.35,Low Confusion
JUNE,23,SATURDAY,1,4.35,Low Confusion
JUNE,23,DAUGHTER,1,4.35,Low Confusion
JUNE,23,NO,1,4.35,Low Confusion
KNOW,28,HELLO,2,7.14,Moderate Confusion
KNOW,28,HOT,2,7.14,Moderate Confusion
KNOW,28,WINE,1,3.57,Low Confusion
KNOW,28,DON’T UNDERSTAND,1,3.57,Low Confusion
KNOW,28,BLUE,1,3.57,Low Confusion
KNOW,28,WHITE,1,3.57,Low Confusion
KNOW,28,CHICKEN,1,3.57,Low Confusion
KNOW,28,SON,1,3.57,Low Confusion
KNOW,28,SHRIMP,1,3.57,Low Confusion
KNOW,28,NO SUGAR,1,3.57,Low Confusion
KNOW,28,DAUGHTER,1,3.57,Low Confusion
KNOW,28,TODAY,1,3.57,Low Confusion
KNOW,28,FISH,1,3.57,Low Confusion
KNOW,28,SUNDAY,1,3.57,Low Confusion
KNOW,28,MEAT,1,3.57,Low Confusion
KNOW,28,AUNTIE,1,3.57,Low Confusion
LIGHT,29,HOW ARE YOU,1,3.45,Low Confusion
LIGHT,29,EGG,1,3.45,Low Confusion
LIGHT,29,DEAF,1,3.45,Low Confusion
LIGHT,29,BLUE,1,3.45,Low Confusion
LIGHT,29,FEBRUARY,1,3.45,Low Confusion
LIGHT,29,SEVEN,1,3.45,Low Confusion
LONGANISA,23,WEDNESDAY,1,4.35,Low Confusion
LONGANISA,23,SATURDAY,1,4.35,Low Confusion
LONGANISA,23,WRONG,1,4.35,Low Confusion
LONGANISA,23,JANUARY,1,4.35,Low Confusion
LONGANISA,23,WEELCHAIR PERSON,1,4.35,Low Confusion
MAN,25,GOOD MORNING,2,8.0,Moderate Confusion
MAN,25,COLD,2,8.0,Moderate Confusion
MAN,25,THREE,1,4.0,Low Confusion
MAN,25,SEE YOU TOMORROW,1,4.0,Low Confusion
MAN,25,TODAY,1,4.0,Low Confusion
MAN,25,DON’T UNDERSTAND,1,4.0,Low Confusion
MAN,25,FISH,1,4.0,Low Confusion
MAN,25,BROWN,1,4.0,Low Confusion
MAN,25,OCTOBER,1,4.0,Low Confusion
MAN,25,TWO,1,4.0,Low Confusion
MAN,25,DARK,1,4.0,Low Confusion
MAN,25,MARCH,1,4.0,Low Confusion
MAN,25,WOMAN,1,4.0,Low Confusion
MAN,25,MOTHER,1,4.0,Low Confusion
MARCH,27,YOURE WELCOME,2,7.41,Moderate Confusion
MARCH,27,GREEN,2,7.41,Moderate Confusion
MARCH,27,SEPTEMBER,1,3.7,Low Confusion
MARCH,27,JUICE,1,3.7,Low Confusion
MARCH,27,MILK,1,3.7,Low Confusion
MARCH,27,MARRIED,1,3.7,Low Confusion
MARCH,27,HARD OF HEARING,1,3.7,Low Confusion
MARCH,27,PARENTS,1,3.7,Low Confusion
MARCH,27,CHICKEN,1,3.7,Low Confusion
MARCH,27,COLD,1,3.7,Low Confusion
MARCH,27,YES,1,3.7,Low Confusion
MARCH,27,GIRL,1,3.7,Low Confusion
MARCH,27,WINE,1,3.7,Low Confusion
MARCH,27,DAUGHTER,1,3.7,Low Confusion
MARRIED,30,APRIL,2,6.67,Moderate Confusion
MARRIED,30,SEPTEMBER,2,6.67,Moderate Confusion
MARRIED,30,VIOLET,2,6.67,Moderate Confusion
MARRIED,30,IM FINE,1,3.33,Low Confusion
MARRIED,30,HELLO,1,3.33,Low Confusion
MARRIED,30,FISH,1,3.33,Low Confusion
MARRIED,30,COFFEE,1,3.33,Low Confusion
MARRIED,30,THANK YOU,1,3.33,Low Confusion
MARRIED,30,WHITE,1,3.33,Low Confusion
MARRIED,30,PARENTS,1,3.33,Low Confusion
MARRIED,30,BREAD,1,3.33,Low Confusion
MARRIED,30,CORRECT,1,3.33,Low Confusion
MAY,27,GOOD MORNING,2,7.41,Moderate Confusion
MAY,27,FRIDAY,2,7.41,Moderate Confusion
MAY,27,PARENTS,1,3.7,Low Confusion
MAY,27,JUICE,1,3.7,Low Confusion
MAY,27,AUNTIE,1,3.7,Low Confusion
MAY,27,SEE YOU TOMORROW,1,3.7,Low Confusion
MAY,27,THANK YOU,1,3.7,Low Confusion
MAY,27,DEAF,1,3.7,Low Confusion
MAY,27,IM FINE,1,3.7,Low Confusion
MAY,27,FEBRUARY,1,3.7,Low Confusion
MAY,27,GOOD EVENING,1,3.7,Low Confusion
MAY,27,GRANDFATHER,1,3.7,Low Confusion
MAY,27,DON’T KNOW,1,3.7,Low Confusion
MAY,27,SHRIMP,1,3.7,Low Confusion
MAY,27,BOY,1,3.7,Low Confusion
MAY,27,FATHER,1,3.7,Low Confusion
MAY,27,AUGUST,1,3.7,Low Confusion
MAY,27,FIVE,1,3.7,Low Confusion
MAY,27,SLOW,1,3.7,Low Confusion
MAY,27,GRANDMOTHER,1,3.7,Low Confusion
MEAT,33,APRIL,1,3.03,Low Confusion
MEAT,33,MOTHER,1,3.03,Low Confusion
MEAT,33,THANK YOU,1,3.03,Low Confusion
MEAT,33,JUICE,1,3.03,Low Confusion
MEAT,33,DEAF BLIND,1,3.03,Low Confusion
MEAT,33,RED,1,3.03,Low Confusion
MEAT,33,AUGUST,1,3.03,Low Confusion
MEAT,33,YES,1,3.03,Low Confusion
MEAT,33,GIRL,1,3.03,Low Confusion
MEAT,33,FATHER,1,3.03,Low Confusion
MEAT,33,SEPTEMBER,1,3.03,Low Confusion
MEAT,33,THURSDAY,1,3.03,Low Confusion
MILK,32,THANK YOU,2,6.25,Moderate Confusion
MILK,32,WOMAN,1,3.12,Low Confusion
MILK,32,FOUR,1,3.12,Low Confusion
MILK,32,JANUARY,1,3.12,Low Confusion
MILK,32,DEAF,1,3.12,Low Confusion
MILK,32,GRANDMOTHER,1,3.12,Low Confusion
MILK,32,TEN,1,3.12,Low Confusion
MILK,32,THREE,1,3.12,Low Confusion
MILK,32,BOY,1,3.12,Low Confusion
MILK,32,GOOD MORNING,1,3.12,Low Confusion
MILK,32,UNCLE,1,3.12,Low Confusion
MONDAY,22,NO,1,4.55,Low Confusion
MONDAY,22,MAY,1,4.55,Low Confusion
MONDAY,22,DEAF BLIND,1,4.55,Low Confusion
MONDAY,22,NOVEMBER,1,4.55,Low Confusion
MONDAY,22,BLACK,1,4.55,Low Confusion
MONDAY,22,DON’T KNOW,1,4.55,Low Confusion
MONDAY,22,GOOD EVENING,1,4.55,Low Confusion
MONDAY,22,MEAT,1,4.55,Low Confusion
MONDAY,22,PINK,1,4.55,Low Confusion
MONDAY,22,CRAB,1,4.55,Low Confusion
MONDAY,22,MARCH,1,4.55,Low Confusion
MONDAY,22,WEELCHAIR PERSON,1,4.55,Low Confusion
MOTHER,29,JUICE,2,6.9,Moderate Confusion
MOTHER,29,GRANDMOTHER,2,6.9,Moderate Confusion
MOTHER,29,BLACK,1,3.45,Low Confusion
MOTHER,29,MONDAY,1,3.45,Low Confusion
MOTHER,29,YES,1,3.45,Low Confusion
MOTHER,29,COUSIN,1,3.45,Low Confusion
MOTHER,29,BEER,1,3.45,Low Confusion
MOTHER,29,BLUE,1,3.45,Low Confusion
MOTHER,29,SEPTEMBER,1,3.45,Low Confusion
MOTHER,29,SLOW,1,3.45,Low Confusion
MOTHER,29,CHICKEN,1,3.45,Low Confusion
MOTHER,29,WOMAN,1,3.45,Low Confusion
MOTHER,29,SEE YOU TOMORROW,1,3.45,Low Confusion
MOTHER,29,TWO,1,3.45,Low Confusion
MOTHER,29,MILK,1,3.45,Low Confusion
MOTHER,29,BREAD,1,3.45,Low Confusion
MOTHER,29,NO,1,3.45,Low Confusion
MOTHER,29,THANK YOU,1,3.45,Low Confusion
MOTHER,29,FIVE,1,3.45,Low Confusion
NICE TO MEET YOU,26,SEPTEMBER,1,3.85,Low Confusion
NICE TO MEET YOU,26,TEA,1,3.85,Low Confusion
NICE TO MEET YOU,26,GRAY,1,3.85,Low Confusion
NICE TO MEET YOU,26,GRANDMOTHER,1,3.85,Low Confusion
NICE TO MEET YOU,26,CHICKEN,1,3.85,Low Confusion
NICE TO MEET YOU,26,DON’T KNOW,1,3.85,Low Confusion
NICE TO MEET YOU,26,NINE,1,3.85,Low Confusion
NICE TO MEET YOU,26,MOTHER,1,3.85,Low Confusion
NICE TO MEET YOU,26,GREEN,1,3.85,Low Confusion
NINE,26,GRANDMOTHER,2,7.69,Moderate Confusion
NINE,26,DEAF,2,7.69,Moderate Confusion
NINE,26,LONGANISA,1,3.85,Low Confusion
NINE,26,GOOD MORNING,1,3.85,Low Confusion
NINE,26,VIOLET,1,3.85,Low Confusion
NINE,26,JUICE,1,3.85,Low Confusion
NINE,26,DON’T UNDERSTAND,1,3.85,Low Confusion
NINE,26,GOOD AFTERNOON,1,3.85,Low Confusion
NINE,26,APRIL,1,3.85,Low Confusion
NINE,26,SATURDAY,1,3.85,Low Confusion
NINE,26,BROWN,1,3.85,Low Confusion
NINE,26,THURSDAY,1,3.85,Low Confusion
NINE,26,EGG,1,3.85,Low Confusion
NINE,26,YES,1,3.85,Low Confusion
NINE,26,BREAD,1,3.85,Low Confusion
NINE,26,SLOW,1,3.85,Low Confusion
NINE,26,NO,1,3.85,Low Confusion
NO,29,PARENTS,2,6.9,Moderate Confusion
NO,29,THANK YOU,1,3.45,Low Confusion
NO,29,BROWN,1,3.45,Low Confusion
NO,29,GOOD EVENING,1,3.45,Low Confusion
NO,29,SIX,1,3.45,Low Confusion
NO,29,CHICKEN,1,3.45,Low Confusion
NO,29,CRAB,1,3.45,Low Confusion
NO,29,SPAGHETTI,1,3.45,Low Confusion
NO,29,BLIND,1,3.45,Low Confusion
NO,29,EGG,1,3.45,Low Confusion
NO,29,JUICE,1,3.45,Low Confusion
NO,29,YES,1,3.45,Low Confusion
NO SUGAR,26,SEE YOU TOMORROW,2,7.69,Moderate Confusion
NO SUGAR,26,GRANDFATHER,1,3.85,Low Confusion
NO SUGAR,26,THREE,1,3.85,Low Confusion
NO SUGAR,26,DON’T KNOW,1,3.85,Low Confusion
NO SUGAR,26,IM FINE,1,3.85,Low Confusion
NO SUGAR,26,HOW ARE YOU,1,3.85,Low Confusion
NO SUGAR,26,GRANDMOTHER,1,3.85,Low Confusion
NO SUGAR,26,YELLOW,1,3.85,Low Confusion
NO SUGAR,26,TODAY,1,3.85,Low Confusion
NO SUGAR,26,JANUARY,1,3.85,Low Confusion
NO SUGAR,26,GOOD EVENING,1,3.85,Low Confusion
NO SUGAR,26,NICE TO MEET YOU,1,3.85,Low Confusion
NO SUGAR,26,GREEN,1,3.85,Low Confusion
NO SUGAR,26,GIRL,1,3.85,Low Confusion
NO SUGAR,26,AUNTIE,1,3.85,Low Confusion
NOVEMBER,34,SEPTEMBER,5,14.71,High Confusion
NOVEMBER,34,MARRIED,1,2.94,Low Confusion
NOVEMBER,34,WRONG,1,2.94,Low Confusion
NOVEMBER,34,VIOLET,1,2.94,Low Confusion
NOVEMBER,34,SPAGHETTI,1,2.94,Low Confusion
NOVEMBER,34,DEAF BLIND,1,2.94,Low Confusion
NOVEMBER,34,TODAY,1,2.94,Low Confusion
NOVEMBER,34,BROWN,1,2.94,Low Confusion
NOVEMBER,34,WINE,1,2.94,Low Confusion
NOVEMBER,34,FEBRUARY,1,2.94,Low Confusion
NOVEMBER,34,SLOW,1,2.94,Low Confusion
NOVEMBER,34,DECEMBER,1,2.94,Low Confusion
NOVEMBER,34,BLUE,1,2.94,Low Confusion
NOVEMBER,34,BOY,1,2.94,Low Confusion
NOVEMBER,34,EGG,1,2.94,Low Confusion
NOVEMBER,34,NO SUGAR,1,2.94,Low Confusion
NOVEMBER,34,TOMORROW,1,2.94,Low Confusion
OCTOBER,25,DECEMBER,2,8.0,Moderate Confusion
OCTOBER,25,NOVEMBER,2,8.0,Moderate Confusion
OCTOBER,25,SEPTEMBER,2,8.0,Moderate Confusion
OCTOBER,25,BREAD,1,4.0,Low Confusion
OCTOBER,25,WINE,1,4.0,Low Confusion
OCTOBER,25,JUICE,1,4.0,Low Confusion
OCTOBER,25,DAUGHTER,1,4.0,Low Confusion
OCTOBER,25,COLD,1,4.0,Low Confusion
OCTOBER,25,SHRIMP,1,4.0,Low Confusion
OCTOBER,25,FISH,1,4.0,Low Confusion
OCTOBER,25,NO,1,4.0,Low Confusion
OCTOBER,25,TWO,1,4.0,Low Confusion
OCTOBER,25,MEAT,1,4.0,Low Confusion
OCTOBER,25,BLACK,1,4.0,Low Confusion
OCTOBER,25,RED,1,4.0,Low Confusion
OCTOBER,25,TEA,1,4.0,Low Confusion
ONE,29,MONDAY,2,6.9,Moderate Confusion
ONE,29,NO,1,3.45,Low Confusion
ONE,29,WEDNESDAY,1,3.45,Low Confusion
ONE,29,MAN,1,3.45,Low Confusion
ONE,29,COLD,1,3.45,Low Confusion
ONE,29,GOOD EVENING,1,3.45,Low Confusion
ONE,29,GOOD MORNING,1,3.45,Low Confusion
ONE,29,SATURDAY,1,3.45,Low Confusion
ONE,29,SPAGHETTI,1,3.45,Low Confusion
ONE,29,WRONG,1,3.45,Low Confusion
ONE,29,HARD OF HEARING,1,3.45,Low Confusion
ONE,29,DEAF,1,3.45,Low Confusion
ONE,29,KNOW,1,3.45,Low Confusion
ONE,29,GRANDFATHER,1,3.45,Low Confusion
ONE,29,YES,1,3.45,Low Confusion
ONE,29,MARRIED,1,3.45,Low Confusion
ORANGE,27,UNCLE,2,7.41,Moderate Confusion
ORANGE,27,GIRL,2,7.41,Moderate Confusion
ORANGE,27,SON,1,3.7,Low Confusion
ORANGE,27,DON’T UNDERSTAND,1,3.7,Low Confusion
ORANGE,27,RICE,1,3.7,Low Confusion
ORANGE,27,FATHER,1,3.7,Low Confusion
ORANGE,27,TOMORROW,1,3.7,Low Confusion
ORANGE,27,COUSIN,1,3.7,Low Confusion
ORANGE,27,GRANDFATHER,1,3.7,Low Confusion
ORANGE,27,SEE YOU TOMORROW,1,3.7,Low Confusion
ORANGE,27,YELLOW,1,3.7,Low Confusion
ORANGE,27,PARENTS,1,3.7,Low Confusion
PARENTS,27,TEA,1,3.7,Low Confusion
PARENTS,27,MILK,1,3.7,Low Confusion
PARENTS,27,THANK YOU,1,3.7,Low Confusion
PARENTS,27,WHITE,1,3.7,Low Confusion
PARENTS,27,FISH,1,3.7,Low Confusion
PARENTS,27,DEAF,1,3.7,Low Confusion
PARENTS,27,NOVEMBER,1,3.7,Low Confusion
PARENTS,27,THREE,1,3.7,Low Confusion
PARENTS,27,GRAY,1,3.7,Low Confusion
PARENTS,27,FAST,1,3.7,Low Confusion
PARENTS,27,JUICE,1,3.7,Low Confusion
PINK,25,SEE YOU TOMORROW,1,4.0,Low Confusion
PINK,25,FIVE,1,4.0,Low Confusion
PINK,25,FEBRUARY,1,4.0,Low Confusion
PINK,25,BEER,1,4.0,Low Confusion
PINK,25,HOW ARE YOU,1,4.0,Low Confusion
PINK,25,RICE,1,4.0,Low Confusion
PINK,25,BROWN,1,4.0,Low Confusion
PINK,25,MARCH,1,4.0,Low Confusion
PINK,25,DEAF BLIND,1,4.0,Low Confusion
PINK,25,UNCLE,1,4.0,Low Confusion
RED,27,PINK,2,7.41,Moderate Confusion
RED,27,FIVE,1,3.7,Low Confusion
RED,27,GIRL,1,3.7,Low Confusion
RED,27,HARD OF HEARING,1,3.7,Low Confusion
RED,27,MONDAY,1,3.7,Low Confusion
RED,27,BROWN,1,3.7,Low Confusion
RED,27,DARK,1,3.7,Low Confusion
RED,27,HELLO,1,3.7,Low Confusion
RED,27,SATURDAY,1,3.7,Low Confusion
RED,27,JANUARY,1,3.7,Low Confusion
RED,27,HOT,1,3.7,Low Confusion
RED,27,DEAF,1,3.7,Low Confusion
RED,27,UNCLE,1,3.7,Low Confusion
RED,27,LONGANISA,1,3.7,Low Confusion
RED,27,DEAF BLIND,1,3.7,Low Confusion
RICE,27,SEPTEMBER,2,7.41,Moderate Confusion
RICE,27,BLACK,1,3.7,Low Confusion
RICE,27,MARCH,1,3.7,Low Confusion
RICE,27,GREEN,1,3.7,Low Confusion
RICE,27,SUNDAY,1,3.7,Low Confusion
RICE,27,FRIDAY,1,3.7,Low Confusion
RICE,27,WRONG,1,3.7,Low Confusion
RICE,27,DON’T UNDERSTAND,1,3.7,Low Confusion
SATURDAY,31,KNOW,2,6.45,Moderate Confusion
SATURDAY,31,DAUGHTER,1,3.23,Low Confusion
SATURDAY,31,BROWN,1,3.23,Low Confusion
SATURDAY,31,TODAY,1,3.23,Low Confusion
SATURDAY,31,WEELCHAIR PERSON,1,3.23,Low Confusion
SATURDAY,31,CORRECT,1,3.23,Low Confusion
SATURDAY,31,SEE YOU TOMORROW,1,3.23,Low Confusion
SATURDAY,31,YOURE WELCOME,1,3.23,Low Confusion
SATURDAY,31,UNDERSTAND,1,3.23,Low Confusion
SATURDAY,31,PINK,1,3.23,Low Confusion
SATURDAY,31,WRONG,1,3.23,Low Confusion
SATURDAY,31,COFFEE,1,3.23,Low Confusion
SATURDAY,31,GIRL,1,3.23,Low Confusion
SEE YOU TOMORROW,30,CRAB,2,6.67,Moderate Confusion
SEE YOU TOMORROW,30,DON’T KNOW,1,3.33,Low Confusion
SEE YOU TOMORROW,30,YES,1,3.33,Low Confusion
SEE YOU TOMORROW,30,DAUGHTER,1,3.33,Low Confusion
SEE YOU TOMORROW,30,HOT,1,3.33,Low Confusion
SEE YOU TOMORROW,30,GOOD AFTERNOON,1,3.33,Low Confusion
SEE YOU TOMORROW,30,CHICKEN,1,3.33,Low Confusion
SEE YOU TOMORROW,30,SUNDAY,1,3.33,Low Confusion
SEE YOU TOMORROW,30,SON,1,3.33,Low Confusion
SEE YOU TOMORROW,30,RED,1,3.33,Low Confusion
SEE YOU TOMORROW,30,SLOW,1,3.33,Low Confusion
SEE YOU TOMORROW,30,TEN,1,3.33,Low Confusion
SEE YOU TOMORROW,30,TOMORROW,1,3.33,Low Confusion
SEE YOU TOMORROW,30,MAN,1,3.33,Low Confusion
SEE YOU TOMORROW,30,GOOD MORNING,1,3.33,Low Confusion
SEE YOU TOMORROW,30,BOY,1,3.33,Low Confusion
SEPTEMBER,26,THURSDAY,1,3.85,Low Confusion
SEPTEMBER,26,CORRECT,1,3.85,Low Confusion
SEPTEMBER,26,COUSIN,1,3.85,Low Confusion
SEPTEMBER,26,CHICKEN,1,3.85,Low Confusion
SEPTEMBER,26,BROWN,1,3.85,Low Confusion
SEPTEMBER,26,SHRIMP,1,3.85,Low Confusion
SEPTEMBER,26,PINK,1,3.85,Low Confusion
SEPTEMBER,26,DEAF BLIND,1,3.85,Low Confusion
SEPTEMBER,26,HOW ARE YOU,1,3.85,Low Confusion
SEPTEMBER,26,MILK,1,3.85,Low Confusion
SEPTEMBER,26,ORANGE,1,3.85,Low Confusion
SEPTEMBER,26,DON’T UNDERSTAND,1,3.85,Low Confusion
SEPTEMBER,26,DARK,1,3.85,Low Confusion
SEVEN,25,UNCLE,2,8.0,Moderate Confusion
SEVEN,25,SIX,2,8.0,Moderate Confusion
SEVEN,25,GRANDFATHER,1,4.0,Low Confusion
SEVEN,25,SATURDAY,1,4.0,Low Confusion
SEVEN,25,NICE TO MEET YOU,1,4.0,Low Confusion
SEVEN,25,JUICE,1,4.0,Low Confusion
SEVEN,25,PINK,1,4.0,Low Confusion
SEVEN,25,MARRIED,1,4.0,Low Confusion
SEVEN,25,RED,1,4.0,Low Confusion
SEVEN,25,GRAY,1,4.0,Low Confusion
SEVEN,25,SPAGHETTI,1,4.0,Low Confusion
SEVEN,25,LIGHT,1,4.0,Low Confusion
SEVEN,25,GIRL,1,4.0,Low Confusion
SEVEN,25,WEDNESDAY,1,4.0,Low Confusion
SEVEN,25,NO,1,4.0,Low Confusion
SEVEN,25,DEAF BLIND,1,4.0,Low Confusion
SEVEN,25,CRAB,1,4.0,Low Confusion
SEVEN,25,THURSDAY,1,4.0,Low Confusion
SEVEN,25,DAUGHTER,1,4.0,Low Confusion
SHRIMP,27,CORRECT,2,7.41,Moderate Confusion
SHRIMP,27,FIVE,1,3.7,Low Confusion
SHRIMP,27,GRANDFATHER,1,3.7,Low Confusion
SHRIMP,27,WOMAN,1,3.7,Low Confusion
SHRIMP,27,TEA,1,3.7,Low Confusion
SHRIMP,27,JUICE,1,3.7,Low Confusion
SHRIMP,27,NICE TO MEET YOU,1,3.7,Low Confusion
SHRIMP,27,TODAY,1,3.7,Low Confusion
SHRIMP,27,AUNTIE,1,3.7,Low Confusion
SIX,24,WEDNESDAY,2,8.33,Moderate Confusion
SIX,24,SEPTEMBER,2,8.33,Moderate Confusion
SIX,24,GIRL,2,8.33,Moderate Confusion
SIX,24,DON’T KNOW,1,4.17,Low Confusion
SIX,24,WRONG,1,4.17,Low Confusion
SIX,24,TEA,1,4.17,Low Confusion
SIX,24,BOY,1,4.17,Low Confusion
SIX,24,SATURDAY,1,4.17,Low Confusion
SIX,24,HARD OF HEARING,1,4.17,Low Confusion
SIX,24,GRANDFATHER,1,4.17,Low Confusion
SIX,24,BROWN,1,4.17,Low Confusion
SIX,24,THANK YOU,1,4.17,Low Confusion
SIX,24,DARK,1,4.17,Low Confusion
SIX,24,TOMORROW,1,4.17,Low Confusion
SIX,24,GOOD AFTERNOON,1,4.17,Low Confusion
SIX,24,RICE,1,4.17,Low Confusion
SIX,24,DAUGHTER,1,4.17,Low Confusion
SLOW,30,DAUGHTER,2,6.67,Moderate Confusion
SLOW,30,AUNTIE,1,3.33,Low Confusion
SLOW,30,GREEN,1,3.33,Low Confusion
SLOW,30,BLUE,1,3.33,Low Confusion
SLOW,30,NICE TO MEET YOU,1,3.33,Low Confusion
SLOW,30,CRAB,1,3.33,Low Confusion
SLOW,30,AUGUST,1,3.33,Low Confusion
SLOW,30,TOMORROW,1,3.33,Low Confusion
SLOW,30,WOMAN,1,3.33,Low Confusion
SLOW,30,EGG,1,3.33,Low Confusion
SON,27,NO,2,7.41,Moderate Confusion
SON,27,COLD,2,7.41,Moderate Confusion
SON,27,FISH,1,3.7,Low Confusion
SON,27,WEDNESDAY,1,3.7,Low Confusion
SON,27,HOW ARE YOU,1,3.7,Low Confusion
SON,27,DEAF,1,3.7,Low Confusion
SON,27,VIOLET,1,3.7,Low Confusion
SON,27,HOT,1,3.7,Low Confusion
SON,27,RICE,1,3.7,Low Confusion
SON,27,MEAT,1,3.7,Low Confusion
SON,27,SUNDAY,1,3.7,Low Confusion
SON,27,DON’T KNOW,1,3.7,Low Confusion
SON,27,JUICE,1,3.7,Low Confusion
SON,27,FIVE,1,3.7,Low Confusion
SON,27,SHRIMP,1,3.7,Low Confusion
SON,27,TEN,1,3.7,Low Confusion
SPAGHETTI,31,BREAD,2,6.45,Moderate Confusion
SPAGHETTI,31,BLACK,1,3.23,Low Confusion
SPAGHETTI,31,YELLOW,1,3.23,Low Confusion
SPAGHETTI,31,ORANGE,1,3.23,Low Confusion
SPAGHETTI,31,HOT,1,3.23,Low Confusion
SPAGHETTI,31,PINK,1,3.23,Low Confusion
SPAGHETTI,31,MARRIED,1,3.23,Low Confusion
SPAGHETTI,31,TEA,1,3.23,Low Confusion
SPAGHETTI,31,THREE,1,3.23,Low Confusion
SPAGHETTI,31,GRANDMOTHER,1,3.23,Low Confusion
SUGAR,27,YELLOW,1,3.7,Low Confusion
SUGAR,27,SLOW,1,3.7,Low Confusion
SUGAR,27,WOMAN,1,3.7,Low Confusion
SUGAR,27,WRONG,1,3.7,Low Confusion
SUGAR,27,RED,1,3.7,Low Confusion
SUGAR,27,MILK,1,3.7,Low Confusion
SUGAR,27,YOURE WELCOME,1,3.7,Low Confusion
SUGAR,27,TUESDAY,1,3.7,Low Confusion
SUGAR,27,LONGANISA,1,3.7,Low Confusion
SUGAR,27,ONE,1,3.7,Low Confusion
SUGAR,27,VIOLET,1,3.7,Low Confusion
SUGAR,27,SATURDAY,1,3.7,Low Confusion
SUNDAY,28,WEDNESDAY,1,3.57,Low Confusion
SUNDAY,28,SUGAR,1,3.57,Low Confusion
SUNDAY,28,AUGUST,1,3.57,Low Confusion
SUNDAY,28,COLD,1,3.57,Low Confusion
SUNDAY,28,YOURE WELCOME,1,3.57,Low Confusion
TEA,22,MARRIED,2,9.09,Moderate Confusion
TEA,22,DEAF,1,4.55,Low Confusion
TEA,22,SATURDAY,1,4.55,Low Confusion
TEA,22,THURSDAY,1,4.55,Low Confusion
TEA,22,NO,1,4.55,Low Confusion
TEN,25,NOVEMBER,2,8.0,Moderate Confusion
TEN,25,HOT,1,4.0,Low Confusion
TEN,25,PINK,1,4.0,Low Confusion
TEN,25,FISH,1,4.0,Low Confusion
TEN,25,SEPTEMBER,1,4.0,Low Confusion
TEN,25,SUGAR,1,4.0,Low Confusion
TEN,25,COUSIN,1,4.0,Low Confusion
TEN,25,SLOW,1,4.0,Low Confusion
TEN,25,DEAF,1,4.0,Low Confusion
TEN,25,DON’T KNOW,1,4.0,Low Confusion
TEN,25,BROWN,1,4.0,Low Confusion
TEN,25,SUNDAY,1,4.0,Low Confusion
TEN,25,CORRECT,1,4.0,Low Confusion
THANK YOU,29,PARENTS,1,3.45,Low Confusion
THANK YOU,29,GREEN,1,3.45,Low Confusion
THANK YOU,29,SHRIMP,1,3.45,Low Confusion
THANK YOU,29,WINE,1,3.45,Low Confusion
THANK YOU,29,MAN,1,3.45,Low Confusion
THANK YOU,29,DECEMBER,1,3.45,Low Confusion
THANK YOU,29,DAUGHTER,1,3.45,Low Confusion
THANK YOU,29,FISH,1,3.45,Low Confusion
THANK YOU,29,HOW ARE YOU,1,3.45,Low Confusion
THANK YOU,29,LIGHT,1,3.45,Low Confusion
THANK YOU,29,BLACK,1,3.45,Low Confusion
THANK YOU,29,BEER,1,3.45,Low Confusion
THANK YOU,29,SPAGHETTI,1,3.45,Low Confusion
THANK YOU,29,OCTOBER,1,3.45,Low Confusion
THANK YOU,29,BLIND,1,3.45,Low Confusion
THANK YOU,29,RICE,1,3.45,Low Confusion
THANK YOU,29,DEAF,1,3.45,Low Confusion
THANK YOU,29,KNOW,1,3.45,Low Confusion
THREE,25,CHICKEN,2,8.0,Moderate Confusion
THREE,25,BROWN,1,4.0,Low Confusion
THREE,25,GRAY,1,4.0,Low Confusion
THREE,25,CRAB,1,4.0,Low Confusion
THREE,25,TWO,1,4.0,Low Confusion
THREE,25,THURSDAY,1,4.0,Low Confusion
THREE,25,ONE,1,4.0,Low Confusion
THREE,25,PINK,1,4.0,Low Confusion
THREE,25,TUESDAY,1,4.0,Low Confusion
THREE,25,BOY,1,4.0,Low Confusion
THREE,25,AUGUST,1,4.0,Low Confusion
THREE,25,AUNTIE,1,4.0,Low Confusion
THREE,25,VIOLET,1,4.0,Low Confusion
THREE,25,BREAD,1,4.0,Low Confusion
THREE,25,JUICE,1,4.0,Low Confusion
THREE,25,DAUGHTER,1,4.0,Low Confusion
THREE,25,MILK,1,4.0,Low Confusion
THURSDAY,32,GRAY,1,3.12,Low Confusion
THURSDAY,32,HARD OF HEARING,1,3.12,Low Confusion
THURSDAY,32,CORRECT,1,3.12,Low Confusion
THURSDAY,32,RICE,1,3.12,Low Confusion
THURSDAY,32,GRANDMOTHER,1,3.12,Low Confusion
THURSDAY,32,UNDERSTAND,1,3.12,Low Confusion
THURSDAY,32,DECEMBER,1,3.12,Low Confusion
THURSDAY,32,THANK YOU,1,3.12,Low Confusion
THURSDAY,32,TEA,1,3.12,Low Confusion
THURSDAY,32,FAST,1,3.12,Low Confusion
THURSDAY,32,FISH,1,3.12,Low Confusion
THURSDAY,32,COUSIN,1,3.12,Low Confusion
TODAY,24,DEAF,1,4.17,Low Confusion
TODAY,24,SPAGHETTI,1,4.17,Low Confusion
TODAY,24,SEPTEMBER,1,4.17,Low Confusion
TODAY,24,DEAF BLIND,1,4.17,Low Confusion
TODAY,24,EGG,1,4.17,Low Confusion
TODAY,24,IM FINE,1,4.17,Low Confusion
TODAY,24,CORRECT,1,4.17,Low Confusion
TODAY,24,SIX,1,4.17,Low Confusion
TODAY,24,JANUARY,1,4.17,Low Confusion
TODAY,24,NO SUGAR,1,4.17,Low Confusion
TODAY,24,RED,1,4.17,Low Confusion
TODAY,24,COFFEE,1,4.17,Low Confusion
TOMORROW,29,THURSDAY,1,3.45,Low Confusion
TOMORROW,29,HOT,1,3.45,Low Confusion
TOMORROW,29,VIOLET,1,3.45,Low Confusion
TOMORROW,29,BLACK,1,3.45,Low Confusion
TOMORROW,29,BREAD,1,3.45,Low Confusion
TOMORROW,29,YES,1,3.45,Low Confusion
TOMORROW,29,LONGANISA,1,3.45,Low Confusion
TOMORROW,29,IM FINE,1,3.45,Low Confusion
TOMORROW,29,YELLOW,1,3.45,Low Confusion
TOMORROW,29,PARENTS,1,3.45,Low Confusion
TUESDAY,32,THURSDAY,2,6.25,Moderate Confusion
TUESDAY,32,MEAT,2,6.25,Moderate Confusion
TUESDAY,32,SEE YOU TOMORROW,2,6.25,Moderate Confusion
TUESDAY,32,SLOW,1,3.12,Low Confusion
TUESDAY,32,RICE,1,3.12,Low Confusion
TUESDAY,32,PINK,1,3.12,Low Confusion
TUESDAY,32,WRONG,1,3.12,Low Confusion
TUESDAY,32,SEPTEMBER,1,3.12,Low Confusion
TUESDAY,32,FISH,1,3.12,Low Confusion
TUESDAY,32,ORANGE,1,3.12,Low Confusion
TUESDAY,32,PARENTS,1,3.12,Low Confusion
TUESDAY,32,GREEN,1,3.12,Low Confusion
TUESDAY,32,GRAY,1,3.12,Low Confusion
TUESDAY,32,WINE,1,3.12,Low Confusion
TUESDAY,32,HELLO,1,3.12,Low Confusion
TUESDAY,32,CORRECT,1,3.12,Low Confusion
TUESDAY,32,TOMORROW,1,3.12,Low Confusion
TUESDAY,32,DEAF,1,3.12,Low Confusion
TWO,30,DON’T KNOW,2,6.67,Moderate Confusion
TWO,30,PARENTS,1,3.33,Low Confusion
TWO,30,NO,1,3.33,Low Confusion
TWO,30,BLUE,1,3.33,Low Confusion
TWO,30,SLOW,1,3.33,Low Confusion
TWO,30,KNOW,1,3.33,Low Confusion
TWO,30,GRANDMOTHER,1,3.33,Low Confusion
TWO,30,HOW ARE YOU,1,3.33,Low Confusion
TWO,30,FAST,1,3.33,Low Confusion
TWO,30,SEPTEMBER,1,3.33,Low Confusion
UNCLE,28,TEN,1,3.57,Low Confusion
UNCLE,28,PINK,1,3.57,Low Confusion
UNCLE,28,AUGUST,1,3.57,Low Confusion
UNCLE,28,CHICKEN,1,3.57,Low Confusion
UNCLE,28,COFFEE,1,3.57,Low Confusion
UNCLE,28,DECEMBER,1,3.57,Low Confusion
UNCLE,28,BLUE,1,3.57,Low Confusion
UNCLE,28,DEAF,1,3.57,Low Confusion
UNCLE,28,GREEN,1,3.57,Low Confusion
UNCLE,28,YOURE WELCOME,1,3.57,Low Confusion
UNCLE,28,SUNDAY,1,3.57,Low Confusion
UNDERSTAND,23,LIGHT,2,8.7,Moderate Confusion
UNDERSTAND,23,FRIDAY,1,4.35,Low Confusion
UNDERSTAND,23,DEAF,1,4.35,Low Confusion
UNDERSTAND,23,BEER,1,4.35,Low Confusion
UNDERSTAND,23,GIRL,1,4.35,Low Confusion
UNDERSTAND,23,BLUE,1,4.35,Low Confusion
UNDERSTAND,23,BLIND,1,4.35,Low Confusion
UNDERSTAND,23,LONGANISA,1,4.35,Low Confusion
UNDERSTAND,23,MEAT,1,4.35,Low Confusion
UNDERSTAND,23,MILK,1,4.35,Low Confusion
UNDERSTAND,23,SEPTEMBER,1,4.35,Low Confusion
UNDERSTAND,23,FOUR,1,4.35,Low Confusion
VIOLET,32,DEAF,2,6.25,Moderate Confusion
VIOLET,32,SUGAR,1,3.12,Low Confusion
VIOLET,32,TWO,1,3.12,Low Confusion
VIOLET,32,SEPTEMBER,1,3.12,Low Confusion
VIOLET,32,NICE TO MEET YOU,1,3.12,Low Confusion
VIOLET,32,FATHER,1,3.12,Low Confusion
VIOLET,32,CORRECT,1,3.12,Low Confusion
VIOLET,32,THREE,1,3.12,Low Confusion
VIOLET,32,DON’T KNOW,1,3.12,Low Confusion
VIOLET,32,DAUGHTER,1,3.12,Low Confusion
VIOLET,32,MARRIED,1,3.12,Low Confusion
VIOLET,32,FRIDAY,1,3.12,Low Confusion
WEDNESDAY,29,MAN,1,3.45,Low Confusion
WEDNESDAY,29,GRAY,1,3.45,Low Confusion
WEDNESDAY,29,SIX,1,3.45,Low Confusion
WEDNESDAY,29,NO,1,3.45,Low Confusion
WEDNESDAY,29,COFFEE,1,3.45,Low Confusion
WEDNESDAY,29,FIVE,1,3.45,Low Confusion
WEDNESDAY,29,WEELCHAIR PERSON,1,3.45,Low Confusion
WEDNESDAY,29,PINK,1,3.45,Low Confusion
WEELCHAIR PERSON,25,WEDNESDAY,2,8.0,Moderate Confusion
WEELCHAIR PERSON,25,THURSDAY,1,4.0,Low Confusion
WEELCHAIR PERSON,25,MONDAY,1,4.0,Low Confusion
WEELCHAIR PERSON,25,TODAY,1,4.0,Low Confusion
WEELCHAIR PERSON,25,VIOLET,1,4.0,Low Confusion
WEELCHAIR PERSON,25,DON’T KNOW,1,4.0,Low Confusion
WEELCHAIR PERSON,25,THANK YOU,1,4.0,Low Confusion
WEELCHAIR PERSON,25,HOW ARE YOU,1,4.0,Low Confusion
WEELCHAIR PERSON,25,AUGUST,1,4.0,Low Confusion
WEELCHAIR PERSON,25,SATURDAY,1,4.0,Low Confusion
WEELCHAIR PERSON,25,GRANDMOTHER,1,4.0,Low Confusion
WEELCHAIR PERSON,25,DECEMBER,1,4.0,Low Confusion
WEELCHAIR PERSON,25,BLUE,1,4.0,Low Confusion
WEELCHAIR PERSON,25,FEBRUARY,1,4.0,Low Confusion
WEELCHAIR PERSON,25,MOTHER,1,4.0,Low Confusion
WEELCHAIR PERSON,25,UNDERSTAND,1,4.0,Low Confusion
WEELCHAIR PERSON,25,WRONG,1,4.0,Low Confusion
WHITE,21,TEA,2,9.52,Moderate Confusion
WHITE,21,HELLO,2,9.52,Moderate Confusion
WHITE,21,COUSIN,2,9.52,Moderate Confusion
WHITE,21,MARRIED,1,4.76,Low Confusion
WHITE,21,BLUE,1,4.76,Low Confusion
WHITE,21,SLOW,1,4.76,Low Confusion
WHITE,21,DECEMBER,1,4.76,Low Confusion
WHITE,21,FATHER,1,4.76,Low Confusion
WHITE,21,RICE,1,4.76,Low Confusion
WHITE,21,AUNTIE,1,4.76,Low Confusion
WHITE,21,CHICKEN,1,4.76,Low Confusion
WHITE,21,GIRL,1,4.76,Low Confusion
WINE,26,NOVEMBER,2,7.69,Moderate Confusion
WINE,26,WRONG,1,3.85,Low Confusion
WINE,26,FOUR,1,3.85,Low Confusion
WINE,26,EGG,1,3.85,Low Confusion
WINE,26,SHRIMP,1,3.85,Low Confusion
WINE,26,SEE YOU TOMORROW,1,3.85,Low Confusion
WINE,26,DEAF,1,3.85,Low Confusion
WINE,26,MEAT,1,3.85,Low Confusion
WINE,26,BOY,1,3.85,Low Confusion
WINE,26,WOMAN,1,3.85,Low Confusion
WINE,26,AUNTIE,1,3.85,Low Confusion
WOMAN,29,HOT,1,3.45,Low Confusion
WOMAN,29,GIRL,1,3.45,Low Confusion
WOMAN,29,WRONG,1,3.45,Low Confusion
WOMAN,29,HELLO,1,3.45,Low Confusion
WOMAN,29,WEDNESDAY,1,3.45,Low Confusion
WOMAN,29,SEE YOU TOMORROW,1,3.45,Low Confusion
WOMAN,29,TEA,1,3.45,Low Confusion
WOMAN,29,BEER,1,3.45,Low Confusion
WOMAN,29,DAUGHTER,1,3.45,Low Confusion
WOMAN,29,RED,1,3.45,Low Confusion
WOMAN,29,GRANDMOTHER,1,3.45,Low Confusion
WRONG,30,SEE YOU TOMORROW,2,6.67,Moderate Confusion
WRONG,30,SHRIMP,1,3.33,Low Confusion
WRONG,30,GRANDMOTHER,1,3.33,Low Confusion
WRONG,30,BLIND,1,3.33,Low Confusion
WRONG,30,BLACK,1,3.33,Low Confusion
WRONG,30,FRIDAY,1,3.33,Low Confusion
WRONG,30,DAUGHTER,1,3.33,Low Confusion
WRONG,30,SATURDAY,1,3.33,Low Confusion
WRONG,30,DARK,1,3.33,Low Confusion
YELLOW,29,GREEN,3,10.34,High Confusion
YELLOW,29,FATHER,2,6.9,Moderate Confusion
YELLOW,29,SUNDAY,1,3.45,Low Confusion
YELLOW,29,LONGANISA,1,3.45,Low Confusion
YELLOW,29,NOVEMBER,1,3.45,Low Confusion
YELLOW,29,WRONG,1,3.45,Low Confusion
YELLOW,29,SON,1,3.45,Low Confusion
YELLOW,29,DEAF BLIND,1,3.45,Low Confusion
YELLOW,29,BREAD,1,3.45,Low Confusion
YELLOW,29,GRANDMOTHER,1,3.45,Low Confusion
YELLOW,29,GIRL,1,3.45,Low Confusion
YELLOW,29,DECEMBER,1,3.45,Low Confusion
YELLOW,29,BROWN,1,3.45,Low Confusion
YES,33,DARK,1,3.03,Low Confusion
YES,33,NICE TO MEET YOU,1,3.03,Low Confusion
YES,33,HARD OF HEARING,1,3.03,Low Confusion
YES,33,TEA,1,3.03,Low Confusion
YES,33,GOOD MORNING,1,3.03,Low Confusion
YES,33,SPAGHETTI,1,3.03,Low Confusion
YES,33,BLUE,1,3.03,Low Confusion
YES,33,NO,1,3.03,Low Confusion
YES,33,NO SUGAR,1,3.03,Low Confusion
YES,33,PINK,1,3.03,Low Confusion
YES,33,SUNDAY,1,3.03,Low Confusion
YES,33,DEAF BLIND,1,3.03,Low Confusion
YES,33,COUSIN,1,3.03,Low Confusion
YESTERDAY,21,COFFEE,1,4.76,Low Confusion
YESTERDAY,21,JANUARY,1,4.76,Low Confusion
YESTERDAY,21,WRONG,1,4.76,Low Confusion
YESTERDAY,21,THANK YOU,1,4.76,Low Confusion
YESTERDAY,21,HARD OF HEARING,1,4.76,Low Confusion
YESTERDAY,21,CORRECT,1,4.76,Low Confusion
YESTERDAY,21,MEAT,1,4.76,Low Confusion
YESTERDAY,21,WINE,1,4.76,Low Confusion
YESTERDAY,21,SEE YOU TOMORROW,1,4.76,Low Confusion
YESTERDAY,21,GOOD EVENING,1,4.76,Low Confusion
YESTERDAY,21,DARK,1,4.76,Low Confusion
YESTERDAY,21,COUSIN,1,4.76,Low Confusion
YESTERDAY,21,LIGHT,1,4.76,Low Confusion
YESTERDAY,21,NICE TO MEET YOU,1,4.76,Low Confusion
YESTERDAY,21,SUGAR,1,4.76,Low Confusion
YESTERDAY,21,BLUE,1,4.76,Low Confusion
YOURE WELCOME,30,DON’T UNDERSTAND,2,6.67,Moderate Confusion
YOURE WELCOME,30,BROWN,1,3.33,Low Confusion
YOURE WELCOME,30,BREAD,1,3.33,Low Confusion
YOURE WELCOME,30,TODAY,1,3.33,Low Confusion
YOURE WELCOME,30,BLIND,1,3.33,Low Confusion
YOURE WELCOME,30,SEE YOU TOMORROW,1,3.33,Low Confusion
YOURE WELCOME,30,TWO,1,3.33,Low Confusion
YOURE WELCOME,30,MARCH,1,3.33,Low Confusion
YOURE WELCOME,30,SEPTEMBER,1,3.33,Low Confusion
YOURE WELCOME,30,SPAGHETTI,1,3.33,Low Confusion
YOURE WELCOME,30,JANUARY,1,3.33,Low Confusion
YOURE WELCOME,30,GRANDFATHER,1,3.33,Low Confusion
YOURE WELCOME,30,RICE,1,3.33,Low Confusion
YOURE WELCOME,30,FISH,1,3.33,Low Confusion
YOURE WELCOME,30,YESTERDAY,1,3.33,Low Confusion
YOURE WELCOME,30,THREE,1,3.33,Low Confusion
YOURE WELCOME,30,SLOW,1,3.33,Low Confusion
YOURE WELCOME,30,HARD OF HEARING,1,3.33,Low Confusion
