"# Training Configuration: epochs=400, batch_size=64"
"# Learning Rate: 0.0003, Weight Decay: 0.0005, Alpha: 0.8, Beta: 0.2"
# Timestamp: 2025-10-31 23:49:25

epoch,train_loss,val_loss,val_gloss_acc,val_cat_acc,lr,epoch_time,gpu_memory_allocated,gpu_memory_reserved
1,4.172119140625,4.160308384895325,0.01021209740769835,0.21170463472113119,3.539999999999999e-05,14.579317092895508,0.057961984,0.704643072
2,3.883593797683716,3.887399595975876,0.021602513747054203,0.208955223880597,4.0799999999999996e-05,15.072455883026123,0.057961984,0.704643072
3,3.8275392055511475,3.7168794572353363,0.02631578947368421,0.22623723487824038,4.619999999999999e-05,15.34727668762207,0.057961984,0.704643072
4,3.4775633811950684,3.615431749820709,0.04241948153967007,0.2820109976433621,5.159999999999999e-05,15.63099217414856,0.057961984,0.704643072
5,3.3603150844573975,3.4644804179668425,0.03731343283582089,0.3040062843676355,5.699999999999998e-05,15.933238983154297,0.057961984,0.704643072
6,3.5489349365234375,3.2305585503578187,0.07737627651217596,0.3318931657501964,6.239999999999999e-05,15.684560537338257,0.057961984,0.704643072
7,3.1744139194488525,3.0157849371433256,0.11704634721131187,0.3809897879025923,6.779999999999998e-05,15.738032341003418,0.057961984,0.704643072
8,2.8952178955078125,2.883706247806549,0.14139827179890024,0.4018067556952082,7.319999999999998e-05,15.253988265991211,0.057961984,0.704643072
9,3.189955234527588,2.8173705518245695,0.15082482325216026,0.41751767478397483,7.859999999999997e-05,14.675614356994629,0.057961984,0.704643072
10,2.7558867931365967,2.6148254454135893,0.17949725058915947,0.4347996857816182,8.399999999999997e-05,14.753177642822266,0.057961984,0.704643072
11,2.38108229637146,2.565439647436142,0.19913589945011784,0.46072270227808326,8.939999999999996e-05,15.305392026901245,0.057961984,0.704643072
12,3.070730686187744,2.4099775552749634,0.2274155538098979,0.47329143754909664,9.479999999999996e-05,14.778527736663818,0.057961984,0.704643072
13,2.658946990966797,2.365299069881439,0.22820109976433622,0.5019638648860958,0.00010019999999999997,14.950930118560791,0.057961984,0.704643072
14,2.4682374000549316,2.276154839992523,0.26433621366849963,0.5090337784760408,0.00010559999999999998,14.76582384109497,0.057961984,0.704643072
15,2.6304726600646973,2.1914261519908904,0.28515318146111546,0.5274941084053417,0.00011099999999999996,15.294208288192749,0.057961984,0.704643072
16,2.188765048980713,2.108557552099228,0.3067556952081697,0.5392772977219167,0.00011639999999999996,15.560771226882935,0.057961984,0.704643072
17,1.9635297060012817,2.0716972082853315,0.3043990573448547,0.5384917517674784,0.00012179999999999997,15.014243125915527,0.057961984,0.704643072
18,2.2761521339416504,1.9716166228055954,0.34171249018067557,0.5542026708562451,0.00012719999999999997,15.339426755905151,0.057961984,0.704643072
19,2.1051344871520996,1.8844447642564774,0.3527101335428123,0.5553809897879026,0.00013259999999999997,13.165485143661499,0.057961984,0.704643072
20,1.7008018493652344,1.9472439378499984,0.3448546739984289,0.5663786331500392,0.00013799999999999997,13.95653486251831,0.057961984,0.704643072
21,1.4356467723846436,1.9414454102516174,0.3483896307934014,0.5526315789473685,0.00014339999999999996,14.931500434875488,0.057961984,0.704643072
22,1.316917061805725,1.6973602652549744,0.4124116260801257,0.6115475255302435,0.00014879999999999996,14.994898080825806,0.057961984,0.704643072
23,1.3965580463409424,1.685901015996933,0.4183032207384132,0.6237234878240377,0.00015419999999999998,14.525986909866333,0.057961984,0.704643072
24,1.6323095560073853,1.5789672583341599,0.4540455616653574,0.6457187745483111,0.0001596,13.70326852798462,0.057961984,0.704643072
25,1.3976868391036987,1.4740158438682556,0.48978790259230165,0.6559308719560094,0.000165,15.51610803604126,0.057961984,0.704643072
26,1.1558713912963867,1.399365422129631,0.5216025137470542,0.6759622937941869,0.0001704,15.304629802703857,0.057961984,0.704643072
27,1.7915961742401123,1.3760113388299942,0.5223880597014925,0.6869599371563236,0.00017580000000000002,15.249454975128174,0.057961984,0.704643072
28,1.3370821475982666,1.3120953559875488,0.5451688923802043,0.6920659858601729,0.0001812,14.349719762802124,0.057961984,0.704643072
29,1.591360092163086,1.2707737967371942,0.5471327572663001,0.7093479968578161,0.0001866,14.843392848968506,0.057961984,0.704643072
30,1.0297424793243408,1.30167598426342,0.5416339355852318,0.7195600942655145,0.000192,13.955485343933105,0.057961984,0.704643072
31,1.1201533079147339,1.2391574531793594,0.5691280439905735,0.7195600942655145,0.0001974,13.299302339553833,0.057961984,0.704643072
32,0.9471946358680725,1.1070582687854766,0.596229379418696,0.7678711704634721,0.00020280000000000002,15.977183103561401,0.057961984,0.704643072
33,1.1838492155075073,1.100370754301548,0.6036920659858602,0.7505891594658287,0.00020820000000000002,15.162363290786743,0.057961984,0.704643072
34,0.9304633140563965,1.0579805105924607,0.622152395915161,0.7702278083267872,0.00021360000000000001,15.824792861938477,0.057961984,0.704643072
35,0.9155700206756592,1.0815679758787156,0.6084053417124902,0.7741555380989787,0.00021899999999999998,15.214354753494263,0.057961984,0.704643072
36,1.2549285888671875,0.9613919422030449,0.6578947368421053,0.7996857816182247,0.00022439999999999998,15.239859342575073,0.057961984,0.704643072
37,0.9024820327758789,1.0010162755846976,0.6347211311861743,0.7867242733699922,0.0002298,15.305840730667114,0.057961984,0.704643072
38,0.8369513750076294,1.000152523815632,0.6398271798900236,0.8126472898664572,0.0002352,15.031956911087036,0.057961984,0.704643072
39,0.9387694597244263,1.225290133059025,0.5718774548311076,0.7391987431264729,0.00024060000000000002,15.331275224685669,0.057961984,0.704643072
40,0.9491443037986755,0.9222638949751853,0.6633935585231736,0.816967792615868,0.000246,15.302397012710571,0.057961984,0.704643072
41,1.0333560705184937,1.3639606446027757,0.5267085624509034,0.7344854673998429,0.00025140000000000004,13.775118589401245,0.057961984,0.704643072
42,1.0317564010620117,0.8383124515414238,0.6987431264728987,0.8381775333857031,0.0002568,14.392849445343018,0.057961984,0.704643072
43,0.7501396536827087,0.9674170449376106,0.6492537313432836,0.8055773762765122,0.0002622,14.39021921157837,0.057961984,0.704643072
44,0.9396991729736328,0.873663105070591,0.6771406127258445,0.8385703063629222,0.0002676,13.71457552909851,0.057961984,0.704643072
45,0.9364529252052307,0.8210450604557991,0.7034564021995287,0.8534956794972506,0.00027299999999999997,14.440260887145996,0.057961984,0.704643072
46,1.2175970077514648,0.8333383798599243,0.6963864886095836,0.8413197172034564,0.00027839999999999994,15.39799189567566,0.057961984,0.704643072
47,1.2452367544174194,0.9337539419531822,0.6692851531814611,0.8271798900235664,0.0002837999999999999,15.139857053756714,0.057961984,0.704643072
48,0.898625910282135,0.8095405951142312,0.7054202670856246,0.852317360565593,0.00028919999999999993,13.79344391822815,0.057961984,0.704643072
49,0.41488003730773926,0.6993797160685062,0.7529457973291438,0.8798114689709348,0.0002945999999999999,14.858718872070312,0.057961984,0.704643072
50,0.6969199776649475,0.7525127217173576,0.7356637863315004,0.8625294579732914,0.00029999999999999987,14.938898801803589,0.057961984,0.704643072
51,0.9564414024353027,0.8974137783050538,0.6889238020424194,0.8271798900235664,0.00029999401785137423,15.565154314041138,0.057961984,0.704643072
52,0.6408523321151733,0.7342630289494991,0.7352710133542812,0.8786331500392773,0.00029997607188746503,15.379228591918945,0.057961984,0.704643072
53,0.5072581768035889,0.6563744857907295,0.7659073055773763,0.8864886095836606,0.00029994616355413653,13.345654010772705,0.057961984,0.704643072
54,0.8316028118133545,0.7008779160678387,0.753731343283582,0.8841319717203456,0.0002999042952610331,13.362435102462769,0.057961984,0.704643072
55,0.4740116596221924,0.6800157181918621,0.762765121759623,0.8841319717203456,0.0002998504703813851,15.681110620498657,0.057961984,0.704643072
56,0.7257958054542542,0.6669710390269756,0.7588373919874313,0.8853102906520032,0.00029978469325173704,15.62842082977295,0.057961984,0.704643072
57,0.163471981883049,0.5732917599380016,0.7914375490966221,0.908483896307934,0.0002997069691715982,15.061299800872803,0.057961984,0.704643072
58,0.7357600927352905,0.6251157931983471,0.776904948939513,0.8955223880597015,0.0002996173044030157,15.543864011764526,0.057961984,0.704643072
59,0.1962784230709076,0.600991926342249,0.7882953652788688,0.903770620581304,0.00029951570617007,14.273979425430298,0.057961984,0.704643072
60,0.5246952772140503,0.6331640645861626,0.776904948939513,0.884917517674784,0.00029940218265829283,15.73256254196167,0.057961984,0.704643072
61,0.7108672261238098,0.6082600213587284,0.7812254516889238,0.8931657501963864,0.00029927674301400765,15.587943077087402,0.057961984,0.704643072
62,0.4727798104286194,0.6025987841188908,0.7824037706205813,0.9104477611940298,0.0002991393973435929,15.525315284729004,0.057961984,0.704643072
63,0.5109103918075562,0.5262997165322304,0.8157894736842105,0.917910447761194,0.0002989901567126676,15.29865312576294,0.057961984,0.704643072
64,0.6003724932670593,0.5434275329113006,0.8071484681853889,0.9104477611940298,0.0002988290331451998,14.956830501556396,0.057961984,0.704643072
65,0.1286192238330841,0.5800344929099083,0.8059701492537313,0.8994501178318932,0.00029865603962253817,15.68893313407898,0.057961984,0.704643072
66,0.38718557357788086,0.5647180758416652,0.8036135113904164,0.899057344854674,0.0002984711900823656,15.62504243850708,0.057961984,0.704643072
67,0.5399297475814819,0.5325835406780243,0.8181461115475255,0.9120188531029065,0.0002982744994175768,15.597153902053833,0.057961984,0.704643072
68,0.5378275513648987,0.5186077900230884,0.8252160251374705,0.9194815396700707,0.00029806598347507793,15.97741150856018,0.057961984,0.704643072
69,0.792873203754425,0.5640779718756675,0.8114689709347996,0.9080911233307148,0.0002978456590545102,15.584349155426025,0.057961984,0.704643072
70,0.6765666604042053,0.5080922447144985,0.8256087981146897,0.924980361351139,0.0002976135439068963,15.05241870880127,0.057961984,0.704643072
71,0.3005704879760742,0.7079459257423878,0.7588373919874313,0.882560879811469,0.0002973696567332101,15.724824666976929,0.057961984,0.704643072
72,0.3537534773349762,0.4774205446243286,0.8413197172034564,0.9171249018067557,0.00029711401718287,15.029587507247925,0.057961984,0.704643072
73,0.17755329608917236,0.5368027091026306,0.8177533385703064,0.9198743126472899,0.00029684664585215596,14.928040504455566,0.057961984,0.704643072
74,0.30782973766326904,0.527340529114008,0.8334642576590731,0.9214454045561665,0.00029656756428254996,14.791011333465576,0.057961984,0.704643072
75,0.22517096996307373,0.4680410921573639,0.8417124901806756,0.9257659073055774,0.0002962767949590006,15.036340951919556,0.057961984,0.704643072
76,0.20638465881347656,0.45261781513690946,0.8483896307934015,0.9367635506677141,0.0002959743613081113,15.077707052230835,0.057961984,0.704643072
77,0.1367669701576233,0.4866224847733974,0.8279654359780048,0.9253731343283582,0.00029566028769625316,13.797746896743774,0.057961984,0.704643072
78,0.29014164209365845,0.44755868390202524,0.8405341712490181,0.9324430479183032,0.00029533459942760154,15.468266248703003,0.057961984,0.704643072
79,0.14896062016487122,0.5751935161650181,0.8126472898664572,0.908483896307934,0.0002949973227420976,15.663193941116333,0.057961984,0.704643072
80,0.47688278555870056,0.5660572376102209,0.8071484681853889,0.899057344854674,0.00029464848481333407,15.020887613296509,0.057961984,0.704643072
81,0.17713385820388794,0.4254011183977127,0.8609583660644148,0.934406912804399,0.000294288113746366,14.824260950088501,0.057961984,0.704643072
82,0.4645651578903198,0.4639191389083862,0.842890809112333,0.9135899450117831,0.00029391623857544626,15.096607685089111,0.057961984,0.704643072
83,0.36733654141426086,0.43604252450168135,0.8586017282010998,0.9253731343283582,0.0002935328892616867,15.343950033187866,0.057961984,0.704643072
84,0.5347603559494019,0.430867600440979,0.8609583660644148,0.924980361351139,0.0002931380966906437,15.406639814376831,0.057961984,0.704643072
85,0.18708737194538116,0.4697535142302513,0.8409269442262373,0.9151610369206599,0.0002927318926698302,15.426834106445312,0.057961984,0.704643072
86,0.4046263098716736,0.41751400716602804,0.8680282796543598,0.9316575019638649,0.000292314309926153,15.667994737625122,0.057961984,0.704643072
87,0.13476713001728058,0.4171875163912773,0.870777690494894,0.941476826394344,0.00029188538210327586,15.093108654022217,0.057961984,0.704643072
88,0.2951509654521942,0.5355776019394398,0.8275726630007856,0.915553809897879,0.00029144514375890906,15.234436750411987,0.057961984,0.704643072
89,0.2674640417098999,0.6125583209097385,0.8075412411626081,0.9006284367635506,0.000290993630362025,14.591758251190186,0.057961984,0.704643072
90,0.3733312785625458,0.43807089477777483,0.8609583660644148,0.9426551453260016,0.00029053087829000084,14.160233497619629,0.057961984,0.704643072
91,0.251044899225235,0.4720683295279741,0.8479968578161823,0.9175176747839748,0.0002900569248256873,15.615684986114502,0.057961984,0.704643072
92,0.17568270862102509,0.42537800334393977,0.8621366849960723,0.9391201885310291,0.0002895718081544052,15.119331359863281,0.057961984,0.704643072
93,0.3539036214351654,0.3955201808363199,0.8652788688138257,0.9347996857816182,0.00028907556736086865,14.41417932510376,0.057961984,0.704643072
94,0.15975606441497803,0.39735324345529077,0.870777690494894,0.9363707776904949,0.0002885682424260364,15.475552797317505,0.057961984,0.704643072
95,0.1963617503643036,0.4654599349945784,0.842890809112333,0.9379418695993715,0.0002880498742238903,15.261789560317993,0.057961984,0.704643072
96,0.15659242868423462,0.39461378939449787,0.8770620581304006,0.9363707776904949,0.0002875205045181426,15.27461051940918,0.057961984,0.704643072
97,0.11537875980138779,0.44646463766694067,0.8578161822466615,0.9257659073055774,0.00028698017595887084,14.79113507270813,0.057961984,0.704643072
98,0.648468554019928,0.4548771154135466,0.8593872741555381,0.9194815396700707,0.0002864289320790817,15.522621393203735,0.057961984,0.704643072
99,0.06956692039966583,0.32756730653345584,0.8982717989002357,0.9442262372348782,0.00028586681729120375,15.311467409133911,0.057961984,0.704643072
100,0.0963079035282135,0.39146998077630996,0.8798114689709348,0.9446190102120974,0.0002852938768835091,15.687870025634766,0.057961984,0.704643072
101,0.08795025944709778,0.5659513264894486,0.8228593872741555,0.9053417124901807,0.00028471015701646475,15.344990253448486,0.057961984,0.704643072
102,0.47110334038734436,0.391009871289134,0.8786331500392773,0.9324430479183032,0.0002841157047190134,14.818308353424072,0.057961984,0.704643072
103,0.09544041752815247,0.33180068135261537,0.8974862529457973,0.9485467399842891,0.0002835105678847846,15.539478540420532,0.057961984,0.704643072
104,0.41500553488731384,0.36223470643162725,0.8884524744697565,0.9454045561665357,0.00028289479526823604,15.70305347442627,0.057961984,0.704643072
105,0.24111390113830566,0.36838171631097794,0.8841319717203456,0.94344069128044,0.0002822684364807255,14.760539770126343,0.057961984,0.704643072
106,0.07368084043264389,0.30967886801809075,0.9010212097407698,0.9583660644147682,0.0002816315419865136,14.878852128982544,0.057961984,0.704643072
107,0.1933818757534027,0.39766067266464233,0.8758837391987431,0.9347996857816182,0.00028098416309869847,15.432259321212769,0.057961984,0.704643072
108,0.05142232030630112,0.4136669527739286,0.8723487824037707,0.9395129615082483,0.00028032635197508093,14.233042478561401,0.057961984,0.704643072
109,0.3765982687473297,0.42181815691292285,0.8582089552238806,0.9269442262372348,0.0002796581616139629,13.160215139389038,0.057961984,0.704643072
110,0.1601705253124237,0.3334999840706587,0.8892380204241949,0.9473684210526315,0.000278979645849877,15.013307571411133,0.057961984,0.704643072
111,0.019022265449166298,0.37767581846565007,0.882560879811469,0.9516889238020424,0.00027829085934924947,15.773980379104614,0.057961984,0.704643072
112,0.12792804837226868,0.3295865191146731,0.9065200314218381,0.9422623723487824,0.0002775918576059957,15.380576133728027,0.057961984,0.704643072
113,0.1385497897863388,0.5189986791461706,0.8432835820895522,0.9265514532600158,0.0002768826969370492,14.607955932617188,0.057961984,0.704643072
114,0.21171686053276062,0.35361886359751227,0.8904163393558523,0.9501178318931658,0.0002761634344778244,15.205244541168213,0.057961984,0.704643072
115,0.39938998222351074,0.36687918975949285,0.8896307934014139,0.9469756480754125,0.00027543412817761335,13.912057399749756,0.057961984,0.704643072
116,0.035448938608169556,0.3614891773089767,0.8900235663786331,0.9536527886881383,0.00027469483679491686,13.76863408088684,0.057961984,0.704643072
117,0.07915493845939636,0.4037303704768419,0.8688138256087982,0.9375490966221524,0.00027394561989271034,15.505091190338135,0.057961984,0.704643072
118,0.17265881597995758,0.32040875386446716,0.9135899450117831,0.9540455616653575,0.00027318653783364516,14.156087636947632,0.057961984,0.704643072
119,0.12315337359905243,0.38868557997047903,0.884917517674784,0.9512961508248232,0.00027241765177518515,14.93705677986145,0.057961984,0.704643072
120,0.0826227143406868,0.3369014674797654,0.9033778476040848,0.9481539670070699,0.00027163902366467965,15.061404466629028,0.057961984,0.704643072
121,0.2899273633956909,0.4064987091347575,0.877847604084839,0.9406912804399057,0.00027085071623437205,15.540735483169556,0.057961984,0.704643072
122,0.06999341398477554,0.3629635527729988,0.884917517674784,0.9497250589159466,0.0002700527929963461,14.6675386428833,0.057961984,0.704643072
123,0.24710705876350403,0.3094475267454982,0.9100549882168106,0.9520816967792616,0.0002692453182374085,15.747711420059204,0.057961984,0.704643072
124,0.07886207848787308,0.3742821950465441,0.887274155538099,0.9347996857816182,0.0002684283570139097,15.245139598846436,0.057961984,0.704643072
125,0.12224531173706055,0.3804441327229142,0.884917517674784,0.9383346425765907,0.00026760197514650235,15.589793920516968,0.057961984,0.704643072
126,0.037769865244627,0.3573136987164617,0.8982717989002357,0.9469756480754125,0.00026676623921483835,15.235917091369629,0.057961984,0.704643072
127,0.24514299631118774,0.3130247971974313,0.9128043990573449,0.9556166535742341,0.0002659212165522046,15.505726099014282,0.057961984,0.704643072
128,0.029256414622068405,0.4206390794366598,0.8739198743126473,0.9324430479183032,0.0002650669752400983,14.766329765319824,0.057961984,0.704643072
129,0.14678896963596344,0.36506645251065495,0.8974862529457973,0.9442262372348782,0.0002642035841027414,15.446592330932617,0.057961984,0.704643072
130,0.03877861797809601,0.32367213908582926,0.9057344854673999,0.9552238805970149,0.00026333111270153615,14.759174346923828,0.057961984,0.704643072
131,0.03094170242547989,0.4030290115624666,0.8786331500392773,0.9387274155538099,0.00026244963132946017,13.304717779159546,0.057961984,0.704643072
132,0.31648874282836914,0.324490787088871,0.8959151610369207,0.9579732914375491,0.0002615592110054034,13.270288705825806,0.057961984,0.704643072
133,0.06992625445127487,0.3133629787713289,0.8974862529457973,0.9567949725058916,0.00026065992346844613,13.244458198547363,0.057961984,0.704643072
134,0.14432483911514282,0.293366065248847,0.9124116260801257,0.9619010212097407,0.0002597518411720795,13.345691204071045,0.057961984,0.704643072
135,0.2494252622127533,0.304917324706912,0.9147682639434407,0.9516889238020424,0.0002588350372783675,14.608038902282715,0.057961984,0.704643072
136,0.1415262520313263,0.27318859901279213,0.9265514532600158,0.9650432050274941,0.00025790958565205307,15.42551589012146,0.057961984,0.704643072
137,0.11660303175449371,0.2655710561200976,0.9265514532600158,0.9650432050274941,0.0002569755608546064,15.42245364189148,0.057961984,0.704643072
138,0.16935308277606964,0.3758282415568829,0.8860958366064414,0.9406912804399057,0.00025603303813821824,14.532571077346802,0.057961984,0.704643072
139,0.11034692823886871,0.2929409908130765,0.917910447761194,0.9528672427336999,0.0002550820934397367,15.43042802810669,0.057961984,0.704643072
140,0.048627786338329315,0.31918770261108875,0.9088766692851532,0.9552238805970149,0.0002541228033745493,15.703322172164917,0.057961984,0.704643072
141,0.0947592630982399,0.30487272553145883,0.9057344854673999,0.9532600157109191,0.00025315524523041017,15.64388132095337,0.057961984,0.704643072
142,0.03127790614962578,0.3115861615166068,0.9104477611940298,0.9583660644147682,0.00025217949696121323,15.900087594985962,0.057961984,0.704643072
143,0.07158801704645157,0.329938661493361,0.9041633935585232,0.9560094265514533,0.0002511956371807115,14.9841468334198,0.057961984,0.704643072
144,0.09363992512226105,0.26141641503199936,0.9300864100549883,0.9685781618224666,0.0002502037451561836,15.55537462234497,0.057961984,0.704643072
145,0.13109190762043,0.25068654455244543,0.9289080911233307,0.9622937941869599,0.0002492039008020472,15.797412157058716,0.057961984,0.704643072
146,0.04896159842610359,0.2497339678928256,0.9312647289866457,0.9666142969363708,0.00024819618467342055,15.694352149963379,0.057961984,0.704643072
147,0.06704182177782059,0.33041102876886724,0.9128043990573449,0.9493322859387274,0.00024718067795963234,13.993521451950073,0.057961984,0.704643072
148,0.012976689264178276,0.25116869192570446,0.9391201885310291,0.9583660644147682,0.00024615746247768033,15.78112268447876,0.057961984,0.704643072
149,0.23899002373218536,0.2672798323445022,0.9234092694422624,0.9607227022780833,0.0002451266206656399,14.655212163925171,0.057961984,0.704643072
150,0.018594784662127495,0.34967034328728913,0.9002356637863315,0.9493322859387274,0.00024408823557602185,15.625791311264038,0.057961984,0.704643072
151,0.020727038383483887,0.28046526331454513,0.9269442262372348,0.9619010212097407,0.0002430423908690812,15.367618799209595,0.057961984,0.704643072
152,0.03793240338563919,0.2652186581864953,0.924980361351139,0.9662215239591516,0.00024198917080607695,15.529708623886108,0.057961984,0.704643072
153,0.15550652146339417,0.2701542293652892,0.9238020424194815,0.9705420267085625,0.00024092866024248314,14.84641695022583,0.057961984,0.704643072
154,0.02793974056839943,0.30444338992238046,0.910840534171249,0.9622937941869599,0.00023986094462115245,15.239554166793823,0.057961984,0.704643072
155,0.14842379093170166,0.2753536801785231,0.9222309505106049,0.9587588373919874,0.00023878610996543221,13.925541877746582,0.057961984,0.704643072
156,0.05709787830710411,0.25322731081396344,0.9355852317360566,0.9626865671641791,0.0002377042428722336,13.208044528961182,0.057961984,0.704643072
157,0.019311126321554184,0.3345363879576325,0.906127258444619,0.9512961508248232,0.00023661543050505491,15.375756025314331,0.057961984,0.704643072
158,0.02475908026099205,0.2538004545494914,0.9296936370777691,0.9607227022780833,0.00023551976058695882,13.629152774810791,0.057961984,0.704643072
159,0.08034086227416992,0.3244675362482667,0.8994501178318932,0.9575805184603299,0.00023441732139350486,15.65932822227478,0.057961984,0.704643072
160,0.05884820967912674,0.30274791121482847,0.915553809897879,0.9540455616653575,0.0002333082017456372,15.353630542755127,0.057961984,0.704643072
161,0.11634189635515213,0.27097164196893575,0.9281225451688924,0.9615082482325216,0.0002321924910025286,16.023555278778076,0.057961984,0.704643072
162,0.20463094115257263,0.244719479046762,0.9347996857816182,0.9689709347996858,0.00023107027905438097,15.325906038284302,0.057961984,0.704643072
163,0.11183876544237137,0.23980215284973383,0.9265514532600158,0.9677926158680282,0.00022994165631518305,15.592572927474976,0.057961984,0.704643072
164,0.07391591370105743,0.2581212332472205,0.9300864100549883,0.96700706991359,0.0002288067137154259,15.588694334030151,0.057961984,0.704643072
165,0.03531382605433464,0.23882862739264965,0.9293008641005499,0.9689709347996858,0.00022766554269477708,15.464217901229858,0.057961984,0.704643072
166,0.15563321113586426,0.25663561103865506,0.9206598586017282,0.950510604870385,0.00022651823519471338,14.757245302200317,0.057961984,0.704643072
167,0.1949182003736496,0.31426624581217766,0.9124116260801257,0.9430479183032208,0.00022536488365111347,15.443130254745483,0.057961984,0.704643072
168,0.3716145157814026,0.26050483379513023,0.9285153181461115,0.9591516103692066,0.0002242055809868103,13.402865886688232,0.057961984,0.704643072
169,0.05369255691766739,0.23526476956903936,0.9379418695993715,0.9697564807541241,0.00022304042060410472,13.740827322006226,0.057961984,0.704643072
170,0.0780806690454483,0.2832235083915293,0.9241948153967007,0.9615082482325216,0.0002218694963772403,15.839176893234253,0.057961984,0.704643072
171,0.2986683249473572,0.31078688260167836,0.8994501178318932,0.9516889238020424,0.00022069290264483998,15.382542371749878,0.057961984,0.704643072
172,0.019186008721590042,0.28163506016135215,0.9175176747839748,0.9646504320502749,0.00021951073420230555,14.727541208267212,0.057961984,0.704643072
173,0.0230377446860075,0.2292152104899287,0.9363707776904949,0.9673998428908092,0.00021832308629418,15.379085302352905,0.057961984,0.704643072
174,0.02364218235015869,0.26987146250903604,0.927336999214454,0.9619010212097407,0.0002171300546064742,14.435850143432617,0.057961984,0.704643072
175,0.14141127467155457,0.24687445685267448,0.9253731343283582,0.9662215239591516,0.00021593173525895739,13.19862174987793,0.057961984,0.704643072
176,0.02304271049797535,0.22487757806666195,0.941476826394344,0.9736842105263158,0.0002147282247974133,13.153189897537231,0.057961984,0.704643072
177,0.16037267446517944,0.31432636119425295,0.9131971720345641,0.9622937941869599,0.00021351962018586145,13.862918615341187,0.057961984,0.704643072
178,0.09014604985713959,0.32242928221821787,0.8998428908091123,0.9528672427336999,0.00021230601879874524,13.407261610031128,0.057961984,0.704643072
179,0.2690342366695404,0.2856250487267971,0.924980361351139,0.9556166535742341,0.0002110875184130864,15.430742263793945,0.057961984,0.704643072
180,0.03146597743034363,0.2831405928358436,0.9241948153967007,0.9540455616653575,0.00020986421720060763,15.213289260864258,0.057961984,0.704643072
181,0.060190364718437195,0.23028842359781265,0.9375490966221524,0.9658287509819324,0.00020863621371982298,15.368022441864014,0.057961984,0.704643072
182,0.038591429591178894,0.24589306619018317,0.9336213668499608,0.9611154752553024,0.00020740360690809718,15.454842329025269,0.057961984,0.704643072
183,0.3134503662586212,0.25766511615365745,0.9328358208955224,0.9642576590730558,0.00020616649607367466,15.43191647529602,0.057961984,0.704643072
184,0.027308331802487373,0.23893004851415753,0.9379418695993715,0.9709347996857817,0.0002049249808876783,13.940078735351562,0.057961984,0.704643072
185,0.13111212849617004,0.21989828599616884,0.9454045561665357,0.974076983503535,0.00020367916137607934,14.77160382270813,0.057961984,0.704643072
186,0.04329782351851463,0.2562901319935918,0.9336213668499608,0.9736842105263158,0.00020242913791163847,14.65552544593811,0.057961984,0.704643072
187,0.08687015622854233,0.260822775028646,0.9304791830322073,0.9646504320502749,0.00020117501120581899,14.573068618774414,0.057961984,0.704643072
188,0.07802996039390564,0.24086132007651032,0.9332285938727416,0.9689709347996858,0.00019991688230067272,15.53415846824646,0.057961984,0.704643072
189,0.012478761374950409,0.24324528519064187,0.9379418695993715,0.9642576590730558,0.00019865485256069935,15.659323692321777,0.057961984,0.704643072
190,0.01597643457353115,0.2779028395190835,0.9222309505106049,0.9630793401413983,0.00019738902366467964,15.480993032455444,0.057961984,0.704643072
191,0.07295110076665878,0.2317954441998154,0.9406912804399057,0.9611154752553024,0.0001961194975974836,15.55062747001648,0.057961984,0.704643072
192,0.08714358508586884,0.32797629553824664,0.9010212097407698,0.9595443833464258,0.0001948463766418534,15.558282136917114,0.057961984,0.704643072
193,0.0554167777299881,0.25279954392462967,0.9293008641005499,0.9642576590730558,0.00019356976337016324,14.433350086212158,0.057961984,0.704643072
194,0.4646604657173157,0.23424703907221556,0.9367635506677141,0.9642576590730558,0.00019228976063615492,15.146538972854614,0.057961984,0.704643072
195,0.03936875984072685,0.2605796840041876,0.9324430479183032,0.9697564807541241,0.0001910064715666512,15.693498849868774,0.057961984,0.704643072
196,0.10460789501667023,0.2530061068944633,0.9293008641005499,0.9638648860958366,0.00018971999955324736,15.971489191055298,0.057961984,0.704643072
197,0.11711250990629196,0.22330632572993636,0.9379418695993715,0.974076983503535,0.00018843044824398087,15.417890310287476,0.057961984,0.704643072
198,0.0827271044254303,0.20331735517829658,0.9489395129615082,0.9697564807541241,0.00018713792153498098,15.39411187171936,0.057961984,0.704643072
199,0.017014410346746445,0.19761924520134927,0.9457973291437549,0.9748625294579732,0.00018584252356209786,15.2380850315094,0.057961984,0.704643072
200,0.06877198070287704,0.22133262464776635,0.941476826394344,0.9728986645718775,0.00018454435869251265,14.952324628829956,0.057961984,0.704643072
201,0.013169670477509499,0.1990338402800262,0.9536527886881383,0.9681853888452474,0.00018324353151632898,14.93843960762024,0.057961984,0.704643072
202,0.05689120292663574,0.24815211854875088,0.9304791830322073,0.9646504320502749,0.0001819401468381462,14.349060535430908,0.057961984,0.704643072
203,0.08112514019012451,0.2997673213481903,0.9112333071484682,0.9579732914375491,0.00018063430966861558,13.005804061889648,0.057961984,0.704643072
204,0.25132033228874207,0.24040545681491493,0.934406912804399,0.9673998428908092,0.00017932612521598008,13.28446888923645,0.057961984,0.704643072
205,0.023745153099298477,0.22502883654087782,0.9406912804399057,0.9721131186174391,0.00017801569887759749,14.387028217315674,0.057961984,0.704643072
206,0.13793832063674927,0.21989312376827003,0.9465828750981933,0.9689709347996858,0.00017670313623144925,14.305423259735107,0.057961984,0.704643072
207,0.028859855607151985,0.23703232705593108,0.9375490966221524,0.9642576590730558,0.00017538854302763418,15.50463604927063,0.057961984,0.704643072
208,0.05222313106060028,0.21036631418392063,0.9473684210526315,0.9725058915946583,0.00017407202517984806,15.242520093917847,0.057961984,0.704643072
209,0.02203225903213024,0.28113329168409107,0.9234092694422624,0.9611154752553024,0.00017275368875685116,15.227672576904297,0.057961984,0.704643072
210,0.07607536017894745,0.20842543062753977,0.9489395129615082,0.9717203456402199,0.00017143363997392175,14.4636971950531,0.057961984,0.704643072
211,0.02532053552567959,0.21574723636731505,0.9430479183032208,0.9662215239591516,0.0001701119851842991,15.575007677078247,0.057961984,0.704643072
212,0.08629516512155533,0.18854646454565227,0.9540455616653575,0.9744697564807542,0.00016878883087061464,15.65632176399231,0.057961984,0.704643072
213,0.01760542020201683,0.19660182585939764,0.9473684210526315,0.9760408483896308,0.0001674642836363129,15.62321662902832,0.057961984,0.704643072
214,0.050865840166807175,0.24106535250321032,0.9359780047132757,0.969363707776905,0.0001661384501970628,15.750989198684692,0.057961984,0.704643072
215,0.07029379904270172,0.24777607917785643,0.9371563236449332,0.9673998428908092,0.00016481143737215984,15.244851112365723,0.057961984,0.704643072
216,0.03605984151363373,0.25204040128737687,0.9289080911233307,0.9721131186174391,0.00016348335207591968,14.638922452926636,0.057961984,0.704643072
217,0.017817161977291107,0.18770402611698955,0.9524744697564808,0.9725058915946583,0.00016215430130906471,14.306313753128052,0.057961984,0.704643072
218,0.026300331577658653,0.2760245868936181,0.9210526315789473,0.9611154752553024,0.00016082439215010292,14.483007431030273,0.057961984,0.704643072
219,0.18567921221256256,0.2739583468064666,0.9214454045561665,0.9658287509819324,0.00015949373174670097,13.119185447692871,0.057961984,0.704643072
220,0.058387842029333115,0.2529555059969425,0.9300864100549883,0.9634721131186175,0.0001581624273070514,13.082267999649048,0.057961984,0.704643072
221,0.01773812249302864,0.23427993468940259,0.9383346425765907,0.9662215239591516,0.00015683058609123536,13.086181879043579,0.057961984,0.704643072
222,0.004971015732735395,0.18251862619072198,0.9536527886881383,0.9772191673212883,0.00015549831540258088,13.159400939941406,0.057961984,0.704643072
223,0.09680584818124771,0.17310545993968846,0.9552238805970149,0.9736842105263158,0.00015416572257901734,14.949471950531006,0.057961984,0.704643072
224,0.07540300488471985,0.18423216305673124,0.9469756480754125,0.9756480754124116,0.00015283291498442808,15.336496353149414,0.057961984,0.704643072
225,0.06944938749074936,0.19461270002648234,0.9485467399842891,0.9736842105263158,0.00015149999999999991,15.801441669464111,0.057961984,0.704643072
226,0.06250369548797607,0.20813340339809655,0.941476826394344,0.9756480754124116,0.00015016708501557172,15.682721138000488,0.057961984,0.704643072
227,0.027823440730571747,0.17844829363748432,0.9556166535742341,0.9783974862529458,0.00014883427742098243,15.620781898498535,0.057961984,0.704643072
228,0.006083777640014887,0.21730917296372354,0.9469756480754125,0.9658287509819324,0.00014750168459741895,15.430079698562622,0.057961984,0.704643072
229,0.014261104166507721,0.21839420394971967,0.9371563236449332,0.9713275726630007,0.00014616941390876442,15.374757051467896,0.057961984,0.704643072
230,0.10124380886554718,0.22362255733460187,0.9399057344854674,0.9666142969363708,0.00014483757269294844,15.27213430404663,0.057961984,0.704643072
231,0.19380611181259155,0.21128296465612947,0.9454045561665357,0.9748625294579732,0.00014350626825329886,14.585869312286377,0.057961984,0.704643072
232,0.13645175099372864,0.1900371264666319,0.9501178318931658,0.9744697564807542,0.00014217560784989688,14.792303562164307,0.057961984,0.704643072
233,0.05852573364973068,0.23584703262895346,0.9363707776904949,0.9646504320502749,0.00014084569869093512,14.415019512176514,0.057961984,0.704643072
234,0.028470316901803017,0.19429856007918717,0.950903377847604,0.9732914375490966,0.00013951664792408015,13.101263761520386,0.057961984,0.704643072
235,0.005807414650917053,0.1942214538808912,0.9481539670070699,0.9748625294579732,0.00013818856262784007,14.49330759048462,0.057961984,0.704643072
236,0.0896671861410141,0.20408602375537158,0.9477611940298507,0.9705420267085625,0.00013686154980293707,15.383798599243164,0.057961984,0.704643072
237,0.01089624222368002,0.1700868471059948,0.9583660644147682,0.9783974862529458,0.00013553571636368695,14.912146806716919,0.057961984,0.704643072
238,0.0036633298732340336,0.1923266017343849,0.9556166535742341,0.9732914375490966,0.00013421116912938519,15.535766363143921,0.057961984,0.704643072
239,0.006440212018787861,0.18980270330794155,0.950510604870385,0.9756480754124116,0.0001328880148157007,15.147639036178589,0.057961984,0.704643072
240,0.021235235035419464,0.27245915271341803,0.924980361351139,0.9681853888452474,0.00013156636002607808,15.119972705841064,0.057961984,0.704643072
241,0.020833810791373253,0.23907370250672103,0.9340141398271798,0.9662215239591516,0.00013024631124314867,14.258476495742798,0.057961984,0.704643072
242,0.031730540096759796,0.18173820273950697,0.9548311076197957,0.9768263943440691,0.00012892797482015172,15.063417911529541,0.057961984,0.704643072
243,0.11419621855020523,0.20802080123685301,0.9469756480754125,0.9697564807541241,0.0001276114569723657,15.252355098724365,0.057961984,0.704643072
244,0.0618000365793705,0.16460811358410865,0.9587588373919874,0.9772191673212883,0.00012629686376855055,14.472125053405762,0.057961984,0.704643072
245,0.07914303243160248,0.20017448104918004,0.9418695993715632,0.9677926158680282,0.00012498430112240237,15.237757921218872,0.057961984,0.704643072
246,0.02734854444861412,0.2073971200734377,0.9450117831893166,0.96700706991359,0.00012367387478401983,15.584649562835693,0.057961984,0.704643072
247,0.0507611520588398,0.2190381267108023,0.9454045561665357,0.9681853888452474,0.0001223656903313843,15.52735948562622,0.057961984,0.704643072
248,0.02323448657989502,0.23596853204071522,0.941476826394344,0.9705420267085625,0.0001210598531618537,15.647664308547974,0.057961984,0.704643072
249,0.005120527930557728,0.20363921807147561,0.9528672427336999,0.9713275726630007,0.0001197564684836709,15.159278154373169,0.057961984,0.704643072
250,0.008545726537704468,0.18886847416870295,0.9579732914375491,0.9752553024351924,0.00011845564130748723,14.965322256088257,0.057961984,0.704643072
251,0.007712130434811115,0.2098400149261579,0.9501178318931658,0.9697564807541241,0.00011715747643790202,15.452534437179565,0.057961984,0.704643072
252,0.006542368326336145,0.20842962155584246,0.9497250589159466,0.9721131186174391,0.00011586207846501886,15.571748971939087,0.057961984,0.704643072
253,0.02132478356361389,0.16987148197367788,0.9607227022780833,0.9787902592301649,0.00011456955175601899,15.743999719619751,0.057961984,0.704643072
254,0.028031589463353157,0.17613174682483076,0.9564021995286724,0.9780047132757266,0.00011328000044675252,15.836675882339478,0.057961984,0.704643072
255,0.009900588542222977,0.17617893824353814,0.9587588373919874,0.9807541241162608,0.00011199352843334866,15.673667669296265,0.057961984,0.704643072
256,0.014432969503104687,0.2005377640016377,0.9532600157109191,0.9732914375490966,0.00011071023936384498,15.378246784210205,0.057961984,0.704643072
257,0.06375136971473694,0.18447791119106113,0.9571877454831108,0.9752553024351924,0.00010943023662983664,14.173401594161987,0.057961984,0.704643072
258,0.05265698581933975,0.20947424760088323,0.9442262372348782,0.9776119402985075,0.00010815362335814645,14.463016986846924,0.057961984,0.704643072
259,0.0020979747641831636,0.18500306336209177,0.9536527886881383,0.9728986645718775,0.00010688050240251628,13.67247486114502,0.057961984,0.704643072
260,0.014718395657837391,0.1655410263221711,0.9611154752553024,0.9791830322073841,0.00010561097633532022,13.955537796020508,0.057961984,0.704643072
261,0.00819303561002016,0.19848725888878108,0.9524744697564808,0.9744697564807542,0.00010434514743930053,15.697312355041504,0.057961984,0.704643072
262,0.01707458309829235,0.17714681327342988,0.9567949725058916,0.9772191673212883,0.00010308311769932715,15.469456672668457,0.057961984,0.704643072
263,0.010927124880254269,0.18033413672819734,0.9548311076197957,0.9748625294579732,0.00010182498879418089,15.24512791633606,0.057961984,0.704643072
264,0.05004987493157387,0.19414613712579012,0.9536527886881383,0.9780047132757266,0.00010057086208836141,15.496096849441528,0.057961984,0.704643072
265,0.006065757479518652,0.17108179945498705,0.9615082482325216,0.9807541241162608,9.932083862392054e-05,13.332294464111328,0.057961984,0.704643072
266,0.0030479670967906713,0.18399736918509008,0.9544383346425765,0.9815396700706991,9.807501911232163e-05,14.832139253616333,0.057961984,0.704643072
267,0.1929803192615509,0.18800895013846458,0.950510604870385,0.9760408483896308,9.683350392632528e-05,14.313308238983154,0.057961984,0.704643072
268,0.12715484201908112,0.18140690175350754,0.9520816967792616,0.9748625294579732,9.559639309190274e-05,15.583586692810059,0.057961984,0.704643072
269,0.03417936712503433,0.17993056226987392,0.9583660644147682,0.9783974862529458,9.43637862801769e-05,15.41309404373169,0.057961984,0.704643072
270,0.015952911227941513,0.17881583529524506,0.9512961508248232,0.9756480754124116,9.313578279939224e-05,15.074536323547363,0.057961984,0.704643072
271,0.01430842000991106,0.1762489849003032,0.9564021995286724,0.9768263943440691,9.19124815869135e-05,15.571393251419067,0.057961984,0.704643072
272,0.060786645859479904,0.16347618100699038,0.959937156323645,0.9787902592301649,9.069398120125468e-05,15.791776180267334,0.057961984,0.704643072
273,0.010281680151820183,0.18398283841088414,0.9524744697564808,0.9776119402985075,8.948037981413846e-05,15.532223463058472,0.057961984,0.704643072
274,0.02057674527168274,0.17714226469397545,0.9524744697564808,0.9776119402985075,8.827177520258662e-05,15.581681728363037,0.057961984,0.704643072
275,0.004833589307963848,0.16800878453068435,0.9587588373919874,0.9799685781618225,8.706826474104254e-05,15.114050388336182,0.057961984,0.704643072
276,0.009707840159535408,0.19374287710525095,0.9454045561665357,0.974076983503535,8.586994539352578e-05,14.914998054504395,0.057961984,0.704643072
277,0.013923706486821175,0.19976766402833163,0.9457973291437549,0.9760408483896308,8.467691370581992e-05,14.510403633117676,0.057961984,0.704643072
278,0.0070746405981481075,0.1687035009963438,0.9622937941869599,0.9807541241162608,8.34892657976944e-05,15.44667363166809,0.057961984,0.704643072
279,0.014484134502708912,0.16101231197826565,0.9591516103692066,0.9772191673212883,8.230709735515997e-05,15.631999969482422,0.057961984,0.704643072
280,0.0029708147048950195,0.16728442590683698,0.9548311076197957,0.9756480754124116,8.11305036227596e-05,15.45880913734436,0.057961984,0.704643072
281,0.004732979927212,0.1976038164459169,0.9493322859387274,0.9756480754124116,7.995957939589516e-05,13.54043436050415,0.057961984,0.704643072
282,0.0009182602516375482,0.1542025079485029,0.9611154752553024,0.9807541241162608,7.87944190131896e-05,14.83078384399414,0.057961984,0.704643072
283,0.02109661139547825,0.1640245289541781,0.9556166535742341,0.9783974862529458,7.763511634888646e-05,15.056556463241577,0.057961984,0.704643072
284,0.007013924419879913,0.18317586984485387,0.9544383346425765,0.9756480754124116,7.64817648052865e-05,15.195400714874268,0.057961984,0.704643072
285,0.01083589531481266,0.18972822166979314,0.9485467399842891,0.9721131186174391,7.533445730522286e-05,14.574763059616089,0.057961984,0.704643072
286,0.00951547920703888,0.1573624389246106,0.9583660644147682,0.9803613511390417,7.419328628457408e-05,15.547069311141968,0.057961984,0.704643072
287,0.03270895779132843,0.1599435578798875,0.9626865671641791,0.9819324430479183,7.30583436848169e-05,14.63013243675232,0.057961984,0.704643072
288,0.004360708873718977,0.16661663316190242,0.9587588373919874,0.9799685781618225,7.192972094561895e-05,13.732388973236084,0.057961984,0.704643072
289,0.009482653811573982,0.15983474240638315,0.9595443833464258,0.9787902592301649,7.080750899747133e-05,15.078282833099365,0.057961984,0.704643072
290,0.07391385734081268,0.17019528686068952,0.9595443833464258,0.98114689709348,6.969179825436272e-05,15.510958194732666,0.057961984,0.704643072
291,0.030683834105730057,0.16293270238675178,0.9607227022780833,0.98114689709348,6.858267860649503e-05,14.964529514312744,0.057961984,0.704643072
292,0.009505534544587135,0.14882082822732629,0.9646504320502749,0.9831107619795758,6.74802394130411e-05,15.399965524673462,0.057961984,0.704643072
293,0.018580414354801178,0.17013136323075742,0.9591516103692066,0.9803613511390417,6.638456949494501e-05,14.453392744064331,0.057961984,0.704643072
294,0.017549704760313034,0.164027457148768,0.9626865671641791,0.9819324430479183,6.529575712776628e-05,15.685333728790283,0.057961984,0.704643072
295,0.005219787359237671,0.15309688593260945,0.9611154752553024,0.9803613511390417,6.421389003456771e-05,14.881189823150635,0.057961984,0.704643072
296,0.005739396903663874,0.15583537006750703,0.9626865671641791,0.9827179890023566,6.313905537884747e-05,13.267524003982544,0.057961984,0.704643072
297,0.004487088415771723,0.16748220520094037,0.9611154752553024,0.9803613511390417,6.207133975751675e-05,14.260176181793213,0.057961984,0.704643072
298,0.06420441716909409,0.1619098733179271,0.9579732914375491,0.983503534956795,6.1010829193922963e-05,15.63192892074585,0.057961984,0.704643072
299,0.004614376928657293,0.15544129053596406,0.9630793401413983,0.9827179890023566,5.99576091309187e-05,15.17869257926941,0.057961984,0.704643072
300,0.008881213143467903,0.16260718838311733,0.9622937941869599,0.9807541241162608,5.8911764423978034e-05,14.958489656448364,0.057961984,0.704643072
301,0.034573063254356384,0.15062115141190588,0.9630793401413983,0.9838963079340142,5.7873379334359944e-05,14.949515581130981,0.057961984,0.704643072
302,0.06683827191591263,0.14686854341998695,0.9622937941869599,0.9827179890023566,5.684253752231953e-05,14.388264894485474,0.057961984,0.704643072
303,0.011258980259299278,0.16190105779096484,0.9595443833464258,0.9807541241162608,5.581932204036757e-05,14.327378988265991,0.057961984,0.704643072
304,0.009348738007247448,0.1558542395941913,0.9611154752553024,0.9827179890023566,5.480381532657928e-05,13.529508352279663,0.057961984,0.704643072
305,0.02284645289182663,0.1716890862211585,0.9591516103692066,0.98114689709348,5.379609919795264e-05,13.928378582000732,0.057961984,0.704643072
306,0.007083669304847717,0.15736427041701972,0.9630793401413983,0.9803613511390417,5.2796254843816284e-05,15.138924360275269,0.057961984,0.704643072
307,0.0017992735374718904,0.14045656863600015,0.9677926158680282,0.9803613511390417,5.1804362819288374e-05,15.420272588729858,0.057961984,0.704643072
308,0.0026784315705299377,0.14825912276282907,0.9642576590730558,0.9831107619795758,5.0820503038786696e-05,14.933858633041382,0.057961984,0.704643072
309,0.05095444247126579,0.14743137694895267,0.9634721131186175,0.9819324430479183,4.984475476958974e-05,14.818396806716919,0.057961984,0.704643072
310,0.018134934827685356,0.15173472762107848,0.9626865671641791,0.9819324430479183,4.8877196625450574e-05,13.493964433670044,0.057961984,0.704643072
311,0.05219528451561928,0.16347037330269815,0.9591516103692066,0.98114689709348,4.791790656026321e-05,13.724656343460083,0.057961984,0.704643072
312,0.016717638820409775,0.15169153083115816,0.9626865671641791,0.9823252160251374,4.696696186178166e-05,15.358862161636353,0.057961984,0.704643072
313,0.01934346929192543,0.14796366039663553,0.9634721131186175,0.9831107619795758,4.602443914539352e-05,14.6878662109375,0.057961984,0.704643072
314,0.017915774136781693,0.14021148569881917,0.9662215239591516,0.9838963079340142,4.5090414347946826e-05,14.725739479064941,0.057961984,0.704643072
315,0.012595231644809246,0.16124678603373468,0.9575805184603299,0.9815396700706991,4.416496272163235e-05,14.524568557739258,0.057961984,0.704643072
316,0.00468054274097085,0.15648437556810676,0.9607227022780833,0.98114689709348,4.32481588279204e-05,14.86162281036377,0.057961984,0.704643072
317,0.005100874695926905,0.15545700639486312,0.9622937941869599,0.9819324430479183,4.2340076531553736e-05,14.845075130462646,0.057961984,0.704643072
318,0.004849436692893505,0.14998570343013853,0.9642576590730558,0.98114689709348,4.144078899459657e-05,13.48467206954956,0.057961984,0.704643072
319,0.03184286132454872,0.14150769780389966,0.9642576590730558,0.9819324430479183,4.055036867053979e-05,13.082566261291504,0.057961984,0.704643072
320,0.010961075313389301,0.15352870812639594,0.9595443833464258,0.98114689709348,3.966888729846377e-05,14.588184356689453,0.057961984,0.704643072
321,0.02010464109480381,0.12923899409361184,0.9654359780047133,0.9854673998428908,3.87964158972585e-05,15.609548330307007,0.057961984,0.704643072
322,0.016937972977757454,0.14062837159726768,0.9673998428908092,0.9850746268656716,3.793302475990162e-05,13.591591596603394,0.057961984,0.704643072
323,0.023089688271284103,0.1515138151589781,0.9591516103692066,0.983503534956795,3.707878344779529e-05,14.668413162231445,0.057961984,0.704643072
324,0.05963079258799553,0.14570704237557947,0.9603299293008641,0.9815396700706991,3.623376078516156e-05,14.971621751785278,0.057961984,0.704643072
325,0.05319353938102722,0.13436340999323876,0.9642576590730558,0.9842890809112333,3.539802485349756e-05,15.287216663360596,0.057961984,0.704643072
326,0.025424206629395485,0.17288637566380202,0.9520816967792616,0.9799685781618225,3.457164298609023e-05,15.714651584625244,0.057961984,0.704643072
327,0.004638774786144495,0.14644091385416685,0.9626865671641791,0.9815396700706991,3.3754681762591405e-05,13.781335353851318,0.057961984,0.704643072
328,0.025096958503127098,0.14502125033177435,0.9654359780047133,0.9823252160251374,3.294720700365384e-05,15.823616981506348,0.057961984,0.704643072
329,0.01095230970531702,0.15027552996762097,0.9619010212097407,0.9803613511390417,3.214928376562789e-05,13.42116117477417,0.057961984,0.704643072
330,0.00655521173030138,0.13424170098733157,0.9681853888452474,0.9846818538884525,3.136097633532031e-05,15.145448684692383,0.057961984,0.704643072
331,0.013986911624670029,0.14564020200632513,0.9642576590730558,0.9842890809112333,3.0582348224814794e-05,15.122618675231934,0.057961984,0.704643072
332,0.018703816458582878,0.1486299468902871,0.9630793401413983,0.9815396700706991,2.981346216635484e-05,15.41350507736206,0.057961984,0.704643072
333,0.005944770760834217,0.15318739507347345,0.9607227022780833,0.983503534956795,2.9054380107289567e-05,14.693097591400146,0.057961984,0.704643072
334,0.019194455817341805,0.1374988846364431,0.9642576590730558,0.983503534956795,2.8305163205083058e-05,15.618061542510986,0.057961984,0.704643072
335,0.049112480133771896,0.14846767261624336,0.9611154752553024,0.9831107619795758,2.7565871822386545e-05,15.472701072692871,0.057961984,0.704643072
336,0.04976322129368782,0.1443318635225296,0.9650432050274941,0.9827179890023566,2.6836565522175514e-05,15.648995399475098,0.057961984,0.704643072
337,0.04992852360010147,0.1347288991091773,0.9681853888452474,0.9862529457973291,2.6117303062950753e-05,15.356448411941528,0.057961984,0.704643072
338,0.00937052071094513,0.14580357854720205,0.9626865671641791,0.9827179890023566,2.540814239400426e-05,15.521082639694214,0.057961984,0.704643072
339,0.022357460111379623,0.1481394376605749,0.9611154752553024,0.9827179890023566,2.470914065075042e-05,14.754639863967896,0.057961984,0.704643072
340,0.013245820067822933,0.14045032336143776,0.9646504320502749,0.9846818538884525,2.4020354150122877e-05,15.274075984954834,0.057961984,0.704643072
341,0.00901761930435896,0.12956523830071093,0.9681853888452474,0.9846818538884525,2.3341838386036988e-05,15.270139932632446,0.057961984,0.704643072
342,0.005044023506343365,0.1369576550554484,0.9666142969363708,0.9850746268656716,2.2673648024918934e-05,13.09079623222351,0.057961984,0.704643072
343,0.00430781114846468,0.1338164224056527,0.9654359780047133,0.9838963079340142,2.2015836901301435e-05,15.157300233840942,0.057961984,0.704643072
344,0.03372686356306076,0.15624401974491775,0.9638648860958366,0.983503534956795,2.136845801348625e-05,15.406784296035767,0.057961984,0.704643072
345,0.0035972357727587223,0.12794204836245626,0.9705420267085625,0.9846818538884525,2.07315635192744e-05,15.287559747695923,0.057961984,0.704643072
346,0.019987378269433975,0.1291729394812137,0.9681853888452474,0.98586017282011,2.0105204731763824e-05,15.374401569366455,0.057961984,0.704643072
347,0.0028411238454282284,0.12837474406696855,0.9701492537313433,0.98586017282011,1.9489432115215303e-05,15.436482429504395,0.057961984,0.704643072
348,0.007875247858464718,0.13172077618073672,0.9697564807541241,0.9846818538884525,1.8884295280986525e-05,14.997234344482422,0.057961984,0.704643072
349,0.01624147780239582,0.13460879859048874,0.9677926158680282,0.9850746268656716,1.8289842983535143e-05,15.44825553894043,0.057961984,0.704643072
350,0.004033814650028944,0.1338143625529483,0.9654359780047133,0.98586017282011,1.7706123116490767e-05,15.564181804656982,0.057961984,0.704643072
351,0.002992418594658375,0.12757686066906898,0.9697564807541241,0.9850746268656716,1.7133182708796118e-05,15.173502683639526,0.057961984,0.704643072
352,0.01098183449357748,0.13483993557747453,0.9666142969363708,0.9831107619795758,1.657106792091813e-05,14.597367525100708,0.057961984,0.704643072
353,0.0071204425767064095,0.13336680132197215,0.969363707776905,0.9854673998428908,1.601982404112903e-05,15.662385702133179,0.057961984,0.704643072
354,0.024773359298706055,0.14577390028862283,0.9650432050274941,0.9838963079340142,1.5479495481857277e-05,15.305404424667358,0.057961984,0.704643072
355,0.007240701001137495,0.13346114066662268,0.9709347996857817,0.9846818538884525,1.4950125776109585e-05,15.17990517616272,0.057961984,0.704643072
356,0.003567855339497328,0.1359657250577584,0.9681853888452474,0.9846818538884525,1.4431757573963498e-05,14.752171277999878,0.057961984,0.704643072
357,0.005622558295726776,0.13760956400074065,0.9673998428908092,0.9831107619795758,1.392443263913121e-05,15.71268105506897,0.057961984,0.704643072
358,0.014884640462696552,0.13642685662489384,0.9697564807541241,0.9831107619795758,1.3428191845594672e-05,14.745358228683472,0.057961984,0.704643072
359,0.01328194234520197,0.14350376650691032,0.9650432050274941,0.9831107619795758,1.294307517431253e-05,14.785852432250977,0.057961984,0.704643072
360,0.00654215645045042,0.1331810834701173,0.9673998428908092,0.9846818538884525,1.2469121709999022e-05,15.523075103759766,0.057961984,0.704643072
361,0.01792658120393753,0.13186860135756434,0.9673998428908092,0.9831107619795758,1.2006369637974871e-05,15.260854244232178,0.057961984,0.704643072
362,0.0049810633063316345,0.13216118512209504,0.9673998428908092,0.9846818538884525,1.155485624109084e-05,15.26017141342163,0.057961984,0.704643072
363,0.0021198943722993135,0.13342353687621653,0.9673998428908092,0.9846818538884525,1.1114617896724022e-05,15.31104063987732,0.057961984,0.704643072
364,0.00509343296289444,0.13066164655610918,0.9681853888452474,0.9842890809112333,1.0685690073846907e-05,15.32532548904419,0.057961984,0.704643072
365,0.0019473806023597717,0.13443307201378046,0.9673998428908092,0.9838963079340142,1.0268107330169697e-05,13.969364404678345,0.057961984,0.704643072
366,0.010523336008191109,0.1361634107772261,0.969363707776905,0.9838963079340142,9.861903309356222e-06,15.543058395385742,0.057961984,0.704643072
367,0.0013744444586336613,0.12895153930876405,0.9697564807541241,0.9842890809112333,9.467110738313218e-06,15.700057983398438,0.057961984,0.704643072
368,0.009997302666306496,0.13339134040288628,0.9681853888452474,0.983503534956795,9.08376142455361e-06,15.649617671966553,0.057961984,0.704643072
369,0.005318957380950451,0.13282199327368288,0.9673998428908092,0.9838963079340142,8.711886253633891e-06,15.416027307510376,0.057961984,0.704643072
370,0.011507867835462093,0.12690838016569614,0.969363707776905,0.9842890809112333,8.35151518666579e-06,15.49146580696106,0.057961984,0.704643072
371,0.0070594921708106995,0.12854633982060476,0.9697564807541241,0.9846818538884525,8.002677257902246e-06,15.530715465545654,0.057961984,0.704643072
372,0.0020348222460597754,0.13184343895409256,0.9666142969363708,0.9854673998428908,7.66540057239828e-06,14.806399583816528,0.057961984,0.704643072
373,0.013366668485105038,0.12637019034009428,0.9685781618224666,0.9866457187745483,7.339712303746653e-06,13.85136103630066,0.057961984,0.704643072
374,0.05193450301885605,0.12806757004000247,0.969363707776905,0.9842890809112333,7.025638691888488e-06,13.686890363693237,0.057961984,0.704643072
375,0.002693368587642908,0.1280973409768194,0.9673998428908092,0.9854673998428908,6.723205040999187e-06,14.91305947303772,0.057961984,0.704643072
376,0.007953292690217495,0.13083768445067107,0.9673998428908092,0.9846818538884525,6.432435717449831e-06,15.189188718795776,0.057961984,0.704643072
377,0.010004827752709389,0.12689125114120542,0.9689709347996858,0.9842890809112333,6.153354147843848e-06,14.730001449584961,0.057961984,0.704643072
378,0.004374369978904724,0.12898228589911015,0.9673998428908092,0.9838963079340142,5.885982817129823e-06,15.163980484008789,0.057961984,0.704643072
379,0.022511212155222893,0.13087202697061,0.9681853888452474,0.9850746268656716,5.63034326678972e-06,15.290280818939209,0.057961984,0.704643072
380,0.006153676193207502,0.12707406957633793,0.9705420267085625,0.9846818538884525,5.3864560931035065e-06,13.785200119018555,0.057961984,0.704643072
381,0.007246031425893307,0.13163245664909481,0.969363707776905,0.9842890809112333,5.154340945489584e-06,15.30775237083435,0.057961984,0.704643072
382,0.006701163947582245,0.1294131138944067,0.9685781618224666,0.9831107619795758,4.93401652492189e-06,14.911025047302246,0.057961984,0.704643072
383,0.009530240669846535,0.13213359417859466,0.9685781618224666,0.9846818538884525,4.725500582423043e-06,15.042001962661743,0.057961984,0.704643072
384,0.0020965472795069218,0.1290276211919263,0.9677926158680282,0.9842890809112333,4.528809917634216e-06,15.299866676330566,0.057961984,0.704643072
385,0.007880637422204018,0.12783740512095393,0.9705420267085625,0.9838963079340142,4.343960377461695e-06,15.437355041503906,0.057961984,0.704643072
386,0.010063335299491882,0.12830405277200044,0.9705420267085625,0.9838963079340142,4.170966854800033e-06,15.288195133209229,0.057961984,0.704643072
387,0.005818318109959364,0.12822418380528688,0.9677926158680282,0.9831107619795758,4.009843287332296e-06,15.380838871002197,0.057961984,0.704643072
388,0.051267582923173904,0.12794654115568846,0.9685781618224666,0.983503534956795,3.860602656406959e-06,15.576610803604126,0.057961984,0.704643072
389,0.00847969576716423,0.12598820091225207,0.969363707776905,0.983503534956795,3.723256985992182e-06,15.13513994216919,0.057961984,0.704643072
390,0.005500729661434889,0.12645084969699383,0.969363707776905,0.9831107619795758,3.597817341706997e-06,15.510417699813843,0.057961984,0.704643072
391,0.002005062997341156,0.13310471274890007,0.9689709347996858,0.9854673998428908,3.4842938299298315e-06,15.556068897247314,0.057961984,0.704643072
392,0.013017388060688972,0.12797595760785044,0.9685781618224666,0.9838963079340142,3.382695596984143e-06,15.128049373626709,0.057961984,0.704643072
393,0.018360955640673637,0.12586010289378463,0.9689709347996858,0.9846818538884525,3.293030828401673e-06,15.313934803009033,0.057961984,0.704643072
394,0.002933625830337405,0.1264163898071274,0.9677926158680282,0.9854673998428908,3.2153067482628422e-06,15.239022493362427,0.057961984,0.704643072
395,0.010259866714477539,0.12627095049247145,0.9701492537313433,0.9850746268656716,3.149529618614783e-06,15.650826454162598,0.057961984,0.704643072
396,0.002057354198768735,0.12663562088273467,0.9689709347996858,0.9846818538884525,3.095704738966777e-06,14.9116530418396,0.057961984,0.704643072
397,0.009765058755874634,0.12878151217009873,0.9677926158680282,0.9838963079340142,3.0538364458633615e-06,14.820425271987915,0.057961984,0.704643072
398,0.004571130964905024,0.12633740152232348,0.9677926158680282,0.9846818538884525,3.0239281125348593e-06,13.081511735916138,0.057961984,0.704643072
399,0.00635629752650857,0.1251730578020215,0.9713275726630007,0.983503534956795,3.0059821486256424e-06,14.812270402908325,0.057961984,0.704643072
400,0.002807803452014923,0.1267694995040074,0.9701492537313433,0.9846818538884525,2.9999999999999997e-06,14.993400573730469,0.057961984,0.704643072
