"# Training Configuration: epochs=300, batch_size=32"
"# Learning Rate: 0.0005, Weight Decay: 3e-05, Alpha: 0.8, Beta: 0.2"
# Timestamp: 2025-10-22 14:59:40

epoch,train_loss,val_loss,val_gloss_acc,val_cat_acc,lr,epoch_time,gpu_memory_allocated,gpu_memory_reserved
1,1.8393748998641968,1.8425868302583694,0.08943089430894309,1.0,0.0005,6.009641408920288,0.121728512,0.39845888
2,1.8121875524520874,1.8099688589572906,0.14227642276422764,1.0,0.0005,5.577455520629883,0.121728512,0.39845888
3,1.8074219226837158,1.7827091664075851,0.23577235772357724,1.0,0.0005,5.5603187084198,0.121728512,0.39845888
4,1.6871875524520874,1.721639260649681,0.23170731707317074,1.0,0.0005,5.528646945953369,0.121728512,0.39845888
5,1.617343783378601,1.6672779470682144,0.3048780487804878,1.0,0.0005,5.56231427192688,0.121728512,0.39845888
6,1.5767968893051147,1.5817002356052399,0.35365853658536583,1.0,0.0005,5.4803032875061035,0.121728512,0.39845888
7,1.4450000524520874,1.4570974260568619,0.483739837398374,1.0,0.0005,5.486665964126587,0.121728512,0.39845888
8,1.19601571559906,1.373729258775711,0.47560975609756095,1.0,0.0005,5.48530387878418,0.121728512,0.39845888
9,1.1663281917572021,1.2568709552288055,0.5650406504065041,1.0,0.0005,5.465655326843262,0.121728512,0.39845888
10,1.0355859994888306,1.0244783237576485,0.6869918699186992,1.0,0.0005,5.469855308532715,0.121728512,0.39845888
11,0.9864843487739563,1.1070069521665573,0.5609756097560976,1.0,0.0005,5.510239839553833,0.121728512,0.39845888
12,0.6835547089576721,0.8273763507604599,0.7439024390243902,1.0,0.0005,5.506290435791016,0.121728512,0.39845888
13,0.6632617115974426,0.7013368830084801,0.8048780487804879,1.0,0.0005,5.484776496887207,0.121728512,0.39845888
14,0.7976953387260437,0.6166849359869957,0.8455284552845529,1.0,0.0005,5.492407321929932,0.121728512,0.39845888
15,0.49937501549720764,0.5411212854087353,0.8658536585365854,1.0,0.0005,5.485068082809448,0.121728512,0.39845888
16,0.3943847715854645,0.4673112742602825,0.9065040650406504,1.0,0.0005,5.570794105529785,0.121728512,0.39845888
17,0.4739599823951721,0.4497043564915657,0.8902439024390244,1.0,0.0005,5.497753858566284,0.121728512,0.39845888
18,0.5052148699760437,0.4170400910079479,0.8617886178861789,1.0,0.0005,5.480212926864624,0.121728512,0.39845888
19,0.40275391936302185,0.37138766795396805,0.8861788617886179,1.0,0.0005,5.493767023086548,0.121728512,0.39845888
20,0.41090822219848633,0.343533918261528,0.8983739837398373,1.0,0.0005,5.532008647918701,0.121728512,0.39845888
21,0.2830859422683716,0.33106754906475544,0.8861788617886179,1.0,0.0005,5.530946969985962,0.121728512,0.39845888
22,0.36720702052116394,0.34805317409336567,0.8821138211382114,1.0,0.0005,5.533169269561768,0.121728512,0.39845888
23,0.24625976383686066,0.29355021193623543,0.8943089430894309,1.0,0.0005,5.5079405307769775,0.121728512,0.39845888
24,0.2751171886920929,0.34601071290671825,0.8739837398373984,1.0,0.0005,5.467836141586304,0.121728512,0.39845888
25,0.22960937023162842,0.47607002407312393,0.7642276422764228,1.0,0.0005,5.453924894332886,0.121728512,0.39845888
26,0.2663525342941284,0.2575481925159693,0.9065040650406504,1.0,0.0005,5.4931206703186035,0.121728512,0.39845888
27,0.13889892399311066,0.23671657964587212,0.9227642276422764,1.0,0.0005,5.493907451629639,0.121728512,0.39845888
28,0.11894775927066803,0.20358457323163748,0.926829268292683,1.0,0.0005,5.546268463134766,0.121728512,0.39845888
29,0.09595947712659836,0.18948208913207054,0.9349593495934959,1.0,0.0005,5.536646127700806,0.121728512,0.39845888
30,0.27556395530700684,0.2284375438466668,0.9227642276422764,1.0,0.0005,5.483827352523804,0.121728512,0.39845888
31,0.20172850787639618,0.22846256010234356,0.9308943089430894,1.0,0.0005,5.4529969692230225,0.121728512,0.39845888
32,0.25053223967552185,0.31927647069096565,0.8821138211382114,1.0,0.0005,5.45964789390564,0.121728512,0.39845888
33,0.2585388123989105,0.325298716314137,0.8739837398373984,1.0,0.0005,5.516431093215942,0.121728512,0.39845888
34,0.1834985464811325,0.6689676493406296,0.7642276422764228,1.0,0.0005,5.511458396911621,0.121728512,0.39845888
35,0.13789673149585724,0.37030617520213127,0.8739837398373984,1.0,0.0005,5.501080274581909,0.121728512,0.39845888
36,0.1353161633014679,0.22793393302708864,0.9227642276422764,1.0,0.0005,5.547990083694458,0.121728512,0.39845888
37,0.08536621183156967,0.16478883102536201,0.9349593495934959,1.0,0.0005,5.476060390472412,0.121728512,0.39845888
38,0.07759765535593033,0.15967592131346464,0.9349593495934959,1.0,0.0005,5.459203004837036,0.121728512,0.39845888
39,0.16447265446186066,0.13600479904562235,0.9512195121951219,1.0,0.0005,5.474349021911621,0.121728512,0.39845888
40,0.1501171886920929,0.1516218837350607,0.9471544715447154,1.0,0.0005,5.484625577926636,0.121728512,0.39845888
41,0.06307739019393921,0.14519260358065367,0.9552845528455285,1.0,0.0005,5.4833173751831055,0.121728512,0.39845888
42,0.10483398288488388,0.13394380128011107,0.9552845528455285,1.0,0.0005,5.467602968215942,0.121728512,0.39845888
43,0.06425415724515915,0.1325605041347444,0.959349593495935,1.0,0.0005,5.499288320541382,0.121728512,0.39845888
44,0.041197508573532104,0.11841961136087775,0.9634146341463414,1.0,0.0005,5.481044054031372,0.121728512,0.39845888
45,0.08977539092302322,0.24506825953722,0.9024390243902439,1.0,0.0005,5.513873100280762,0.121728512,0.39845888
46,0.1989465355873108,0.2799569983035326,0.9065040650406504,1.0,0.0005,5.5756776332855225,0.121728512,0.39845888
47,0.2667199671268463,0.5974514335393906,0.7601626016260162,1.0,0.0005,5.564596652984619,0.121728512,0.39845888
48,0.0751953125,0.2317184889689088,0.9227642276422764,1.0,0.0005,5.469741106033325,0.121728512,0.39845888
49,0.07066040486097336,0.1466686618514359,0.9471544715447154,1.0,0.0005,5.488973617553711,0.121728512,0.39845888
50,0.047276001423597336,0.10024580312892795,0.959349593495935,1.0,0.0005,5.522078990936279,0.121728512,0.39845888
51,0.061427004635334015,0.11865418707020581,0.9512195121951219,1.0,0.0005,5.587244987487793,0.121728512,0.39845888
52,0.0421072393655777,0.16657105274498463,0.9349593495934959,1.0,0.0005,5.6197710037231445,0.121728512,0.39845888
53,0.042695313692092896,0.15284920018166304,0.943089430894309,1.0,0.0005,5.572221040725708,0.121728512,0.39845888
54,0.05505981668829918,0.1528701395727694,0.9552845528455285,1.0,0.0005,5.594397783279419,0.121728512,0.39845888
55,0.11824875324964523,0.16361053800210357,0.943089430894309,1.0,0.0005,5.614961385726929,0.121728512,0.39845888
56,0.041743773967027664,0.14797365106642246,0.9512195121951219,1.0,0.0005,5.57777738571167,0.121728512,0.39845888
57,0.1016375795006752,0.17473315447568893,0.9349593495934959,1.0,0.0005,5.668606281280518,0.121728512,0.39845888
58,0.06076599285006523,0.36499725840985775,0.8699186991869918,1.0,0.0005,5.586258888244629,0.121728512,0.39845888
59,0.05557922273874283,0.22765487898141146,0.8943089430894309,1.0,0.0005,5.571928024291992,0.121728512,0.39845888
60,0.08885986357927322,0.1914945407770574,0.9186991869918699,1.0,0.00025,5.627066612243652,0.121728512,0.39845888
61,0.05746094137430191,0.13668087543919683,0.9552845528455285,1.0,0.00025,5.603314638137817,0.121728512,0.39845888
62,0.03284057602286339,0.10993246990256011,0.959349593495935,1.0,0.00025,5.561933517456055,0.121728512,0.39845888
63,0.05908721685409546,0.11284904927015305,0.9634146341463414,1.0,0.00025,5.5094544887542725,0.121728512,0.39845888
64,0.03858398646116257,0.11378081049770117,0.959349593495935,1.0,0.00025,5.581282615661621,0.121728512,0.39845888
65,0.030614012852311134,0.11210950068198144,0.959349593495935,1.0,0.00025,5.5507988929748535,0.121728512,0.39845888
66,0.03144165128469467,0.14223206392489374,0.9390243902439024,1.0,0.00025,5.565554618835449,0.121728512,0.39845888
67,0.02347107045352459,0.14328833506442606,0.943089430894309,1.0,0.00025,5.504656791687012,0.121728512,0.39845888
68,0.03764709457755089,0.12761518848128617,0.9552845528455285,1.0,0.00025,5.598472595214844,0.121728512,0.39845888
69,0.032742004841566086,0.12138420203700662,0.9512195121951219,1.0,0.00025,5.548360347747803,0.121728512,0.39845888
70,0.029051819816231728,0.12769024702720344,0.959349593495935,1.0,0.00025,5.590867757797241,0.121728512,0.39845888
71,0.03197174146771431,0.12743289396166801,0.959349593495935,1.0,0.00025,5.506059885025024,0.121728512,0.39845888
72,0.021574096754193306,0.1266634096391499,0.959349593495935,1.0,0.00025,5.494093894958496,0.121728512,0.39845888
73,0.0368388369679451,0.12286719912663102,0.9634146341463414,1.0,0.00025,5.438681364059448,0.121728512,0.39845888
74,0.019964905455708504,0.12797182332724333,0.9634146341463414,1.0,0.00025,5.456099271774292,0.121728512,0.39845888
75,0.06711486726999283,0.1193479117937386,0.9634146341463414,1.0,0.00025,5.4616618156433105,0.121728512,0.39845888
76,0.013063507154583931,0.13300627982243896,0.9552845528455285,1.0,0.000125,5.487324476242065,0.121728512,0.39845888
77,0.019167786464095116,0.12690882943570614,0.959349593495935,1.0,0.000125,5.427619695663452,0.121728512,0.39845888
78,0.026307374238967896,0.1427360369125381,0.9552845528455285,1.0,0.000125,5.571364164352417,0.121728512,0.39845888
79,0.022017821669578552,0.12805871316231787,0.959349593495935,1.0,0.000125,5.578433513641357,0.121728512,0.39845888
80,0.024012451991438866,0.13014068035408854,0.959349593495935,1.0,0.000125,5.607193946838379,0.121728512,0.39845888
81,0.027330169454216957,0.12878121132962406,0.959349593495935,1.0,0.000125,5.532546281814575,0.121728512,0.39845888
82,0.020769959315657616,0.1272181044332683,0.959349593495935,1.0,0.000125,5.555330991744995,0.121728512,0.39845888
83,0.04025360196828842,0.12992929900065064,0.959349593495935,1.0,0.000125,5.552806615829468,0.121728512,0.39845888
84,0.022870179265737534,0.12662767805159092,0.959349593495935,1.0,0.000125,5.567101716995239,0.121728512,0.39845888
85,0.031683046370744705,0.13123832864221185,0.959349593495935,1.0,0.000125,5.512197256088257,0.121728512,0.39845888
86,0.024682005867362022,0.13011945434845984,0.959349593495935,1.0,0.000125,5.4608354568481445,0.121728512,0.39845888
87,0.020554808899760246,0.1313888393342495,0.959349593495935,1.0,0.000125,5.528601884841919,0.121728512,0.39845888
88,0.028365477919578552,0.12926285609137267,0.959349593495935,1.0,0.000125,5.526013374328613,0.121728512,0.39845888
89,0.029421692714095116,0.1479096746770665,0.9552845528455285,1.0,0.000125,5.535364866256714,0.121728512,0.39845888
90,0.028173524886369705,0.13705392240080982,0.9552845528455285,1.0,0.000125,5.519196033477783,0.121728512,0.39845888
91,0.03423294052481651,0.12286331155337393,0.959349593495935,1.0,0.000125,5.502328157424927,0.121728512,0.39845888
92,0.01903732307255268,0.13222851394675672,0.959349593495935,1.0,6.25e-05,5.489012241363525,0.121728512,0.39845888
93,0.03196701034903526,0.1323641383787617,0.959349593495935,1.0,6.25e-05,5.493672609329224,0.121728512,0.39845888
94,0.025270385667681694,0.13149897358380258,0.959349593495935,1.0,6.25e-05,5.563180446624756,0.121728512,0.39845888
95,0.013059386983513832,0.13003125530667603,0.959349593495935,1.0,6.25e-05,5.487252473831177,0.121728512,0.39845888
96,0.04351959377527237,0.13055563892703503,0.959349593495935,1.0,6.25e-05,5.527071237564087,0.121728512,0.39845888
97,0.017741700634360313,0.1327113991137594,0.959349593495935,1.0,6.25e-05,5.50551176071167,0.121728512,0.39845888
98,0.030882567167282104,0.13740399666130543,0.9552845528455285,1.0,6.25e-05,5.512263059616089,0.121728512,0.39845888
99,0.019653014838695526,0.13723241758998483,0.959349593495935,1.0,6.25e-05,5.5196006298065186,0.121728512,0.39845888
100,0.0226287841796875,0.1358543693786487,0.959349593495935,1.0,6.25e-05,5.599331855773926,0.121728512,0.39845888
101,0.02103576622903347,0.13457922951783985,0.959349593495935,1.0,6.25e-05,5.588092565536499,0.121728512,0.39845888
102,0.028199156746268272,0.13898940780200064,0.9552845528455285,1.0,6.25e-05,5.533645868301392,0.121728512,0.39845888
103,0.032533567398786545,0.13669153663795441,0.959349593495935,1.0,6.25e-05,5.5167248249053955,0.121728512,0.39845888
104,0.010745849460363388,0.13362134562339634,0.959349593495935,1.0,6.25e-05,5.516235113143921,0.121728512,0.39845888
105,0.027710875496268272,0.135645960457623,0.959349593495935,1.0,6.25e-05,5.5401530265808105,0.121728512,0.39845888
106,0.042002107948064804,0.13328883703798056,0.959349593495935,1.0,6.25e-05,5.557178020477295,0.121728512,0.39845888
107,0.012431030161678791,0.12759511696640402,0.9634146341463414,1.0,6.25e-05,5.658669948577881,0.121728512,0.39845888
108,0.018255310133099556,0.12028881709557027,0.9634146341463414,1.0,3.125e-05,5.565876483917236,0.121728512,0.39845888
109,0.026137694716453552,0.1203984689200297,0.959349593495935,1.0,3.125e-05,5.5521368980407715,0.121728512,0.39845888
110,0.020948486402630806,0.1163560691056773,0.9634146341463414,1.0,3.125e-05,5.580474138259888,0.121728512,0.39845888
111,0.02617645263671875,0.11523486278019845,0.967479674796748,1.0,3.125e-05,5.648106813430786,0.121728512,0.39845888
112,0.012438049539923668,0.11617453733924776,0.967479674796748,1.0,3.125e-05,5.584967136383057,0.121728512,0.39845888
113,0.02826995961368084,0.1150949033908546,0.967479674796748,1.0,3.125e-05,5.5036070346832275,0.121728512,0.39845888
114,0.017122497782111168,0.11570359277538955,0.967479674796748,1.0,3.125e-05,5.49222731590271,0.121728512,0.39845888
115,0.015536499209702015,0.11780383216682822,0.967479674796748,1.0,3.125e-05,5.556272983551025,0.121728512,0.39845888
116,0.030806884169578552,0.12002604070585221,0.967479674796748,1.0,3.125e-05,5.497990131378174,0.121728512,0.39845888
117,0.029798736795783043,0.12890534941107035,0.9634146341463414,1.0,3.125e-05,5.4670021533966064,0.121728512,0.39845888
118,0.031153259798884392,0.13203727640211582,0.959349593495935,1.0,3.125e-05,5.5985798835754395,0.121728512,0.39845888
119,0.027402037754654884,0.13062673434615135,0.959349593495935,1.0,3.125e-05,5.540022850036621,0.121728512,0.39845888
120,0.008407898247241974,0.13309091667179018,0.959349593495935,1.0,3.125e-05,5.51607346534729,0.121728512,0.39845888
121,0.025301819667220116,0.126406489755027,0.959349593495935,1.0,3.125e-05,5.550272464752197,0.121728512,0.39845888
122,0.01741333119571209,0.1320919549325481,0.959349593495935,1.0,3.125e-05,5.552963972091675,0.121728512,0.39845888
123,0.033164676278829575,0.13307753461413085,0.959349593495935,1.0,3.125e-05,5.505092144012451,0.121728512,0.39845888
124,0.03578659147024155,0.1315779882716015,0.9634146341463414,1.0,3.125e-05,5.486867904663086,0.121728512,0.39845888
125,0.027094421908259392,0.13737547409255058,0.9552845528455285,1.0,3.125e-05,5.49255108833313,0.121728512,0.39845888
126,0.012682191096246243,0.13128716277424246,0.9634146341463414,1.0,3.125e-05,5.461114883422852,0.121728512,0.39845888
127,0.022136231884360313,0.13352277898229659,0.9634146341463414,1.0,1.5625e-05,5.4931628704071045,0.121728512,0.39845888
128,0.022729186341166496,0.12998309545218945,0.959349593495935,1.0,1.5625e-05,5.519771575927734,0.121728512,0.39845888
129,0.010453720577061176,0.13105434959288687,0.9634146341463414,1.0,1.5625e-05,5.4931464195251465,0.121728512,0.39845888
130,0.022696837782859802,0.1325449562864378,0.959349593495935,1.0,1.5625e-05,5.476986408233643,0.121728512,0.39845888
131,0.020800933241844177,0.13313560537062585,0.959349593495935,1.0,1.5625e-05,5.577552318572998,0.121728512,0.39845888
132,0.015331725589931011,0.1345692026661709,0.959349593495935,1.0,1.5625e-05,5.541797399520874,0.121728512,0.39845888
133,0.030770570039749146,0.13479339820332825,0.959349593495935,1.0,1.5625e-05,5.535502672195435,0.121728512,0.39845888
134,0.04251464828848839,0.13393593078944832,0.959349593495935,1.0,1.5625e-05,5.51093864440918,0.121728512,0.39845888
135,0.035710450261831284,0.13307715393602848,0.959349593495935,1.0,1.5625e-05,5.572096109390259,0.121728512,0.39845888
136,0.03920349106192589,0.1338155239354819,0.959349593495935,1.0,1.5625e-05,5.561752080917358,0.121728512,0.39845888
137,0.020151520147919655,0.13549215847160667,0.959349593495935,1.0,1.5625e-05,5.584659814834595,0.121728512,0.39845888
138,0.025368958711624146,0.13444973120931536,0.959349593495935,1.0,1.5625e-05,5.519485712051392,0.121728512,0.39845888
139,0.017699584364891052,0.13828519196249545,0.959349593495935,1.0,1.5625e-05,5.48664116859436,0.121728512,0.39845888
140,0.01708625815808773,0.1401125576812774,0.959349593495935,1.0,1.5625e-05,5.449721097946167,0.121728512,0.39845888
141,0.027110902592539787,0.136958610964939,0.959349593495935,1.0,1.5625e-05,5.548626661300659,0.121728512,0.39845888
142,0.02697647176682949,0.1322941364487633,0.959349593495935,1.0,1.5625e-05,5.50368070602417,0.121728512,0.39845888
143,0.020707855001091957,0.13058210629969835,0.959349593495935,1.0,7.8125e-06,5.521745443344116,0.121728512,0.39845888
144,0.026620788499712944,0.13109650718979537,0.959349593495935,1.0,7.8125e-06,5.480613946914673,0.121728512,0.39845888
145,0.026449281722307205,0.1318876991281286,0.959349593495935,1.0,7.8125e-06,5.492624044418335,0.121728512,0.39845888
146,0.012444763444364071,0.1322998913237825,0.959349593495935,1.0,7.8125e-06,5.593285322189331,0.121728512,0.39845888
147,0.03235168382525444,0.13253480184357613,0.959349593495935,1.0,7.8125e-06,5.568116188049316,0.121728512,0.39845888
148,0.020994262769818306,0.13260567211546004,0.959349593495935,1.0,7.8125e-06,5.592597246170044,0.121728512,0.39845888
149,0.04062515124678612,0.13250515039544553,0.959349593495935,1.0,7.8125e-06,5.526620864868164,0.121728512,0.39845888
150,0.014233628287911415,0.13284547976218164,0.959349593495935,1.0,7.8125e-06,5.6015403270721436,0.121728512,0.39845888
151,0.007906494662165642,0.13289700215682387,0.959349593495935,1.0,7.8125e-06,5.566103935241699,0.121728512,0.39845888
152,0.03209900110960007,0.1333900960162282,0.959349593495935,1.0,7.8125e-06,5.557150602340698,0.121728512,0.39845888
153,0.008799438364803791,0.13416215439792722,0.959349593495935,1.0,7.8125e-06,5.517231464385986,0.121728512,0.39845888
154,0.01607559248805046,0.13471783162094653,0.959349593495935,1.0,7.8125e-06,5.512415647506714,0.121728512,0.39845888
155,0.021199950948357582,0.13432225328870118,0.9634146341463414,1.0,7.8125e-06,5.583179950714111,0.121728512,0.39845888
156,0.031040040776133537,0.13360444561112672,0.959349593495935,1.0,7.8125e-06,5.506148099899292,0.121728512,0.39845888
157,0.03054908849298954,0.13350903673563153,0.959349593495935,1.0,7.8125e-06,5.508412837982178,0.121728512,0.39845888
158,0.023975221440196037,0.13482545467559248,0.959349593495935,1.0,7.8125e-06,5.534044981002808,0.121728512,0.39845888
159,0.035366516560316086,0.1362230577506125,0.959349593495935,1.0,3.90625e-06,5.5321691036224365,0.121728512,0.39845888
160,0.04456939920783043,0.13790348428301513,0.959349593495935,1.0,3.90625e-06,5.497031927108765,0.121728512,0.39845888
161,0.018820954486727715,0.13906159857288003,0.959349593495935,1.0,3.90625e-06,5.544257879257202,0.121728512,0.39845888
162,0.012731476686894894,0.13921809394378215,0.959349593495935,1.0,3.90625e-06,5.537429332733154,0.121728512,0.39845888
163,0.015976257622241974,0.13856871123425663,0.959349593495935,1.0,3.90625e-06,5.528685569763184,0.121728512,0.39845888
164,0.011733856052160263,0.1390188871882856,0.959349593495935,1.0,3.90625e-06,5.58865213394165,0.121728512,0.39845888
165,0.04126327857375145,0.14087626326363534,0.959349593495935,1.0,3.90625e-06,5.518852233886719,0.121728512,0.39845888
166,0.029329834505915642,0.14076634251978248,0.959349593495935,1.0,3.90625e-06,5.478579998016357,0.121728512,0.39845888
167,0.018284913152456284,0.13992122432682663,0.959349593495935,1.0,3.90625e-06,5.446436166763306,0.121728512,0.39845888
168,0.018437501043081284,0.1391265783458948,0.959349593495935,1.0,3.90625e-06,5.470065116882324,0.121728512,0.39845888
169,0.016078798100352287,0.13866543129552156,0.959349593495935,1.0,3.90625e-06,5.526428937911987,0.121728512,0.39845888
170,0.025416869670152664,0.13793795742094517,0.959349593495935,1.0,3.90625e-06,5.478299379348755,0.121728512,0.39845888
171,0.019218293949961662,0.1372573667904362,0.959349593495935,1.0,3.90625e-06,5.471003532409668,0.121728512,0.39845888
172,0.02392425574362278,0.13435821584425867,0.959349593495935,1.0,3.90625e-06,5.5229432582855225,0.121728512,0.39845888
173,0.015425415709614754,0.13488445372786373,0.959349593495935,1.0,3.90625e-06,5.50451135635376,0.121728512,0.39845888
174,0.012481383979320526,0.13502230355516076,0.959349593495935,1.0,3.90625e-06,5.440188646316528,0.121728512,0.39845888
175,0.010356597602367401,0.1359000961529091,0.959349593495935,1.0,1.953125e-06,5.502002000808716,0.121728512,0.39845888
176,0.022453919053077698,0.1354695997433737,0.959349593495935,1.0,1.953125e-06,5.475748300552368,0.121728512,0.39845888
177,0.027888184413313866,0.1352036582538858,0.959349593495935,1.0,1.953125e-06,5.427713394165039,0.121728512,0.39845888
178,0.02055709809064865,0.13571909617166966,0.959349593495935,1.0,1.953125e-06,5.418088912963867,0.121728512,0.39845888
179,0.03793273866176605,0.13570052350405604,0.959349593495935,1.0,1.953125e-06,5.51488471031189,0.121728512,0.39845888
180,0.03304794430732727,0.13553976581897587,0.959349593495935,1.0,1.953125e-06,5.453895568847656,0.121728512,0.39845888
181,0.04280449077486992,0.13581669004634023,0.959349593495935,1.0,1.953125e-06,5.447537422180176,0.121728512,0.39845888
182,0.017204895615577698,0.1361202128464356,0.959349593495935,1.0,1.953125e-06,5.541272878646851,0.121728512,0.39845888
183,0.014430388808250427,0.13577275921124965,0.959349593495935,1.0,1.953125e-06,5.571166753768921,0.121728512,0.39845888
184,0.012679596431553364,0.1355148534057662,0.959349593495935,1.0,1.953125e-06,5.484330415725708,0.121728512,0.39845888
185,0.017898177728056908,0.13483112875837833,0.959349593495935,1.0,1.953125e-06,5.5082762241363525,0.121728512,0.39845888
186,0.018320007249712944,0.13427839963696897,0.959349593495935,1.0,1.953125e-06,5.514885902404785,0.121728512,0.39845888
187,0.02532958984375,0.13434330828022212,0.959349593495935,1.0,1.953125e-06,5.477616786956787,0.121728512,0.39845888
188,0.015798036009073257,0.13437342061661184,0.959349593495935,1.0,1.953125e-06,5.460689544677734,0.121728512,0.39845888
189,0.03181671351194382,0.13392574025783688,0.959349593495935,1.0,1.953125e-06,5.479828119277954,0.121728512,0.39845888
190,0.018460234627127647,0.13360543770249933,0.959349593495935,1.0,1.953125e-06,5.39971661567688,0.121728512,0.39845888
191,0.009924622252583504,0.13382672215811908,0.959349593495935,1.0,9.765625e-07,5.527411460876465,0.121728512,0.39845888
192,0.012553405947983265,0.13405774626880884,0.959349593495935,1.0,9.765625e-07,5.4842445850372314,0.121728512,0.39845888
193,0.029834289103746414,0.13389861525502056,0.959349593495935,1.0,9.765625e-07,5.418115139007568,0.121728512,0.39845888
194,0.016023864969611168,0.13365802634507418,0.959349593495935,1.0,9.765625e-07,5.484712362289429,0.121728512,0.39845888
195,0.020222168415784836,0.1336069053504616,0.959349593495935,1.0,9.765625e-07,5.453446865081787,0.121728512,0.39845888
196,0.013563004322350025,0.1333853470860049,0.959349593495935,1.0,9.765625e-07,5.432927846908569,0.121728512,0.39845888
197,0.020279845222830772,0.1334797153249383,0.959349593495935,1.0,9.765625e-07,5.430028200149536,0.121728512,0.39845888
198,0.013019561767578125,0.13382073503453285,0.959349593495935,1.0,9.765625e-07,5.499305963516235,0.121728512,0.39845888
199,0.012887421064078808,0.1338792183669284,0.959349593495935,1.0,9.765625e-07,5.5008320808410645,0.121728512,0.39845888
200,0.025052642449736595,0.13633568678051233,0.959349593495935,1.0,9.765625e-07,5.536834955215454,0.121728512,0.39845888
201,0.03294586390256882,0.13788480241782963,0.959349593495935,1.0,9.765625e-07,5.422216415405273,0.121728512,0.39845888
202,0.013762513175606728,0.13743785372935236,0.959349593495935,1.0,9.765625e-07,5.4542624950408936,0.121728512,0.39845888
203,0.012915191240608692,0.13565561326686293,0.959349593495935,1.0,9.765625e-07,5.500883102416992,0.121728512,0.39845888
204,0.02157333306968212,0.1353259226307273,0.959349593495935,1.0,9.765625e-07,5.542860746383667,0.121728512,0.39845888
205,0.02950744703412056,0.13487377460114658,0.959349593495935,1.0,9.765625e-07,5.646178960800171,0.121728512,0.39845888
206,0.009120025672018528,0.13448387780226767,0.959349593495935,1.0,9.765625e-07,5.561404228210449,0.121728512,0.39845888
207,0.019196471199393272,0.13412668998353183,0.959349593495935,1.0,4.8828125e-07,5.510833501815796,0.121728512,0.39845888
208,0.019675597548484802,0.13393507560249418,0.959349593495935,1.0,4.8828125e-07,5.468998193740845,0.121728512,0.39845888
209,0.01689910888671875,0.13364016078412533,0.959349593495935,1.0,4.8828125e-07,5.4621262550354,0.121728512,0.39845888
210,0.011892395094037056,0.13349239889066666,0.959349593495935,1.0,4.8828125e-07,5.434450626373291,0.121728512,0.39845888
211,0.010964813642203808,0.13346541998907924,0.959349593495935,1.0,4.8828125e-07,5.421771287918091,0.121728512,0.39845888
212,0.026813356205821037,0.13341715978458524,0.959349593495935,1.0,4.8828125e-07,5.439407825469971,0.121728512,0.39845888
213,0.02578018419444561,0.13358778692781925,0.959349593495935,1.0,4.8828125e-07,5.431248664855957,0.121728512,0.39845888
214,0.012414551340043545,0.13390399212948978,0.959349593495935,1.0,4.8828125e-07,5.463202476501465,0.121728512,0.39845888
215,0.014304809272289276,0.1337698868010193,0.959349593495935,1.0,4.8828125e-07,5.460293531417847,0.121728512,0.39845888
216,0.03444763273000717,0.13385126669891179,0.959349593495935,1.0,4.8828125e-07,5.525275945663452,0.121728512,0.39845888
217,0.028310546651482582,0.13394841586705297,0.959349593495935,1.0,4.8828125e-07,5.465057373046875,0.121728512,0.39845888
218,0.016526183113455772,0.13392959628254175,0.959349593495935,1.0,4.8828125e-07,5.547987699508667,0.121728512,0.39845888
219,0.016648558899760246,0.1341782701201737,0.959349593495935,1.0,4.8828125e-07,5.495929956436157,0.121728512,0.39845888
220,0.01925811730325222,0.1346524100517854,0.959349593495935,1.0,4.8828125e-07,5.462128162384033,0.121728512,0.39845888
221,0.02362976036965847,0.13408552948385477,0.959349593495935,1.0,4.8828125e-07,5.452725172042847,0.121728512,0.39845888
222,0.03179153427481651,0.13404422509483993,0.959349593495935,1.0,4.8828125e-07,5.431914806365967,0.121728512,0.39845888
223,0.011165161617100239,0.13401679298840463,0.959349593495935,1.0,2.44140625e-07,5.483784914016724,0.121728512,0.39845888
224,0.011689147911965847,0.1340444275410846,0.959349593495935,1.0,2.44140625e-07,5.532643795013428,0.121728512,0.39845888
225,0.012989806942641735,0.13403823622502387,0.959349593495935,1.0,2.44140625e-07,5.538215160369873,0.121728512,0.39845888
226,0.010163574479520321,0.1340230260975659,0.959349593495935,1.0,2.44140625e-07,5.36279034614563,0.121728512,0.39845888
227,0.018822630867362022,0.13404281856492162,0.959349593495935,1.0,2.44140625e-07,5.439735174179077,0.121728512,0.39845888
228,0.015795288607478142,0.1340828649699688,0.959349593495935,1.0,2.44140625e-07,5.4497363567352295,0.121728512,0.39845888
229,0.015721436589956284,0.1340498785721138,0.959349593495935,1.0,2.44140625e-07,5.5916526317596436,0.121728512,0.39845888
230,0.0072456360794603825,0.1340951039455831,0.959349593495935,1.0,2.44140625e-07,5.586238384246826,0.121728512,0.39845888
231,0.01622261106967926,0.13418158725835383,0.959349593495935,1.0,2.44140625e-07,5.48088812828064,0.121728512,0.39845888
