"# Training Configuration: epochs=300, batch_size=128"
"# Learning Rate: 0.0007, Weight Decay: 8e-05, Alpha: 0.8, Beta: 0.2"
# Timestamp: 2025-11-01 03:54:01

epoch,train_loss,val_loss,val_gloss_acc,val_cat_acc,lr,epoch_time,gpu_memory_allocated,gpu_memory_reserved
1,4.160478591918945,4.139888501167297,0.019638648860958365,0.20109976433621368,0.0007,93.44803476333618,0.123403264,1.851785216
2,3.7560524940490723,3.784718370437622,0.04006284367635507,0.38256087981146897,0.0007,92.0935652256012,0.123403264,1.851785216
3,3.454335927963257,3.264917814731598,0.06952081696779261,0.5828750981932443,0.0007,92.08636784553528,0.123403264,1.851785216
4,2.99141526222229,2.9373173475265504,0.103299293008641,0.6614296936370778,0.0007,91.98975157737732,0.123403264,1.851785216
5,2.825009346008301,2.6465529680252073,0.12254516889238021,0.7293794186959938,0.0007,92.11011815071106,0.123403264,1.851785216
6,2.5267090797424316,2.47571347951889,0.14375490966221524,0.7588373919874313,0.0007,92.42658829689026,0.123403264,1.851785216
7,2.3619630336761475,2.4182132959365843,0.1563236449332286,0.7780832678711704,0.0007,92.04168200492859,0.123403264,1.851785216
8,2.3200204372406006,2.323923718929291,0.14925373134328357,0.7780832678711704,0.0007,92.17597484588623,0.123403264,1.851785216
9,2.2612802982330322,2.2192978501319884,0.17007069913589945,0.8067556952081697,0.0007,90.9643075466156,0.123403264,1.851785216
10,2.1631808280944824,2.0494309425354005,0.20109976433621368,0.861351139041634,0.0007,91.19870805740356,0.123403264,1.851785216
11,2.1099956035614014,1.9964669167995452,0.20227808326787117,0.8589945011783189,0.0007,92.2055311203003,0.123403264,1.851785216
12,1.989162564277649,1.9463476717472077,0.23527101335428122,0.8782403770620582,0.0007,92.29886436462402,0.123403264,1.851785216
13,1.9648622274398804,1.8906380593776704,0.24116260801256872,0.8813825608798115,0.0007,92.2925443649292,0.123403264,1.851785216
14,1.8135892152786255,1.792743331193924,0.2706205813040063,0.9057344854673999,0.0007,91.8079686164856,0.123403264,1.851785216
15,1.9720604419708252,1.8652562081813813,0.2588373919874313,0.870777690494894,0.0007,92.04946231842041,0.123403264,1.851785216
16,1.9775736331939697,2.116420233249664,0.2391987431264729,0.793401413982718,0.0007,92.30385875701904,0.123403264,1.851785216
17,1.7817500829696655,1.75234335064888,0.28908091123330715,0.8833464257659073,0.0007,91.56734013557434,0.123403264,1.851785216
18,1.850475788116455,1.8260460257530213,0.26826394344069127,0.8680282796543598,0.0007,91.7263708114624,0.123403264,1.851785216
19,1.7087525129318237,1.6632118344306945,0.32246661429693635,0.9021995286724274,0.0007,91.12717342376709,0.123403264,1.851785216
20,1.7221336364746094,1.597757625579834,0.35467399842890807,0.9190887666928516,0.0007,91.13192510604858,0.123403264,1.851785216
21,1.5737524032592773,1.5844350755214691,0.36252945797329145,0.9316575019638649,0.0007,90.63672208786011,0.123403264,1.851785216
22,1.5331095457077026,1.5707708656787873,0.36213668499607227,0.9206598586017282,0.0007,90.9096245765686,0.123403264,1.851785216
23,1.4523043632507324,1.499252200126648,0.39120188531029065,0.9316575019638649,0.0007,91.92746138572693,0.123403264,1.851785216
24,1.714853048324585,1.5410940289497375,0.36724273369992144,0.9210526315789473,0.0007,91.81389355659485,0.123403264,1.851785216
25,1.422607183456421,1.4728665471076965,0.391987431264729,0.9308719560094265,0.0007,92.73584079742432,0.123403264,1.851785216
26,1.4279165267944336,1.3943626940250398,0.4457973291437549,0.9465828750981933,0.0007,92.43813395500183,0.123403264,1.851785216
27,1.59396231174469,1.391162520647049,0.44029850746268656,0.9355852317360566,0.0007,91.64231538772583,0.123403264,1.851785216
28,1.8353898525238037,1.670647805929184,0.3330714846818539,0.8570306362922231,0.0007,91.39208793640137,0.123403264,1.851785216
29,1.3418813943862915,1.3460800886154174,0.4336213668499607,0.9438334642576591,0.0007,91.2479498386383,0.123403264,1.851785216
30,1.368272066116333,1.3009689927101136,0.4626865671641791,0.9489395129615082,0.0007,92.77120161056519,0.123403264,1.851785216
31,1.401395320892334,1.4821166455745698,0.3688138256087981,0.9088766692851532,0.0007,92.7419683933258,0.123403264,1.851785216
32,1.6421589851379395,1.4238003969192505,0.4183032207384132,0.9175176747839748,0.0007,92.83814716339111,0.123403264,1.851785216
33,1.2594101428985596,1.3298515617847442,0.45993715632364496,0.9214454045561665,0.0007,92.88846230506897,0.123403264,1.851785216
34,1.1952648162841797,1.2102602243423461,0.4964650432050275,0.9501178318931658,0.0007,91.02603006362915,0.123403264,1.851785216
35,1.1723121404647827,1.1262905955314637,0.5498821681068342,0.9571877454831108,0.0007,92.43847322463989,0.123403264,1.851785216
36,1.7424356937408447,1.4295432209968566,0.42812254516889237,0.8912018853102907,0.0007,91.7911639213562,0.123403264,1.851785216
37,1.3480629920959473,1.1487034678459167,0.525923016496465,0.9579732914375491,0.0007,92.31200623512268,0.123403264,1.851785216
38,1.120246410369873,1.058099275827408,0.5714846818538885,0.9760408483896308,0.0007,91.74569630622864,0.123403264,1.851785216
39,1.0728193521499634,1.1593985855579376,0.51885310290652,0.9391201885310291,0.0007,91.89366483688354,0.123403264,1.851785216
40,1.3185789585113525,1.1896791994571685,0.5435978004713276,0.9391201885310291,0.0007,91.2506730556488,0.123403264,1.851785216
41,0.9260397553443909,1.0868469148874282,0.5483110761979576,0.9654359780047133,0.0007,90.70233631134033,0.123403264,1.851785216
42,0.9703173041343689,1.070599290728569,0.5573448546739984,0.96700706991359,0.0007,92.28813362121582,0.123403264,1.851785216
43,1.007952332496643,1.0036572843790055,0.5864100549882169,0.9642576590730558,0.0007,92.24313354492188,0.123403264,1.851785216
44,1.0200812816619873,0.9927613973617554,0.5970149253731343,0.9685781618224666,0.0007,92.4669840335846,0.123403264,1.851785216
45,1.1144793033599854,1.1561177313327788,0.5530243519245875,0.9363707776904949,0.0007,92.45297503471375,0.123403264,1.851785216
46,1.0721651315689087,0.9673882901668549,0.6072270227808326,0.9685781618224666,0.0007,90.38117527961731,0.123403264,1.851785216
47,0.8847965598106384,0.9432554543018341,0.6284367635506677,0.9736842105263158,0.0007,92.2566704750061,0.123403264,1.851785216
48,0.9057051539421082,0.9077994763851166,0.631578947368421,0.9748625294579732,0.0007,91.91131830215454,0.123403264,1.851785216
49,0.8989089131355286,0.895449909567833,0.6335428122545169,0.97643362136685,0.0007,92.11188983917236,0.123403264,1.851785216
50,1.0088589191436768,0.9302464693784713,0.6264728986645719,0.9732914375490966,0.0007,92.06560254096985,0.123403264,1.851785216
51,0.8523825407028198,0.8605604887008667,0.654752553024352,0.9780047132757266,0.0007,92.06714129447937,0.123403264,1.851785216
52,1.9341481924057007,1.860819673538208,0.3566378633150039,0.8177533385703064,0.0007,92.36712765693665,0.123403264,1.851785216
53,1.2050365209579468,1.1105546951293945,0.5545954438334643,0.9265514532600158,0.0007,92.04566311836243,0.123403264,1.851785216
54,0.8799054622650146,0.8479349285364151,0.6696779261586803,0.97643362136685,0.0007,92.72915315628052,0.123403264,1.851785216
55,0.9210975766181946,0.8659636467695236,0.657109190887667,0.974076983503535,0.0007,91.79564261436462,0.123403264,1.851785216
56,1.0276247262954712,0.982340520620346,0.5840534171249018,0.959937156323645,0.0007,91.99283480644226,0.123403264,1.851785216
57,0.8046903610229492,0.7796653807163239,0.6869599371563236,0.9842890809112333,0.0007,90.76700353622437,0.123403264,1.851785216
58,0.8987599015235901,1.0433704048395156,0.5703063629222309,0.9552238805970149,0.0007,92.1657886505127,0.123403264,1.851785216
59,0.9254319071769714,0.7757266014814377,0.6889238020424194,0.98114689709348,0.0007,91.53137636184692,0.123403264,1.851785216
60,0.880681037902832,0.812668788433075,0.6637863315003928,0.9780047132757266,0.0007,90.91615438461304,0.123403264,1.851785216
61,0.7306704521179199,0.8275902450084687,0.6798900235663786,0.9685781618224666,0.0007,91.61375021934509,0.123403264,1.851785216
62,0.7789199948310852,0.7621636897325516,0.6885310290652004,0.9831107619795758,0.0007,91.07025241851807,0.123403264,1.851785216
63,0.7886332869529724,0.9511155515909195,0.6158680282796544,0.9587588373919874,0.0007,92.32195448875427,0.123403264,1.851785216
64,0.9032782316207886,0.8217791378498077,0.6716417910447762,0.9646504320502749,0.0007,91.77716207504272,0.123403264,1.851785216
65,0.8690164685249329,0.8203938335180283,0.6567164179104478,0.9681853888452474,0.0007,92.18564581871033,0.123403264,1.851785216
66,0.7446117401123047,0.704064404964447,0.7085624509033779,0.9807541241162608,0.0007,92.43459033966064,0.123403264,1.851785216
67,0.6419247984886169,0.7037584185600281,0.7097407698350353,0.9819324430479183,0.0007,91.71810674667358,0.123403264,1.851785216
68,0.7470117211341858,0.6960130989551544,0.7164179104477612,0.9838963079340142,0.0007,92.32608580589294,0.123403264,1.851785216
69,1.259440541267395,1.215612530708313,0.5675569520816968,0.9002356637863315,0.0007,90.97381544113159,0.123403264,1.851785216
70,0.7804355621337891,0.7633048832416535,0.6944226237234878,0.9736842105263158,0.0007,92.23364043235779,0.123403264,1.851785216
71,0.751421332359314,0.707229596376419,0.6975648075412412,0.98114689709348,0.0007,91.94949078559875,0.123403264,1.851785216
72,1.1394636631011963,1.0625098198652267,0.5813040062843676,0.9135899450117831,0.0007,91.54321527481079,0.123403264,1.851785216
73,0.8509132266044617,0.8888287454843521,0.638648860958366,0.9532600157109191,0.0007,91.30028414726257,0.123403264,1.851785216
74,0.7893275618553162,0.7567384392023087,0.6861743912018853,0.9642576590730558,0.0007,90.72543215751648,0.123403264,1.851785216
75,0.633550226688385,0.6814337819814682,0.7242733699921445,0.9803613511390417,0.0007,92.26402592658997,0.123403264,1.851785216
76,1.4805554151535034,1.1837979942560195,0.5526315789473685,0.8959151610369207,0.0007,92.4282808303833,0.123403264,1.851785216
77,0.7647872567176819,1.0459913849830627,0.598586017282011,0.9131971720345641,0.0007,91.69978666305542,0.123403264,1.851785216
78,0.7630272507667542,0.6496400684118271,0.7344854673998429,0.9780047132757266,0.0007,92.06012988090515,0.123403264,1.851785216
79,0.7038698792457581,0.6210049122571946,0.7494108405341713,0.9823252160251374,0.0007,92.52909731864929,0.123403264,1.851785216
80,0.6767891049385071,0.6796132564544678,0.7266300078554595,0.9783974862529458,0.0007,91.39943289756775,0.123403264,1.851785216
81,0.5749872922897339,0.6498969048261642,0.7411626080125687,0.9791830322073841,0.0007,90.89130759239197,0.123403264,1.851785216
82,0.5996834635734558,0.6128228008747101,0.7454831107619796,0.983503534956795,0.0007,90.5543565750122,0.123403264,1.851785216
83,0.7583901286125183,0.7007832467556,0.7128829536527886,0.9689709347996858,0.0007,91.73975682258606,0.123403264,1.851785216
84,0.6948815584182739,0.6179902583360672,0.7482325216025137,0.983503534956795,0.0007,91.98512840270996,0.123403264,1.851785216
85,0.5640041828155518,0.679897603392601,0.730164964650432,0.9728986645718775,0.0007,92.05965065956116,0.123403264,1.851785216
86,1.8525017499923706,1.466344064474106,0.4866457187745483,0.8605655930871956,0.0007,92.25631523132324,0.123403264,1.851785216
87,0.7715118527412415,0.7266182571649551,0.7062058130400628,0.9638648860958366,0.0007,92.09985685348511,0.123403264,1.851785216
88,0.6686411499977112,0.6594440281391144,0.7285938727415554,0.9752553024351924,0.0007,90.67420244216919,0.123403264,1.851785216
89,0.6684195399284363,0.5980118677020073,0.753338570306363,0.9819324430479183,0.0007,91.46231937408447,0.123403264,1.851785216
90,0.5419678688049316,0.5860665619373322,0.7623723487824038,0.98114689709348,0.0007,92.60938596725464,0.123403264,1.851785216
91,0.4805746376514435,0.5698049247264863,0.7604084838963079,0.9838963079340142,0.0007,91.89941883087158,0.123403264,1.851785216
92,0.6286047697067261,0.5863836467266083,0.7517674783974863,0.9831107619795758,0.0007,92.74973440170288,0.123403264,1.851785216
93,0.5423983931541443,0.5722229808568955,0.7643362136684996,0.9838963079340142,0.0007,92.76003241539001,0.123403264,1.851785216
94,0.6150186657905579,0.718743947148323,0.7321288295365279,0.9516889238020424,0.0007,90.86015152931213,0.123403264,1.851785216
95,0.7652996778488159,0.864209046959877,0.683032207384132,0.934406912804399,0.0007,92.29096555709839,0.123403264,1.851785216
96,0.5814885497093201,0.6006002485752105,0.7498036135113905,0.9791830322073841,0.0007,92.02216625213623,0.123403264,1.851785216
97,0.5755819082260132,0.5300451338291168,0.7847604084838963,0.9846818538884525,0.0007,92.36390328407288,0.123403264,1.851785216
98,0.5747089982032776,0.5559606730937958,0.7741555380989787,0.9838963079340142,0.0007,93.04911994934082,0.123403264,1.851785216
99,0.7344936728477478,0.8563649475574493,0.6606441476826395,0.9379418695993715,0.0007,92.61415243148804,0.123403264,1.851785216
100,0.48434576392173767,0.5565212562680244,0.7824037706205813,0.9819324430479183,0.0007,92.28352904319763,0.123403264,1.851785216
101,0.5763769149780273,0.5221142202615738,0.793401413982718,0.98586017282011,0.0007,91.1633825302124,0.123403264,1.851785216
102,0.5572834610939026,0.5536241486668587,0.7733699921445405,0.9791830322073841,0.0007,92.95817589759827,0.123403264,1.851785216
103,0.4647454023361206,0.5597980797290802,0.7784760408483896,0.9795758051846033,0.0007,92.85140228271484,0.123403264,1.851785216
104,0.38214898109436035,0.5249665811657905,0.7820109976433621,0.9866457187745483,0.0007,92.5894033908844,0.123403264,1.851785216
105,0.41200464963912964,0.5002685129642487,0.7945797329143754,0.9862529457973291,0.0007,92.65555262565613,0.123403264,1.851785216
106,0.45445576310157776,0.511320897936821,0.786331500392773,0.98114689709348,0.0007,90.72259879112244,0.123403264,1.851785216
107,0.4845501780509949,0.5296956494450569,0.7851531814611155,0.9803613511390417,0.0007,92.30204319953918,0.123403264,1.851785216
108,0.5793421864509583,0.6399168074131012,0.7478397486252946,0.9591516103692066,0.0007,92.04803776741028,0.123403264,1.851785216
109,1.3403289318084717,1.403933346271515,0.5718774548311076,0.861351139041634,0.0007,91.79868268966675,0.123403264,1.851785216
110,0.6186053156852722,0.5409207344055176,0.7714061272584446,0.9776119402985075,0.0007,92.05447697639465,0.123403264,1.851785216
111,0.5523439049720764,0.47775550186634064,0.7973291437549097,0.9862529457973291,0.0007,91.91463994979858,0.123403264,1.851785216
112,0.48235487937927246,0.4731446489691734,0.8032207384131972,0.9878240377062059,0.0007,91.06613326072693,0.123403264,1.851785216
113,0.6354020237922668,0.7258049517869949,0.720738413197172,0.9552238805970149,0.0007,91.60157799720764,0.123403264,1.851785216
114,0.4093724489212036,0.4842339813709259,0.8043990573448547,0.9878240377062059,0.0007,91.6461091041565,0.123403264,1.851785216
115,0.5028190612792969,0.4686190992593765,0.8059701492537313,0.98586017282011,0.0007,91.6689224243164,0.123403264,1.851785216
116,0.680133581161499,0.7340345263481141,0.716025137470542,0.9406912804399057,0.0007,92.58356523513794,0.123403264,1.851785216
117,0.4297259449958801,0.5137023478746414,0.783974862529458,0.9831107619795758,0.0007,92.8284318447113,0.123403264,1.851785216
118,0.41553258895874023,0.479835045337677,0.8036135113904164,0.9846818538884525,0.0007,91.08874320983887,0.123403264,1.851785216
119,0.5590668320655823,0.4959511533379555,0.8000785545954439,0.9831107619795758,0.0007,91.85955500602722,0.123403264,1.851785216
120,0.3855915665626526,0.47724294662475586,0.8055773762765122,0.983503534956795,0.0007,92.3303554058075,0.123403264,1.851785216
121,0.4310517907142639,0.5008717373013496,0.7894736842105263,0.9846818538884525,0.0007,92.1728937625885,0.123403264,1.851785216
122,0.381100058555603,0.4509932428598404,0.8126472898664572,0.9882168106834249,0.0007,91.90297889709473,0.123403264,1.851785216
123,0.37557241320610046,0.4498093619942665,0.8150039277297721,0.9854673998428908,0.0007,91.58195877075195,0.123403264,1.851785216
124,2.301363468170166,1.1015298992395401,0.6362922230950511,0.884917517674784,0.0007,91.42402815818787,0.123403264,1.851785216
125,0.3975529074668884,0.4861674889922142,0.8012568735271013,0.9862529457973291,0.0007,91.3995053768158,0.123403264,1.851785216
126,0.34495070576667786,0.44068633019924164,0.8224666142969363,0.9870384917517675,0.0007,91.2000412940979,0.123403264,1.851785216
127,0.3649711608886719,0.42429799884557723,0.8212882953652789,0.9866457187745483,0.0007,92.82987236976624,0.123403264,1.851785216
128,0.4819799065589905,0.43442474752664567,0.8165750196386489,0.9819324430479183,0.0007,92.70063471794128,0.123403264,1.851785216
129,0.44555971026420593,0.40622214525938033,0.8389630793401414,0.9870384917517675,0.0007,93.60817337036133,0.123403264,1.851785216
130,0.35845109820365906,0.46246508359909055,0.8224666142969363,0.9807541241162608,0.0007,91.11521625518799,0.123403264,1.851785216
131,0.4352613687515259,0.5527664497494698,0.769835035349568,0.9709347996857817,0.0007,92.26804304122925,0.123403264,1.851785216
132,1.030715823173523,0.9236998409032822,0.6465043205027494,0.9391201885310291,0.0007,92.37291383743286,0.123403264,1.851785216
133,0.8815483450889587,1.2357496201992035,0.6205813040062844,0.882560879811469,0.0007,92.00894784927368,0.123403264,1.851785216
134,0.4678992033004761,0.48613601475954055,0.8059701492537313,0.9850746268656716,0.0007,92.24895930290222,0.123403264,1.851785216
135,0.34669017791748047,0.43128612190485,0.8295365278868814,0.9846818538884525,0.0007,91.80620813369751,0.123403264,1.851785216
136,0.4549810588359833,0.45290797501802443,0.8244304791830322,0.9799685781618225,0.0007,90.81041526794434,0.123403264,1.851785216
137,0.47497591376304626,0.3902364313602448,0.8381775333857031,0.9882168106834249,0.0007,91.91004395484924,0.123403264,1.851785216
138,0.39328163862228394,0.534501887857914,0.7851531814611155,0.9744697564807542,0.0007,92.58452939987183,0.123403264,1.851785216
139,0.6777045130729675,0.6095750316977501,0.7733699921445405,0.9666142969363708,0.0007,92.32790923118591,0.123403264,1.851785216
140,0.2790728807449341,0.423892904818058,0.8260015710919089,0.9854673998428908,0.0007,92.03955221176147,0.123403264,1.851785216
141,0.34803855419158936,0.4091773107647896,0.8326787117046347,0.9882168106834249,0.0007,92.36870670318604,0.123403264,1.851785216
142,0.3973150849342346,0.42977245301008227,0.8295365278868814,0.983503534956795,0.0007,90.27539539337158,0.123403264,1.851785216
143,0.789472222328186,0.7258661806583404,0.7325216025137471,0.9454045561665357,0.0007,92.05080485343933,0.123403264,1.851785216
144,0.4021756052970886,0.4246510207653046,0.8311076197957581,0.9842890809112333,0.0007,92.3348457813263,0.123403264,1.851785216
145,0.4268046021461487,0.41509518027305603,0.8299293008641005,0.9886095836606441,0.0007,92.10351419448853,0.123403264,1.851785216
146,0.3754652440547943,0.4020466774702072,0.8381775333857031,0.9886095836606441,0.0007,92.18506264686584,0.123403264,1.851785216
147,0.35263195633888245,0.3874452978372574,0.8444619010212098,0.9893951296150825,0.0007,92.0113000869751,0.123403264,1.851785216
148,0.5635120868682861,0.4587116718292236,0.8197172034564022,0.9803613511390417,0.0007,91.85396337509155,0.123403264,1.851785216
149,0.38543465733528137,0.40587795823812484,0.8381775333857031,0.9882168106834249,0.0007,91.21729040145874,0.123403264,1.851785216
150,0.43671971559524536,0.4439139574766159,0.8220738413197172,0.9838963079340142,0.0007,91.92677974700928,0.123403264,1.851785216
151,0.6553089022636414,0.6035402536392211,0.7745483110761979,0.9552238805970149,0.0007,90.92397499084473,0.123403264,1.851785216
152,0.4810298979282379,0.5724694460630417,0.7702278083267872,0.9709347996857817,0.0007,91.20852971076965,0.123403264,1.851785216
153,0.3006250262260437,0.3920430228114128,0.8405341712490181,0.9897879025923016,0.0007,92.43024230003357,0.123403264,1.851785216
154,0.5933088064193726,0.5607906848192215,0.7835820895522388,0.9626865671641791,0.0007,91.06985783576965,0.123403264,1.851785216
155,0.3755926191806793,0.38177782893180845,0.8460329929300864,0.9874312647289867,0.0007,92.15109324455261,0.123403264,1.851785216
156,0.3577346205711365,0.37552122175693514,0.8503534956794973,0.9866457187745483,0.0007,92.31016778945923,0.123403264,1.851785216
157,0.2983918786048889,0.3663223385810852,0.8554595443833464,0.9874312647289867,0.0007,92.08994197845459,0.123403264,1.851785216
158,0.402110755443573,0.384993577003479,0.844854673998429,0.9862529457973291,0.0007,91.70690393447876,0.123403264,1.851785216
159,0.2659308910369873,0.35318776220083237,0.8578161822466615,0.99057344854674,0.0007,90.88425707817078,0.123403264,1.851785216
160,0.2767491042613983,0.3755704715847969,0.8483896307934015,0.9890023566378633,0.0007,91.56234979629517,0.123403264,1.851785216
161,0.4508861005306244,0.5137638375163078,0.7996857816182247,0.969363707776905,0.0007,92.37385869026184,0.123403264,1.851785216
162,0.3301360607147217,0.38572535663843155,0.8476040848389631,0.9862529457973291,0.0007,92.2295503616333,0.123403264,1.851785216
163,0.2965203523635864,0.3927026465535164,0.8476040848389631,0.9854673998428908,0.0007,92.08228063583374,0.123403264,1.851785216
164,0.22653228044509888,0.3659271039068699,0.852317360565593,0.9893951296150825,0.0007,92.32100129127502,0.123403264,1.851785216
165,0.1907191276550293,0.3604012683033943,0.8589945011783189,0.9882168106834249,0.0007,91.86775255203247,0.123403264,1.851785216
166,0.33156532049179077,0.3682708635926247,0.8507462686567164,0.9886095836606441,0.0007,91.12871503829956,0.123403264,1.851785216
167,0.28517773747444153,0.3743748262524605,0.8483896307934015,0.9901806755695208,0.0007,92.66380405426025,0.123403264,1.851785216
168,0.21287046372890472,0.35878229066729544,0.8625294579732914,0.9890023566378633,0.0007,91.16789102554321,0.123403264,1.851785216
169,0.395977646112442,0.3735664948821068,0.8515318146111548,0.9878240377062059,0.0007,90.56983304023743,0.123403264,1.851785216
170,0.4191424548625946,0.6266355529427529,0.7831893165750197,0.9446190102120974,0.0007,92.21702980995178,0.123403264,1.851785216
171,0.5888165235519409,0.7247949063777923,0.7509819324430479,0.9281225451688924,0.0007,92.40589642524719,0.123403264,1.851785216
172,0.49491816759109497,0.4412433862686157,0.8315003927729773,0.9787902592301649,0.0007,92.08054995536804,0.123403264,1.851785216
173,0.3134746551513672,0.3814943641424179,0.8538884524744698,0.9831107619795758,0.0007,92.5432653427124,0.123403264,1.851785216
174,0.3121756613254547,0.39481271654367445,0.8531029065200314,0.9823252160251374,0.0007,91.62457013130188,0.123403264,1.851785216
175,0.2856142520904541,0.36686377227306366,0.8562450903377847,0.9890023566378633,0.0007,90.97881031036377,0.123403264,1.851785216
176,0.31641778349876404,0.36396089792251585,0.8617439120188531,0.9850746268656716,0.0007,91.83044362068176,0.123403264,1.851785216
177,0.3196564018726349,0.40460858345031736,0.8460329929300864,0.9823252160251374,0.0007,91.64981245994568,0.123403264,1.851785216
178,0.5146428942680359,0.47409773916006087,0.8130400628436764,0.9791830322073841,0.0007,92.32791543006897,0.123403264,1.851785216
179,0.30916494131088257,0.34995888993144036,0.8637077769049489,0.9838963079340142,0.0007,90.70298767089844,0.123403264,1.851785216
180,0.29111266136169434,0.32909747809171674,0.875490966221524,0.99057344854674,0.0007,92.51398086547852,0.123403264,1.851785216
181,0.6160149574279785,0.836127981543541,0.7148468185388845,0.9277297721916732,0.0007,91.86180472373962,0.123403264,1.851785216
182,0.2695399522781372,0.36783486157655715,0.852317360565593,0.9854673998428908,0.0007,91.91796088218689,0.123403264,1.851785216
183,0.29104068875312805,0.323892592638731,0.8711704634721131,0.9870384917517675,0.0007,91.82449769973755,0.123403264,1.851785216
184,0.34728720784187317,0.3661114379763603,0.8558523173605656,0.9850746268656716,0.0007,91.24448943138123,0.123403264,1.851785216
185,0.4104117453098297,0.33552918657660485,0.8699921445404556,0.9886095836606441,0.0007,90.6880955696106,0.123403264,1.851785216
186,0.3194684684276581,0.3615016758441925,0.8554595443833464,0.9846818538884525,0.0007,92.04479885101318,0.123403264,1.851785216
187,0.2895578145980835,0.424210949242115,0.8350353495679497,0.9819324430479183,0.0007,91.67005491256714,0.123403264,1.851785216
188,0.2341994196176529,0.3136080764234066,0.8731343283582089,0.9893951296150825,0.0007,92.47848534584045,0.123403264,1.851785216
189,0.29420381784439087,0.3574376866221428,0.8570306362922231,0.9870384917517675,0.0007,92.30760407447815,0.123403264,1.851785216
190,0.29565322399139404,0.34633798003196714,0.8672427336999214,0.9854673998428908,0.0007,92.37876200675964,0.123403264,1.851785216
191,0.31979668140411377,0.3686962977051735,0.8621366849960723,0.9886095836606441,0.0007,90.99323630332947,0.123403264,1.851785216
192,0.28021788597106934,0.35276702865958215,0.8629222309505106,0.9870384917517675,0.0007,92.57464861869812,0.123403264,1.851785216
193,0.4577276110649109,0.6056264370679856,0.7875098193244304,0.9560094265514533,0.0007,92.18734836578369,0.123403264,1.851785216
194,0.34772205352783203,0.4144910126924515,0.8476040848389631,0.9728986645718775,0.0007,91.73969388008118,0.123403264,1.851785216
195,1.0966721773147583,0.8376898407936096,0.7046347211311862,0.9296936370777691,0.0007,91.62645101547241,0.123403264,1.851785216
196,0.3441014885902405,0.38078773468732835,0.8507462686567164,0.9815396700706991,0.0007,91.9538905620575,0.123403264,1.851785216
197,0.3006523549556732,0.3727704301476479,0.8601728201099764,0.9815396700706991,0.0007,92.30210494995117,0.123403264,1.851785216
198,0.2579789161682129,0.33121149316430093,0.877847604084839,0.9870384917517675,0.0007,91.61267566680908,0.123403264,1.851785216
199,0.3216169774532318,0.35868116170167924,0.8656716417910447,0.9866457187745483,0.0007,91.22023224830627,0.123403264,1.851785216
200,0.22536613047122955,0.36273426935076714,0.8629222309505106,0.9862529457973291,0.0007,90.74578857421875,0.123403264,1.851785216
201,0.2634243369102478,0.33218941912055017,0.870777690494894,0.9850746268656716,0.0007,92.33409976959229,0.123403264,1.851785216
202,1.1461541652679443,0.7803701788187027,0.7474469756480754,0.9238020424194815,0.0007,92.03755474090576,0.123403264,1.851785216
203,0.4978090524673462,0.3864790305495262,0.8593872741555381,0.9783974862529458,0.0007,90.99565720558167,0.123403264,1.851785216
204,0.2943139672279358,0.38606396317481995,0.8546739984289081,0.9842890809112333,0.0007,92.4673821926117,0.123403264,1.851785216
205,0.24102462828159332,0.34665629714727403,0.868421052631579,0.9854673998428908,0.0007,91.56770873069763,0.123403264,1.851785216
206,0.22540317475795746,0.3384197987616062,0.8735271013354281,0.9882168106834249,0.0007,92.29376530647278,0.123403264,1.851785216
207,0.1886032670736313,0.3288739837706089,0.8786331500392773,0.9890023566378633,0.0007,92.09651970863342,0.123403264,1.851785216
208,1.1128997802734375,1.0576635688543319,0.6708562450903378,0.9289080911233307,0.0007,92.15881681442261,0.123403264,1.851785216
209,0.48502135276794434,0.485819049179554,0.8256087981146897,0.9705420267085625,0.0007,91.54380130767822,0.123403264,1.851785216
210,0.3002485930919647,0.35573895201086997,0.8668499607227023,0.9803613511390417,0.0007,91.42072176933289,0.123403264,1.851785216
211,0.23885966837406158,0.35765119567513465,0.8668499607227023,0.9823252160251374,0.0007,90.58197164535522,0.123403264,1.851785216
212,0.24571079015731812,0.34701416492462156,0.8703849175176748,0.9827179890023566,0.0007,92.16214275360107,0.123403264,1.851785216
213,0.2841746211051941,0.43534644693136215,0.8334642576590731,0.9791830322073841,0.0007,92.34838557243347,0.123403264,1.851785216
214,0.27268871665000916,0.4194797247648239,0.8503534956794973,0.9787902592301649,0.0007,92.98538517951965,0.123403264,1.851785216
215,0.31704452633857727,0.4017744928598404,0.852317360565593,0.9854673998428908,0.0007,90.99634861946106,0.123403264,1.851785216
216,0.32056060433387756,0.34321526661515234,0.875490966221524,0.9846818538884525,0.0007,92.283527135849,0.123403264,1.851785216
217,0.3205660879611969,0.36512140557169914,0.8695993715632364,0.9819324430479183,0.0007,91.85271787643433,0.123403264,1.851785216
218,0.21421271562576294,0.344110719114542,0.8735271013354281,0.9854673998428908,0.0007,92.00474739074707,0.123403264,1.851785216
219,0.2616831660270691,0.3295422703027725,0.8758837391987431,0.9850746268656716,0.0007,92.3648612499237,0.123403264,1.851785216
220,1.588193416595459,1.598030871152878,0.5761979575805185,0.8118617439120188,0.0007,92.34108543395996,0.123403264,1.851785216
221,0.2726273536682129,0.41893050968647005,0.8468185388845247,0.9725058915946583,0.0007,91.93067717552185,0.123403264,1.851785216
222,0.3075734078884125,0.3471543125808239,0.8723487824037707,0.9807541241162608,0.0007,92.14356517791748,0.123403264,1.851785216
223,0.2357231080532074,0.34790702238678933,0.8648860958366065,0.9780047132757266,0.0007,92.45664167404175,0.123403264,1.851785216
224,0.22649970650672913,0.32011625841259955,0.8841319717203456,0.9882168106834249,0.0007,92.49652910232544,0.123403264,1.851785216
225,0.31328636407852173,0.3477490596473217,0.8790259230164965,0.9838963079340142,0.0007,92.90439081192017,0.123403264,1.851785216
226,0.30460935831069946,0.36626810804009435,0.8621366849960723,0.9870384917517675,0.0007,91.11669278144836,0.123403264,1.851785216
227,0.3570004403591156,0.38655897974967957,0.8609583660644148,0.9752553024351924,0.0007,91.71799492835999,0.123403264,1.851785216
228,0.6030575037002563,0.6427913948893547,0.7910447761194029,0.9587588373919874,0.0007,92.01495409011841,0.123403264,1.851785216
229,0.2160550057888031,0.32032167091965674,0.8829536527886881,0.9882168106834249,0.0007,91.77752542495728,0.123403264,1.851785216
230,0.32251372933387756,0.33171869814395905,0.8782403770620582,0.9886095836606441,0.0007,91.065105676651,0.123403264,1.851785216
231,0.25053468346595764,0.40492370426654817,0.8511390416339356,0.9803613511390417,0.0007,92.52989864349365,0.123403264,1.851785216
232,0.31469830870628357,0.331473458558321,0.868421052631579,0.9870384917517675,0.0007,93.38568711280823,0.123403264,1.851785216
233,0.17840732634067535,0.3057028852403164,0.8880597014925373,0.98586017282011,0.0007,92.6542615890503,0.123403264,1.851785216
234,0.38564881682395935,0.36956468373537066,0.8617439120188531,0.9791830322073841,0.0007,93.37004137039185,0.123403264,1.851785216
235,0.32229602336883545,0.32127352580428126,0.8813825608798115,0.9850746268656716,0.0007,92.80928015708923,0.123403264,1.851785216
236,0.24973668158054352,0.315750814974308,0.8833464257659073,0.99057344854674,0.0007,92.56699061393738,0.123403264,1.851785216
237,0.21847988665103912,0.31978668719530107,0.8821681068342498,0.9901806755695208,0.0007,92.2971465587616,0.123403264,1.851785216
238,0.379393994808197,0.35455382168293,0.8715632364493323,0.9791830322073841,0.0007,90.63647270202637,0.123403264,1.851785216
239,0.18605074286460876,0.32399826049804686,0.8809897879025923,0.983503534956795,0.0007,92.04076051712036,0.123403264,1.851785216
240,0.17383122444152832,0.3553811736404896,0.870777690494894,0.9831107619795758,0.0007,91.48807859420776,0.123403264,1.851785216
241,0.17421457171440125,0.31875402852892876,0.8845247446975648,0.9870384917517675,0.0007,91.09920525550842,0.123403264,1.851785216
242,0.1753568798303604,0.3703601747751236,0.875490966221524,0.9842890809112333,0.0007,91.27743625640869,0.123403264,1.851785216
243,0.2988501191139221,0.37096079885959626,0.8644933228593873,0.9850746268656716,0.0007,91.90530133247375,0.123403264,1.851785216
244,0.16305430233478546,0.3511400640010834,0.8805970149253731,0.9827179890023566,0.0007,91.54076433181763,0.123403264,1.851785216
245,0.4657449722290039,0.8739180624485016,0.7423409269442263,0.9218381775333857,0.0007,91.74807929992676,0.123403264,1.851785216
246,0.28647273778915405,0.30673696622252467,0.8915946582875098,0.9831107619795758,0.0007,92.50713610649109,0.123403264,1.851785216
247,0.20206402242183685,0.2856345191597939,0.8974862529457973,0.9890023566378633,0.0007,92.84144139289856,0.123403264,1.851785216
248,0.1594608873128891,0.28981553539633753,0.8955223880597015,0.9882168106834249,0.0007,92.59108448028564,0.123403264,1.851785216
249,0.1819756180047989,0.31157884150743487,0.8915946582875098,0.9874312647289867,0.0007,92.8959481716156,0.123403264,1.851785216
250,0.2158963978290558,0.33842596635222433,0.8868813825608798,0.9854673998428908,0.0007,91.06044816970825,0.123403264,1.851785216
251,0.45207279920578003,0.8546037346124649,0.7820109976433621,0.9092694422623724,0.0007,92.11582708358765,0.123403264,1.851785216
252,0.20159707963466644,0.3663407824933529,0.8668499607227023,0.983503534956795,0.0007,92.1361334323883,0.123403264,1.851785216
253,0.15393371880054474,0.3172474056482315,0.8931657501963864,0.9890023566378633,0.0007,91.729327917099,0.123403264,1.851785216
254,0.17608436942100525,0.3802777260541916,0.8739198743126473,0.9827179890023566,0.0007,91.73219561576843,0.123403264,1.851785216
255,0.17284806072711945,0.30103138387203215,0.8982717989002357,0.9893951296150825,0.0007,91.23702120780945,0.123403264,1.851785216
256,0.18194609880447388,0.29589795470237734,0.8970934799685781,0.9882168106834249,0.0007,90.48341631889343,0.123403264,1.851785216
257,0.19495701789855957,0.3574514836072922,0.8664571877454831,0.9823252160251374,0.0007,92.2455780506134,0.123403264,1.851785216
258,0.1932082176208496,0.41406733095645903,0.8479968578161823,0.9717203456402199,0.0007,92.03872179985046,0.123403264,1.851785216
259,0.21418407559394836,0.31544017419219017,0.884917517674784,0.9862529457973291,0.0007,92.56794571876526,0.123403264,1.851785216
260,0.2443324625492096,0.3298619419336319,0.8841319717203456,0.9850746268656716,0.0007,92.51845455169678,0.123403264,1.851785216
261,0.15496382117271423,0.29129484444856646,0.8959151610369207,0.9909662215239592,0.0007,92.74141764640808,0.123403264,1.851785216
262,0.2553172707557678,0.30813569501042365,0.8908091123330715,0.9874312647289867,0.0007,90.55596899986267,0.123403264,1.851785216
263,0.1623789668083191,0.2788924612104893,0.899057344854674,0.99057344854674,0.0007,92.59897112846375,0.123403264,1.851785216
264,0.2187873274087906,0.3365624561905861,0.8931657501963864,0.9831107619795758,0.0007,91.93302583694458,0.123403264,1.851785216
265,0.19548140466213226,0.49813485741615293,0.8283582089552238,0.9752553024351924,0.0007,91.98236608505249,0.123403264,1.851785216
266,0.22984594106674194,0.42040419280529023,0.8534956794972506,0.9776119402985075,0.0007,92.25411987304688,0.123403264,1.851785216
267,0.3043287694454193,0.3611931219696999,0.8762765121759623,0.9791830322073841,0.0007,92.5837881565094,0.123403264,1.851785216
268,0.21010568737983704,0.308585648983717,0.8923802042419482,0.9854673998428908,0.0007,92.01632165908813,0.123403264,1.851785216
269,0.3868737816810608,0.5552641212940216,0.8142183817753339,0.9619010212097407,0.0007,92.32765769958496,0.123403264,1.851785216
270,0.1885555237531662,0.29731585159897805,0.8963079340141398,0.98586017282011,0.0007,92.06842637062073,0.123403264,1.851785216
271,0.34793877601623535,0.38678157404065133,0.8641005498821681,0.9827179890023566,0.0007,92.58772134780884,0.123403264,1.851785216
272,0.12180766463279724,0.32465151846408846,0.8904163393558523,0.9893951296150825,0.0007,92.50539231300354,0.123403264,1.851785216
273,0.10925523936748505,0.26680490002036095,0.903770620581304,0.9909662215239592,0.0007,91.2706241607666,0.123403264,1.851785216
274,0.16357190907001495,0.2988388046622276,0.9018067556952082,0.9878240377062059,0.0007,92.5454375743866,0.123403264,1.851785216
275,0.1315985918045044,0.3156536348164082,0.8978790259230165,0.9850746268656716,0.0007,91.90467691421509,0.123403264,1.851785216
276,0.1869751513004303,0.30100594982504847,0.8982717989002357,0.9878240377062059,0.0007,91.77042961120605,0.123403264,1.851785216
277,0.1756284087896347,0.2917368158698082,0.9002356637863315,0.9874312647289867,0.0007,91.38350129127502,0.123403264,1.851785216
278,0.18262238800525665,0.3066441804170609,0.8970934799685781,0.9909662215239592,0.0007,91.6236481666565,0.123403264,1.851785216
279,1.2612268924713135,2.2038556158542635,0.49057344854674,0.753731343283582,0.0007,91.51518630981445,0.123403264,1.851785216
280,0.37443476915359497,0.4869705393910408,0.8334642576590731,0.9662215239591516,0.0007,91.57218289375305,0.123403264,1.851785216
281,0.25268587470054626,0.34050355702638624,0.8821681068342498,0.9795758051846033,0.0007,91.02101492881775,0.123403264,1.851785216
282,0.3329378366470337,0.3451840318739414,0.8782403770620582,0.9823252160251374,0.0007,92.24793362617493,0.123403264,1.851785216
283,0.29130080342292786,0.34640744179487226,0.8770620581304006,0.9815396700706991,0.0007,92.16338992118835,0.123403264,1.851785216
284,0.17410562932491302,0.3126921847462654,0.8900235663786331,0.9850746268656716,0.0007,91.98727297782898,0.123403264,1.851785216
285,0.20785963535308838,0.2978826232254505,0.9006284367635506,0.9882168106834249,0.0007,90.77390623092651,0.123403264,1.851785216
286,0.12707768380641937,0.28983849212527274,0.9021995286724274,0.9854673998428908,0.0007,91.96183252334595,0.123403264,1.851785216
287,0.17686665058135986,0.30920935943722727,0.903770620581304,0.9862529457973291,0.0007,92.42685627937317,0.123403264,1.851785216
288,0.09179714322090149,0.30846064537763596,0.9002356637863315,0.9850746268656716,0.0007,92.46343994140625,0.123403264,1.851785216
289,0.1261848509311676,0.3582321770489216,0.8723487824037707,0.98114689709348,0.0007,92.22841095924377,0.123403264,1.851785216
290,0.16177965700626373,0.2814410999417305,0.9025923016496465,0.9854673998428908,0.0007,92.21546149253845,0.123403264,1.851785216
291,0.43214672803878784,0.5101158499717713,0.8326787117046347,0.9662215239591516,0.0007,92.18265867233276,0.123403264,1.851785216
292,0.5272213220596313,0.6548404395580292,0.7843676355066771,0.9575805184603299,0.0007,92.6939103603363,0.123403264,1.851785216
293,0.212805837392807,0.36862893477082254,0.8680282796543598,0.9827179890023566,0.0007,92.67252516746521,0.123403264,1.851785216
294,0.15660084784030914,0.3086294442415237,0.8978790259230165,0.9862529457973291,0.0007,93.09744238853455,0.123403264,1.851785216
295,0.18701420724391937,0.28954945877194405,0.9006284367635506,0.9893951296150825,0.0007,92.91609501838684,0.123403264,1.851785216
296,0.12240048497915268,0.2992937833070755,0.8955223880597015,0.9909662215239592,0.0007,91.40649795532227,0.123403264,1.851785216
297,0.12613432109355927,0.30832834765315054,0.8951296150824823,0.9882168106834249,0.0007,91.87151622772217,0.123403264,1.851785216
298,0.13904553651809692,0.27617845237255095,0.9049489395129615,0.9901806755695208,0.0007,90.87993311882019,0.123403264,1.851785216
299,0.16646479070186615,0.30940409898757937,0.8951296150824823,0.9893951296150825,0.0007,92.17007827758789,0.123403264,1.851785216
300,0.19392317533493042,0.34038138538599017,0.8841319717203456,0.9831107619795758,0.0007,92.4560616016388,0.123403264,1.851785216
