Per-Gloss Recognition Performance - IV3-GRU,,,,,,,,
Gloss ID,Gloss Label,Total Ground Truth,Total TP,Total FP,Total FN,Precision,Recall,F1-score
0,GOOD MORNING (0),95,61,27,34,0.693182,0.642105,0.666667
1,GOOD AFTERNOON (1),99,23,55,76,0.294872,0.232323,0.259887
2,GOOD EVENING (2),96,39,50,57,0.438202,0.40625,0.421622
3,HELLO (3),103,62,47,41,0.568807,0.601942,0.584906
4,HOW ARE YOU (4),99,70,17,29,0.804598,0.707071,0.752688
5,IM FINE (5),96,70,17,26,0.804598,0.729167,0.765027
6,NICE TO MEET YOU (6),95,77,23,18,0.77,0.810526,0.789744
7,THANK YOU (7),97,69,17,28,0.802326,0.71134,0.754098
8,YOURE WELCOME (8),102,53,22,49,0.706667,0.519608,0.59887
9,SEE YOU TOMORROW (9),96,71,52,25,0.577236,0.739583,0.648402
10,UNDERSTAND (10),99,53,21,46,0.716216,0.535354,0.612717
11,DONT UNDERSTAND (11),98,42,24,56,0.636364,0.428571,0.512195
12,KNOW (12),96,40,19,56,0.677966,0.416667,0.516129
13,DONT KNOW (13),99,71,33,28,0.682692,0.717172,0.699507
14,NO (14),97,74,52,23,0.587302,0.762887,0.663677
15,YES (15),98,58,33,40,0.637363,0.591837,0.613757
16,WRONG (16),102,84,34,18,0.711864,0.823529,0.763636
17,CORRECT (17),109,81,18,28,0.818182,0.743119,0.778846
18,SLOW (18),96,80,11,16,0.879121,0.833333,0.855615
19,FAST (19),99,56,25,43,0.691358,0.565657,0.622222
20,ONE (20),92,35,30,57,0.538462,0.380435,0.44586
21,TWO (21),89,52,57,37,0.477064,0.58427,0.525253
22,THREE (22),96,42,28,54,0.6,0.4375,0.506024
23,FOUR (23),93,18,62,75,0.225,0.193548,0.208092
24,FIVE (24),93,30,33,63,0.47619,0.322581,0.384615
25,SIX (25),96,27,41,69,0.397059,0.28125,0.329268
26,SEVEN (26),96,8,50,88,0.137931,0.083333,0.103896
27,EIGHT (27),90,1,30,89,0.032258,0.011111,0.016529
28,NINE (28),94,28,56,66,0.333333,0.297872,0.314607
29,TEN (29),94,37,43,57,0.4625,0.393617,0.425287
30,JANUARY (30),77,18,44,59,0.290323,0.233766,0.258993
31,FEBRUARY (31),85,44,47,41,0.483516,0.517647,0.5
32,MARCH (32),86,47,50,39,0.484536,0.546512,0.513661
33,APRIL (33),93,36,34,57,0.514286,0.387097,0.441718
34,MAY (34),90,15,42,75,0.263158,0.166667,0.204082
35,JUNE (35),80,0,34,80,0,0,0
36,JULY (36),85,2,56,83,0.034483,0.023529,0.027972
37,AUGUST (37),70,28,67,42,0.294737,0.4,0.339394
38,SEPTEMBER (38),87,55,84,32,0.395683,0.632184,0.486726
39,OCTOBER (39),86,27,68,59,0.284211,0.313953,0.298343
40,NOVEMBER (40),83,40,39,43,0.506329,0.481928,0.493827
41,DECEMBER (41),83,56,47,27,0.543689,0.674699,0.602151
42,MONDAY (42),92,25,28,67,0.471698,0.271739,0.344828
43,TUESDAY (43),94,42,45,52,0.482759,0.446809,0.464088
44,WEDNESDAY (44),94,77,97,17,0.442529,0.819149,0.574627
45,THURSDAY (45),98,83,43,15,0.65873,0.846939,0.741071
46,FRIDAY (46),93,35,20,58,0.636364,0.376344,0.472973
47,SATURDAY (47),93,73,20,20,0.784946,0.784946,0.784946
48,SUNDAY (48),93,73,27,20,0.73,0.784946,0.756477
49,TODAY (49),91,64,27,27,0.703297,0.703297,0.703297
50,TOMORROW (50),96,56,49,40,0.533333,0.583333,0.557214
51,YESTERDAY (51),93,9,26,84,0.257143,0.096774,0.140625
52,FATHER (52),94,43,20,51,0.68254,0.457447,0.547771
53,MOTHER (53),96,17,25,79,0.404762,0.177083,0.246377
54,SON (54),96,31,16,65,0.659574,0.322917,0.433566
55,DAUGHTER (55),106,75,17,31,0.815217,0.707547,0.757576
56,GRANDFATHER (56),99,73,14,26,0.83908,0.737374,0.784946
57,GRANDMOTHER (57),96,76,62,20,0.550725,0.791667,0.649573
58,UNCLE (58),97,71,27,26,0.72449,0.731959,0.728205
59,AUNTIE (59),97,52,29,45,0.641975,0.536082,0.58427
60,COUSIN (60),95,70,43,25,0.619469,0.736842,0.673077
61,PARENTS (61),94,71,13,23,0.845238,0.755319,0.797753
62,BOY (62),92,38,10,54,0.791667,0.413043,0.542857
63,GIRL (63),102,60,79,42,0.431655,0.588235,0.497925
64,MAN (64),90,28,24,62,0.538462,0.311111,0.394366
65,WOMAN (65),96,71,27,25,0.72449,0.739583,0.731959
66,DEAF (66),95,71,73,24,0.493056,0.747368,0.594142
67,HARD OF HEARING (67),92,64,18,28,0.780488,0.695652,0.735632
68,WHEELCHAIR PERSON (68),99,28,8,71,0.777778,0.282828,0.414815
69,BLIND (69),92,60,21,32,0.740741,0.652174,0.693642
70,DEAF BLIND (70),92,63,57,29,0.525,0.684783,0.59434
71,MARRIED (71),93,80,33,13,0.707965,0.860215,0.776699
72,BLUE (72),72,56,19,16,0.746667,0.777778,0.761905
73,GREEN (73),75,61,35,14,0.635417,0.813333,0.71345
74,RED (74),74,27,14,47,0.658537,0.364865,0.469565
75,BROWN (75),76,59,15,17,0.797297,0.776316,0.786667
76,BLACK (76),75,58,13,17,0.816901,0.773333,0.794521
77,WHITE (77),83,24,22,59,0.521739,0.289157,0.372093
78,YELLOW (78),78,35,21,43,0.625,0.448718,0.522388
79,ORANGE (79),77,44,14,33,0.758621,0.571429,0.651852
80,GRAY (80),76,65,11,11,0.855263,0.855263,0.855263
81,PINK (81),76,48,32,28,0.6,0.631579,0.615385
82,VIOLET (82),73,62,13,11,0.826667,0.849315,0.837838
83,LIGHT (83),73,63,20,10,0.759036,0.863014,0.807692
84,DARK (84),74,67,14,7,0.82716,0.905405,0.864516
85,BREAD (85),91,78,28,13,0.735849,0.857143,0.791878
86,EGG (86),89,64,18,25,0.780488,0.719101,0.748538
87,FISH (87),92,73,16,19,0.820225,0.793478,0.80663
88,MEAT (88),92,72,19,20,0.791209,0.782609,0.786885
89,CHICKEN (89),92,68,20,24,0.772727,0.73913,0.755556
90,SPAGHETTI (90),92,67,26,25,0.72043,0.728261,0.724324
91,RICE (91),88,67,33,21,0.67,0.761364,0.712766
92,LONGANISA (92),89,57,46,32,0.553398,0.640449,0.59375
93,SHRIMP (93),89,64,27,25,0.703297,0.719101,0.711111
94,CRAB (94),95,79,22,16,0.782178,0.831579,0.806122
95,HOT (95),95,60,24,35,0.714286,0.631579,0.670391
96,COLD (96),100,82,10,18,0.891304,0.82,0.854167
97,JUICE (97),98,73,28,25,0.722772,0.744898,0.733668
98,MILK (98),99,64,47,35,0.576577,0.646465,0.609524
99,COFFEE (99),96,72,18,24,0.8,0.75,0.774194
100,TEA (100),99,84,27,15,0.756757,0.848485,0.8
101,BEER (101),96,77,15,19,0.836957,0.802083,0.819149
102,WINE (102),95,54,28,41,0.658537,0.568421,0.610169
103,SUGAR (103),98,32,32,66,0.5,0.326531,0.395062
104,NO SUGAR (104),96,59,17,37,0.776316,0.614583,0.686047
