Per-Gloss Recognition Performance - Transformer,,,,,,,,
Gloss ID,Gloss Label,Total Ground Truth,Total TP,Total FP,Total FN,Precision,Recall,F1-score
0,GOOD MORNING (0),95,79,29,16,0.731481,0.831579,0.778325
1,GOOD AFTERNOON (1),99,90,31,9,0.743802,0.909091,0.818182
2,GOOD EVENING (2),96,86,34,10,0.716667,0.895833,0.796296
3,HELLO (3),103,89,29,14,0.754237,0.864078,0.80543
4,HOW ARE YOU (4),99,85,25,14,0.772727,0.858586,0.813397
5,IM FINE (5),96,80,18,16,0.816327,0.833333,0.824742
6,NICE TO MEET YOU (6),95,84,31,11,0.730435,0.884211,0.8
7,THANK YOU (7),97,89,26,8,0.773913,0.917526,0.839623
8,YOURE WELCOME (8),102,89,18,13,0.831776,0.872549,0.851675
9,SEE YOU TOMORROW (9),96,87,35,9,0.713115,0.90625,0.798165
10,UNDERSTAND (10),99,88,24,11,0.785714,0.888889,0.834123
11,DON'T UNDERSTAND (11),98,86,33,12,0.722689,0.877551,0.792627
12,KNOW (12),96,84,50,12,0.626866,0.875,0.730435
13,DONT KNOW (13),99,94,19,5,0.831858,0.949495,0.886792
14,NO (14),97,82,109,15,0.429319,0.845361,0.569444
15,YES (15),98,87,43,11,0.669231,0.887755,0.763158
16,WRONG (16),102,89,27,13,0.767241,0.872549,0.816514
17,CORRECT (17),109,94,32,15,0.746032,0.862385,0.8
18,SLOW (18),96,81,29,15,0.736364,0.84375,0.786408
19,FAST (19),99,87,46,12,0.654135,0.878788,0.75
20,ONE (20),92,77,57,15,0.574627,0.836957,0.681416
21,TWO (21),89,80,27,9,0.747664,0.898876,0.816327
22,THREE (22),96,78,41,18,0.655462,0.8125,0.725581
23,FOUR (23),93,86,13,7,0.868687,0.924731,0.895833
24,FIVE (24),93,89,11,4,0.89,0.956989,0.92228
25,SIX (25),96,84,38,12,0.688525,0.875,0.770642
26,SEVEN (26),96,87,20,9,0.813084,0.90625,0.857143
27,EIGHT (27),90,85,95,5,0.472222,0.944444,0.62963
28,NINE (28),94,81,21,13,0.794118,0.861702,0.826531
29,TEN (29),94,84,75,10,0.528302,0.893617,0.664032
30,JANUARY (30),77,69,108,8,0.389831,0.896104,0.543307
31,FEBRUARY (31),85,73,30,12,0.708738,0.858824,0.776596
32,MARCH (32),86,71,48,15,0.596639,0.825581,0.692683
33,APRIL (33),93,77,49,16,0.611111,0.827957,0.703196
34,MAY (34),90,83,27,7,0.754545,0.922222,0.83
35,JUNE (35),80,75,21,5,0.78125,0.9375,0.852273
36,JULY (36),85,79,35,6,0.692982,0.929412,0.79397
37,AUGUST (37),70,61,31,9,0.663043,0.871429,0.753086
38,SEPTEMBER (38),87,72,29,15,0.712871,0.827586,0.765957
39,OCTOBER (39),86,71,36,15,0.663551,0.825581,0.735751
40,NOVEMBER (40),83,73,20,10,0.784946,0.879518,0.829545
41,DECEMBER (41),83,73,26,10,0.737374,0.879518,0.802198
42,MONDAY (42),92,84,40,8,0.677419,0.913043,0.777778
43,TUESDAY (43),94,84,25,10,0.770642,0.893617,0.827586
44,WEDNESDAY (44),94,87,12,7,0.878788,0.925532,0.901554
45,THURSDAY (45),98,96,10,2,0.90566,0.979592,0.941176
46,FRIDAY (46),93,85,8,8,0.913978,0.913978,0.913978
47,SATURDAY (47),93,80,15,13,0.842105,0.860215,0.851064
48,SUNDAY (48),93,80,27,13,0.747664,0.860215,0.8
49,TODAY (49),91,80,21,11,0.792079,0.879121,0.833333
50,TOMORROW (50),96,78,52,18,0.6,0.8125,0.690265
51,YESTERDAY (51),93,82,27,11,0.752294,0.88172,0.811881
52,FATHER (52),94,78,28,16,0.735849,0.829787,0.78
53,MOTHER (53),96,73,94,23,0.437126,0.760417,0.555133
54,SON (54),96,84,24,12,0.777778,0.875,0.823529
55,DAUGHTER (55),106,96,50,10,0.657534,0.90566,0.761905
56,GRANDFATHER (56),99,85,22,14,0.794393,0.858586,0.825243
57,GRANDMOTHER (57),96,87,32,9,0.731092,0.90625,0.809302
58,UNCLE (58),97,82,18,15,0.82,0.845361,0.832487
59,AUNTIE (59),97,87,67,10,0.564935,0.896907,0.693227
60,COUSIN (60),95,79,32,16,0.711712,0.831579,0.76699
61,PARENTS (61),94,78,37,16,0.678261,0.829787,0.746411
62,BOY (62),92,78,21,14,0.787879,0.847826,0.816754
63,GIRL (63),102,92,37,10,0.713178,0.901961,0.796537
64,MAN (64),90,79,22,11,0.782178,0.877778,0.827225
65,WOMAN (65),96,84,28,12,0.75,0.875,0.807692
66,DEAF (66),95,79,99,16,0.44382,0.831579,0.578755
67,HARD OF HEARING (67),92,79,55,13,0.589552,0.858696,0.699115
68,WHEELCHAIR PERSON (68),99,89,30,10,0.747899,0.89899,0.816514
69,BLIND (69),92,84,46,8,0.646154,0.913043,0.756757
70,DEAF BLIND (70),92,78,40,14,0.661017,0.847826,0.742857
71,MARRIED (71),93,86,37,7,0.699187,0.924731,0.796296
72,BLUE (72),72,65,16,7,0.802469,0.902778,0.849673
73,GREEN (73),75,64,23,11,0.735632,0.853333,0.790123
74,RED (74),74,62,72,12,0.462687,0.837838,0.596154
75,BROWN (75),76,65,19,11,0.77381,0.855263,0.8125
76,BLACK (76),75,66,17,9,0.795181,0.88,0.835443
77,WHITE (77),83,74,71,9,0.510345,0.891566,0.649123
78,YELLOW (78),78,70,22,8,0.76087,0.897436,0.823529
79,ORANGE (79),77,69,47,8,0.594828,0.896104,0.715026
80,GRAY (80),76,67,15,9,0.817073,0.881579,0.848101
81,PINK (81),76,68,49,8,0.581197,0.894737,0.704663
82,VIOLET (82),73,64,10,9,0.864865,0.876712,0.870748
83,LIGHT (83),73,64,30,9,0.680851,0.876712,0.766467
84,DARK (84),74,64,18,10,0.780488,0.864865,0.820513
85,BREAD (85),91,88,39,3,0.692913,0.967033,0.807339
86,EGG (86),89,79,22,10,0.782178,0.88764,0.831579
87,FISH (87),92,81,26,11,0.757009,0.880435,0.81407
88,MEAT (88),92,82,18,10,0.82,0.891304,0.854167
89,CHICKEN (89),92,79,16,13,0.831579,0.858696,0.84492
90,SPAGHETTI (90),92,85,39,7,0.685484,0.923913,0.787037
91,RICE (91),88,83,20,5,0.805825,0.943182,0.86911
92,LONGANISA (92),89,77,21,12,0.785714,0.865169,0.823529
93,SHRIMP (93),89,79,28,10,0.738318,0.88764,0.806122
94,CRAB (94),95,87,13,8,0.87,0.915789,0.892308
95,HOT (95),95,85,68,10,0.555556,0.894737,0.685484
96,COLD (96),100,92,16,8,0.851852,0.92,0.884615
97,JUICE (97),98,83,43,15,0.65873,0.846939,0.741071
98,MILK (98),99,91,80,8,0.532164,0.919192,0.674074
99,COFFEE (99),96,85,27,11,0.758929,0.885417,0.817308
100,TEA (100),99,87,19,12,0.820755,0.878788,0.84878
101,BEER (101),96,86,23,10,0.788991,0.895833,0.839024
102,WINE (102),95,84,26,11,0.763636,0.884211,0.819512
103,SUGAR (103),98,90,49,8,0.647482,0.918367,0.759494
104,NO SUGAR (104),96,81,41,15,0.663934,0.84375,0.743119
