file,gloss,cat,occluded,signer,duration
clip_00002_good_morning_S0.npz,0,0,1,S0,4.066666666666666
clip_00003_good_morning_S0.npz,0,0,1,S0,4.066666666666666
clip_00005_good_morning_S0.npz,0,0,1,S0,4.066666666666666
clip_00006_good_morning_S1.npz,0,0,1,S1,4.083333333333333
clip_00007_good_morning_S1.npz,0,0,1,S1,4.083333333333333
clip_00009_good_morning_S1.npz,0,0,1,S1,4.066666666666666
clip_00010_good_morning_S1.npz,0,0,1,S1,4.066666666666666
clip_00011_good_morning_S2.npz,0,0,1,S2,4.083333333333333
clip_00013_good_morning_S2.npz,0,0,1,S2,4.066666666666666
clip_00014_good_morning_S2.npz,0,0,1,S2,4.066666666666666
clip_00015_good_morning_S2.npz,0,0,1,S2,4.066666666666666
clip_00016_good_morning_S3.npz,0,0,1,S3,4.066666666666666
clip_00018_good_morning_S3.npz,0,0,1,S3,4.066666666666666
clip_00019_good_morning_S3.npz,0,0,1,S3,4.066666666666666
clip_00125_good_afternoon_S0.npz,1,0,1,S0,4.066666666666666
clip_00126_good_afternoon_S0.npz,1,0,1,S0,4.066666666666666
clip_00127_good_afternoon_S0.npz,1,0,1,S0,4.066666666666666
clip_00128_good_afternoon_S0.npz,1,0,1,S0,4.066666666666666
clip_00129_good_afternoon_S0.npz,1,0,1,S0,4.066666666666666
clip_00130_good_afternoon_S1.npz,1,0,1,S1,4.066666666666666
clip_00131_good_afternoon_S1.npz,1,0,1,S1,4.066666666666666
clip_00132_good_afternoon_S1.npz,1,0,1,S1,4.066666666666666
clip_00133_good_afternoon_S1.npz,1,0,1,S1,4.066666666666666
clip_00134_good_afternoon_S1.npz,1,0,1,S1,4.066666666666666
clip_00135_good_afternoon_S2.npz,1,0,0,S2,4.066666666666666
clip_00136_good_afternoon_S2.npz,1,0,0,S2,4.066666666666666
clip_00137_good_afternoon_S2.npz,1,0,0,S2,4.066666666666666
clip_00138_good_afternoon_S2.npz,1,0,0,S2,4.066666666666666
clip_00140_good_afternoon_S2.npz,1,0,1,S2,4.066666666666666
clip_00141_good_afternoon_S3.npz,1,0,1,S3,4.066666666666666
clip_00143_good_afternoon_S3.npz,1,0,1,S3,4.066666666666666
clip_00144_good_afternoon_S3.npz,1,0,1,S3,4.066666666666666
clip_00145_good_afternoon_S3.npz,1,0,1,S3,4.066666666666666
clip_00252_good_evening_S0.npz,2,0,1,S0,4.066666666666666
clip_00253_good_evening_S0.npz,2,0,1,S0,4.066666666666666
clip_00254_good_evening_S0.npz,2,0,1,S0,4.066666666666666
clip_00255_good_evening_S1.npz,2,0,1,S1,4.066666666666666
clip_00256_good_evening_S1.npz,2,0,1,S1,4.066666666666666
clip_00257_good_evening_S1.npz,2,0,1,S1,4.066666666666666
clip_00258_good_evening_S1.npz,2,0,1,S1,4.066666666666666
clip_00259_good_evening_S1.npz,2,0,1,S1,4.066666666666666
clip_00261_good_evening_S2.npz,2,0,0,S2,4.066666666666666
clip_00263_good_evening_S2.npz,2,0,1,S2,4.066666666666666
clip_00264_good_evening_S2.npz,2,0,0,S2,4.066666666666666
clip_00265_good_evening_S3.npz,2,0,1,S3,4.066666666666666
clip_00267_good_evening_S3.npz,2,0,1,S3,4.066666666666666
clip_00268_good_evening_S3.npz,2,0,1,S3,4.066666666666666
clip_00270_good_evening_S3.npz,2,0,1,S3,4.066666666666666
clip_00371_hello_S0.npz,3,0,1,S0,4.066666666666666
clip_00372_hello_S0.npz,3,0,1,S0,4.066666666666666
clip_00373_hello_S0.npz,3,0,1,S0,4.066666666666666
clip_00375_hello_S1.npz,3,0,0,S1,4.066666666666666
clip_00377_hello_S1.npz,3,0,0,S1,4.066666666666666
clip_00378_hello_S1.npz,3,0,1,S1,4.066666666666666
clip_00379_hello_S1.npz,3,0,0,S1,4.066666666666666
clip_00380_hello_S2.npz,3,0,0,S2,4.066666666666666
clip_00383_hello_S2.npz,3,0,0,S2,4.066666666666666
clip_00384_hello_S2.npz,3,0,0,S2,4.066666666666666
clip_00385_hello_S3.npz,3,0,1,S3,4.066666666666666
clip_00386_hello_S3.npz,3,0,0,S3,4.066666666666666
clip_00387_hello_S3.npz,3,0,1,S3,4.066666666666666
clip_00388_hello_S3.npz,3,0,1,S3,4.066666666666666
clip_00389_hello_S3.npz,3,0,1,S3,4.05
clip_00497_how_are_you_S0.npz,4,0,1,S0,4.066666666666666
clip_00498_how_are_you_S0.npz,4,0,1,S0,4.05
clip_00499_how_are_you_S0.npz,4,0,1,S0,4.05
clip_00500_how_are_you_S0.npz,4,0,1,S0,4.05
clip_00501_how_are_you_S0.npz,4,0,1,S0,4.05
clip_00503_how_are_you_S1.npz,4,0,1,S1,4.066666666666666
clip_00504_how_are_you_S1.npz,4,0,1,S1,4.066666666666666
clip_00507_how_are_you_S2.npz,4,0,1,S2,4.066666666666666
clip_00508_how_are_you_S2.npz,4,0,1,S2,4.066666666666666
clip_00510_how_are_you_S2.npz,4,0,1,S2,4.05
clip_00512_how_are_you_S2.npz,4,0,1,S2,4.05
clip_00513_how_are_you_S3.npz,4,0,1,S3,4.05
clip_00514_how_are_you_S3.npz,4,0,1,S3,4.05
clip_00516_how_are_you_S3.npz,4,0,1,S3,4.05
clip_00622_im_fine_S0.npz,5,0,1,S0,4.05
clip_00623_im_fine_S0.npz,5,0,1,S0,4.05
clip_00624_im_fine_S0.npz,5,0,1,S0,4.05
clip_00625_im_fine_S0.npz,5,0,1,S0,4.05
clip_00627_im_fine_S1.npz,5,0,0,S1,4.05
clip_00628_im_fine_S1.npz,5,0,0,S1,4.05
clip_00629_im_fine_S1.npz,5,0,0,S1,4.05
clip_00630_im_fine_S1.npz,5,0,0,S1,4.05
clip_00631_im_fine_S1.npz,5,0,0,S1,4.05
clip_00632_im_fine_S2.npz,5,0,0,S2,4.05
clip_00633_im_fine_S2.npz,5,0,0,S2,4.05
clip_00634_im_fine_S2.npz,5,0,0,S2,4.05
clip_00635_im_fine_S2.npz,5,0,0,S2,4.05
clip_00637_im_fine_S3.npz,5,0,1,S3,4.05
clip_00638_im_fine_S3.npz,5,0,1,S3,4.05
clip_00639_im_fine_S3.npz,5,0,1,S3,4.05
clip_00640_im_fine_S3.npz,5,0,1,S3,4.05
clip_00641_im_fine_S3.npz,5,0,1,S3,4.05
clip_00749_nice_to_meet_you_S0.npz,6,0,1,S0,4.05
clip_00752_nice_to_meet_you_S1.npz,6,0,1,S1,4.05
clip_00753_nice_to_meet_you_S1.npz,6,0,1,S1,4.05
clip_00754_nice_to_meet_you_S1.npz,6,0,1,S1,4.05
clip_00755_nice_to_meet_you_S1.npz,6,0,1,S1,4.05
clip_00756_nice_to_meet_you_S1.npz,6,0,1,S1,4.05
clip_00757_nice_to_meet_you_S1.npz,6,0,1,S1,4.05
clip_00758_nice_to_meet_you_S2.npz,6,0,1,S2,4.05
clip_00759_nice_to_meet_you_S2.npz,6,0,1,S2,4.05
clip_00760_nice_to_meet_you_S2.npz,6,0,1,S2,4.05
clip_00761_nice_to_meet_you_S2.npz,6,0,1,S2,4.05
clip_00762_nice_to_meet_you_S2.npz,6,0,1,S2,4.05
clip_00764_nice_to_meet_you_S3.npz,6,0,1,S3,4.05
clip_00765_nice_to_meet_you_S3.npz,6,0,1,S3,4.05
clip_00766_nice_to_meet_you_S3.npz,6,0,1,S3,4.05
clip_00767_nice_to_meet_you_S3.npz,6,0,1,S3,4.05
clip_00870_thank_you_S0.npz,7,0,1,S0,4.05
clip_00871_thank_you_S0.npz,7,0,1,S0,4.05
clip_00872_thank_you_S0.npz,7,0,1,S0,4.05
clip_00874_thank_you_S0.npz,7,0,1,S0,4.05
clip_00875_thank_you_S1.npz,7,0,1,S1,4.05
clip_00876_thank_you_S1.npz,7,0,1,S1,4.05
clip_00877_thank_you_S1.npz,7,0,1,S1,4.05
clip_00878_thank_you_S1.npz,7,0,1,S1,4.05
clip_00879_thank_you_S1.npz,7,0,1,S1,4.05
clip_00881_thank_you_S2.npz,7,0,1,S2,4.05
clip_00882_thank_you_S2.npz,7,0,1,S2,4.05
clip_00883_thank_you_S2.npz,7,0,1,S2,4.05
clip_00884_thank_you_S2.npz,7,0,1,S2,4.05
clip_00885_thank_you_S3.npz,7,0,1,S3,4.05
clip_00888_thank_you_S3.npz,7,0,1,S3,4.033333333333333
clip_00997_youre_welcome_S0.npz,8,0,1,S0,4.05
clip_00998_youre_welcome_S0.npz,8,0,1,S0,4.033333333333333
clip_00999_youre_welcome_S0.npz,8,0,1,S0,4.033333333333333
clip_01000_youre_welcome_S1.npz,8,0,1,S1,4.05
clip_01001_youre_welcome_S1.npz,8,0,1,S1,4.05
clip_01002_youre_welcome_S1.npz,8,0,1,S1,4.05
clip_01004_youre_welcome_S1.npz,8,0,1,S1,4.05
clip_01005_youre_welcome_S2.npz,8,0,1,S2,4.05
clip_01006_youre_welcome_S2.npz,8,0,1,S2,4.05
clip_01008_youre_welcome_S2.npz,8,0,1,S2,4.05
clip_01009_youre_welcome_S2.npz,8,0,1,S2,4.05
clip_01011_youre_welcome_S3.npz,8,0,1,S3,4.033333333333333
clip_01012_youre_welcome_S3.npz,8,0,1,S3,4.033333333333333
clip_01013_youre_welcome_S3.npz,8,0,1,S3,4.033333333333333
clip_01120_see_you_tomorrow_S0.npz,9,0,1,S0,4.033333333333333
clip_01121_see_you_tomorrow_S0.npz,9,0,1,S0,4.033333333333333
clip_01122_see_you_tomorrow_S0.npz,9,0,1,S0,4.033333333333333
clip_01125_see_you_tomorrow_S1.npz,9,0,1,S1,4.05
clip_01126_see_you_tomorrow_S1.npz,9,0,1,S1,4.033333333333333
clip_01128_see_you_tomorrow_S1.npz,9,0,1,S1,4.033333333333333
clip_01130_see_you_tomorrow_S2.npz,9,0,1,S2,4.05
clip_01131_see_you_tomorrow_S2.npz,9,0,1,S2,4.033333333333333
clip_01132_see_you_tomorrow_S2.npz,9,0,1,S2,4.033333333333333
clip_01133_see_you_tomorrow_S2.npz,9,0,1,S2,4.033333333333333
clip_01134_see_you_tomorrow_S3.npz,9,0,1,S3,4.1
clip_01135_see_you_tomorrow_S3.npz,9,0,1,S3,4.083333333333333
clip_01136_see_you_tomorrow_S3.npz,9,0,1,S3,4.083333333333333
clip_01137_see_you_tomorrow_S3.npz,9,0,1,S3,4.083333333333333
clip_01138_see_you_tomorrow_S3.npz,9,0,1,S3,4.083333333333333
clip_01241_understand_S0.npz,10,1,1,S0,4.066666666666666
clip_01242_understand_S0.npz,10,1,1,S0,4.066666666666666
clip_01243_understand_S0.npz,10,1,1,S0,4.066666666666666
clip_01244_understand_S1.npz,10,1,1,S1,4.083333333333333
clip_01245_understand_S1.npz,10,1,1,S1,4.066666666666666
clip_01246_understand_S1.npz,10,1,1,S1,4.066666666666666
clip_01250_understand_S2.npz,10,1,1,S2,4.083333333333333
clip_01251_understand_S2.npz,10,1,1,S2,4.066666666666666
clip_01252_understand_S2.npz,10,1,1,S2,4.066666666666666
clip_01253_understand_S2.npz,10,1,1,S2,4.066666666666666
clip_01255_understand_S3.npz,10,1,1,S3,4.066666666666666
clip_01257_understand_S3.npz,10,1,0,S3,4.066666666666666
clip_01364_dont_understand_S0.npz,11,1,0,S0,4.066666666666666
clip_01365_dont_understand_S0.npz,11,1,1,S0,4.066666666666666
clip_01366_dont_understand_S0.npz,11,1,1,S0,4.066666666666666
clip_01367_dont_understand_S0.npz,11,1,1,S0,4.066666666666666
clip_01368_dont_understand_S1.npz,11,1,1,S1,4.066666666666666
clip_01373_dont_understand_S1.npz,11,1,0,S1,4.066666666666666
clip_01375_dont_understand_S2.npz,11,1,1,S2,4.066666666666666
clip_01376_dont_understand_S2.npz,11,1,1,S2,4.066666666666666
clip_01377_dont_understand_S2.npz,11,1,1,S2,4.066666666666666
clip_01378_dont_understand_S2.npz,11,1,1,S2,4.066666666666666
clip_01379_dont_understand_S3.npz,11,1,1,S3,4.066666666666666
clip_01380_dont_understand_S3.npz,11,1,1,S3,4.066666666666666
clip_01381_dont_understand_S3.npz,11,1,1,S3,4.066666666666666
clip_01383_dont_understand_S3.npz,11,1,1,S3,4.066666666666666
clip_01487_know_S0.npz,12,1,1,S0,4.066666666666666
clip_01488_know_S0.npz,12,1,1,S0,4.066666666666666
clip_01492_know_S1.npz,12,1,0,S1,4.066666666666666
clip_01493_know_S1.npz,12,1,0,S1,4.066666666666666
clip_01494_know_S1.npz,12,1,0,S1,4.066666666666666
clip_01495_know_S1.npz,12,1,0,S1,4.066666666666666
clip_01498_know_S2.npz,12,1,0,S2,4.066666666666666
clip_01499_know_S2.npz,12,1,0,S2,4.066666666666666
clip_01500_know_S2.npz,12,1,1,S2,4.066666666666666
clip_01501_know_S2.npz,12,1,0,S2,4.066666666666666
clip_01502_know_S3.npz,12,1,1,S3,4.066666666666666
clip_01507_know_S3.npz,12,1,1,S3,4.066666666666666
clip_01608_dont_know_S0.npz,13,1,1,S0,4.066666666666666
clip_01609_dont_know_S0.npz,13,1,1,S0,4.066666666666666
clip_01610_dont_know_S0.npz,13,1,1,S0,4.066666666666666
clip_01612_dont_know_S0.npz,13,1,1,S0,4.066666666666666
clip_01614_dont_know_S1.npz,13,1,1,S1,4.066666666666666
clip_01615_dont_know_S1.npz,13,1,1,S1,4.066666666666666
clip_01616_dont_know_S1.npz,13,1,1,S1,4.066666666666666
clip_01617_dont_know_S1.npz,13,1,1,S1,4.066666666666666
clip_01618_dont_know_S2.npz,13,1,0,S2,4.066666666666666
clip_01620_dont_know_S2.npz,13,1,1,S2,4.066666666666666
clip_01621_dont_know_S2.npz,13,1,1,S2,4.066666666666666
clip_01622_dont_know_S2.npz,13,1,1,S2,4.066666666666666
clip_01623_dont_know_S3.npz,13,1,1,S3,4.066666666666666
clip_01625_dont_know_S3.npz,13,1,1,S3,4.066666666666666
clip_01626_dont_know_S3.npz,13,1,1,S3,4.066666666666666
clip_01627_dont_know_S3.npz,13,1,1,S3,4.066666666666666
clip_01732_no_S0.npz,14,1,0,S0,4.066666666666666
clip_01733_no_S0.npz,14,1,0,S0,4.066666666666666
clip_01734_no_S0.npz,14,1,0,S0,4.066666666666666
clip_01735_no_S0.npz,14,1,0,S0,4.066666666666666
clip_01736_no_S0.npz,14,1,1,S0,4.066666666666666
clip_01738_no_S1.npz,14,1,1,S1,4.066666666666666
clip_01739_no_S1.npz,14,1,1,S1,4.066666666666666
clip_01740_no_S1.npz,14,1,1,S1,4.066666666666666
clip_01741_no_S1.npz,14,1,1,S1,4.066666666666666
clip_01743_no_S2.npz,14,1,0,S2,4.066666666666666
clip_01744_no_S2.npz,14,1,0,S2,4.066666666666666
clip_01745_no_S2.npz,14,1,0,S2,4.066666666666666
clip_01747_no_S2.npz,14,1,0,S2,4.066666666666666
clip_01748_no_S3.npz,14,1,1,S3,4.066666666666666
clip_01749_no_S3.npz,14,1,1,S3,4.066666666666666
clip_01750_no_S3.npz,14,1,1,S3,4.066666666666666
clip_01857_yes_S0.npz,15,1,0,S0,4.05
clip_01858_yes_S0.npz,15,1,0,S0,4.05
clip_01859_yes_S0.npz,15,1,0,S0,4.05
clip_01860_yes_S0.npz,15,1,0,S0,4.05
clip_01864_yes_S1.npz,15,1,1,S1,4.05
clip_01867_yes_S2.npz,15,1,0,S2,4.05
clip_01868_yes_S2.npz,15,1,0,S2,4.05
clip_01869_yes_S2.npz,15,1,0,S2,4.05
clip_01870_yes_S2.npz,15,1,0,S2,4.05
clip_01871_yes_S2.npz,15,1,0,S2,4.05
clip_01873_yes_S3.npz,15,1,0,S3,4.05
clip_01874_yes_S3.npz,15,1,1,S3,4.05
clip_01876_yes_S3.npz,15,1,0,S3,4.05
clip_01981_wrong_S0.npz,16,1,1,S0,4.05
clip_01982_wrong_S0.npz,16,1,1,S0,4.05
clip_01983_wrong_S0.npz,16,1,1,S0,4.05
clip_01984_wrong_S0.npz,16,1,1,S0,4.05
clip_01985_wrong_S1.npz,16,1,1,S1,4.05
clip_01987_wrong_S1.npz,16,1,1,S1,4.05
clip_01989_wrong_S1.npz,16,1,1,S1,4.05
clip_01990_wrong_S2.npz,16,1,1,S2,4.05
clip_01992_wrong_S2.npz,16,1,1,S2,4.05
clip_01993_wrong_S2.npz,16,1,1,S2,4.05
clip_01994_wrong_S2.npz,16,1,1,S2,4.05
clip_01995_wrong_S2.npz,16,1,1,S2,4.05
clip_01996_wrong_S3.npz,16,1,1,S3,4.05
clip_01997_wrong_S3.npz,16,1,1,S3,4.05
clip_01998_wrong_S3.npz,16,1,1,S3,4.05
clip_02000_wrong_S3.npz,16,1,1,S3,4.05
clip_02111_correct_S0.npz,17,1,0,S0,4.05
clip_02112_correct_S0.npz,17,1,0,S0,4.05
clip_02114_correct_S0.npz,17,1,0,S0,4.05
clip_02117_correct_S1.npz,17,1,1,S1,4.05
clip_02119_correct_S1.npz,17,1,1,S1,4.05
clip_02120_correct_S1.npz,17,1,1,S1,4.05
clip_02123_correct_S2.npz,17,1,1,S2,4.05
clip_02124_correct_S2.npz,17,1,1,S2,4.05
clip_02126_correct_S2.npz,17,1,1,S2,4.05
clip_02128_correct_S3.npz,17,1,1,S3,4.05
clip_02129_correct_S3.npz,17,1,1,S3,4.05
clip_02130_correct_S3.npz,17,1,1,S3,4.05
clip_02131_correct_S3.npz,17,1,1,S3,4.05
clip_02132_correct_S3.npz,17,1,1,S3,4.05
clip_02244_slow_S0.npz,18,1,0,S0,4.05
clip_02245_slow_S0.npz,18,1,0,S0,4.05
clip_02246_slow_S0.npz,18,1,0,S0,4.05
clip_02247_slow_S0.npz,18,1,0,S0,4.05
clip_02248_slow_S0.npz,18,1,0,S0,4.05
clip_02249_slow_S1.npz,18,1,0,S1,4.05
clip_02252_slow_S1.npz,18,1,0,S1,4.05
clip_02253_slow_S1.npz,18,1,1,S1,4.05
clip_02254_slow_S2.npz,18,1,0,S2,4.05
clip_02255_slow_S2.npz,18,1,0,S2,4.05
clip_02256_slow_S2.npz,18,1,0,S2,4.05
clip_02257_slow_S2.npz,18,1,0,S2,4.05
clip_02258_slow_S2.npz,18,1,0,S2,4.05
clip_02259_slow_S3.npz,18,1,1,S3,4.05
clip_02262_slow_S3.npz,18,1,1,S3,4.05
clip_02263_slow_S3.npz,18,1,1,S3,4.05
clip_02264_slow_S3.npz,18,1,1,S3,4.05
clip_02368_fast_S0.npz,19,1,0,S0,4.05
clip_02369_fast_S0.npz,19,1,0,S0,4.05
clip_02370_fast_S0.npz,19,1,0,S0,4.05
clip_02371_fast_S0.npz,19,1,1,S0,4.05
clip_02372_fast_S0.npz,19,1,1,S0,4.05
clip_02375_fast_S1.npz,19,1,1,S1,4.05
clip_02377_fast_S1.npz,19,1,1,S1,4.05
clip_02378_fast_S1.npz,19,1,1,S1,4.05
clip_02379_fast_S2.npz,19,1,0,S2,4.05
clip_02380_fast_S2.npz,19,1,0,S2,4.05
clip_02381_fast_S2.npz,19,1,0,S2,4.05
clip_02382_fast_S2.npz,19,1,0,S2,4.033333333333333
clip_02384_fast_S3.npz,19,1,0,S3,4.05
clip_02385_fast_S3.npz,19,1,1,S3,4.05
clip_02386_fast_S3.npz,19,1,0,S3,4.033333333333333
clip_02388_fast_S3.npz,19,1,0,S3,4.033333333333333
clip_02490_one_S0.npz,20,2,0,S0,4.083333333333333
clip_02491_one_S0.npz,20,2,0,S0,4.083333333333333
clip_02492_one_S0.npz,20,2,0,S0,4.066666666666666
clip_02493_one_S0.npz,20,2,0,S0,4.066666666666666
clip_02494_one_S0.npz,20,2,0,S0,4.066666666666666
clip_02495_one_S1.npz,20,2,1,S1,4.083333333333333
clip_02498_one_S1.npz,20,2,1,S1,4.066666666666666
clip_02500_one_S2.npz,20,2,0,S2,4.083333333333333
clip_02501_one_S2.npz,20,2,0,S2,4.083333333333333
clip_02502_one_S2.npz,20,2,0,S2,4.066666666666666
clip_02503_one_S2.npz,20,2,0,S2,4.066666666666666
clip_02504_one_S2.npz,20,2,0,S2,4.066666666666666
clip_02505_one_S3.npz,20,2,0,S3,4.083333333333333
clip_02506_one_S3.npz,20,2,0,S3,4.083333333333333
clip_02507_one_S3.npz,20,2,0,S3,4.066666666666666
clip_02508_one_S3.npz,20,2,0,S3,4.066666666666666
clip_02604_two_S0.npz,21,2,0,S0,4.066666666666666
clip_02605_two_S0.npz,21,2,0,S0,4.066666666666666
clip_02607_two_S0.npz,21,2,0,S0,4.066666666666666
clip_02609_two_S1.npz,21,2,1,S1,4.066666666666666
clip_02610_two_S1.npz,21,2,1,S1,4.066666666666666
clip_02612_two_S1.npz,21,2,1,S1,4.066666666666666
clip_02613_two_S1.npz,21,2,1,S1,4.066666666666666
clip_02614_two_S2.npz,21,2,0,S2,4.066666666666666
clip_02615_two_S2.npz,21,2,0,S2,4.066666666666666
clip_02616_two_S2.npz,21,2,0,S2,4.066666666666666
clip_02617_two_S2.npz,21,2,0,S2,4.066666666666666
clip_02619_two_S3.npz,21,2,0,S3,4.066666666666666
clip_02620_two_S3.npz,21,2,0,S3,4.066666666666666
clip_02621_two_S3.npz,21,2,1,S3,4.066666666666666
clip_02622_two_S3.npz,21,2,1,S3,4.066666666666666
clip_02623_two_S3.npz,21,2,0,S3,4.066666666666666
clip_02716_three_S0.npz,22,2,0,S0,4.066666666666666
clip_02717_three_S0.npz,22,2,0,S0,4.066666666666666
clip_02718_three_S0.npz,22,2,0,S0,4.066666666666666
clip_02721_three_S1.npz,22,2,1,S1,4.066666666666666
clip_02722_three_S1.npz,22,2,1,S1,4.066666666666666
clip_02723_three_S1.npz,22,2,1,S1,4.066666666666666
clip_02724_three_S2.npz,22,2,0,S2,4.066666666666666
clip_02726_three_S2.npz,22,2,0,S2,4.066666666666666
clip_02727_three_S2.npz,22,2,0,S2,4.066666666666666
clip_02728_three_S2.npz,22,2,0,S2,4.066666666666666
clip_02729_three_S3.npz,22,2,0,S3,4.066666666666666
clip_02730_three_S3.npz,22,2,0,S3,4.066666666666666
clip_02731_three_S3.npz,22,2,0,S3,4.066666666666666
clip_02733_three_S3.npz,22,2,1,S3,4.066666666666666
clip_02832_four_S0.npz,23,2,0,S0,4.066666666666666
clip_02834_four_S0.npz,23,2,1,S0,4.066666666666666
clip_02835_four_S0.npz,23,2,1,S0,4.066666666666666
clip_02836_four_S0.npz,23,2,1,S0,4.066666666666666
clip_02837_four_S1.npz,23,2,1,S1,4.066666666666666
clip_02838_four_S1.npz,23,2,1,S1,4.066666666666666
clip_02840_four_S1.npz,23,2,1,S1,4.066666666666666
clip_02841_four_S1.npz,23,2,1,S1,4.066666666666666
clip_02842_four_S1.npz,23,2,1,S1,4.066666666666666
clip_02844_four_S2.npz,23,2,1,S2,4.066666666666666
clip_02845_four_S2.npz,23,2,1,S2,4.066666666666666
clip_02846_four_S2.npz,23,2,1,S2,4.066666666666666
clip_02847_four_S2.npz,23,2,1,S2,4.066666666666666
clip_02848_four_S3.npz,23,2,1,S3,4.066666666666666
clip_02850_four_S3.npz,23,2,1,S3,4.066666666666666
clip_02851_four_S3.npz,23,2,1,S3,4.066666666666666
clip_02948_five_S0.npz,24,2,0,S0,4.066666666666666
clip_02950_five_S0.npz,24,2,1,S0,4.066666666666666
clip_02951_five_S0.npz,24,2,0,S0,4.066666666666666
clip_02952_five_S0.npz,24,2,1,S0,4.066666666666666
clip_02953_five_S1.npz,24,2,1,S1,4.066666666666666
clip_02954_five_S1.npz,24,2,1,S1,4.066666666666666
clip_02955_five_S1.npz,24,2,1,S1,4.066666666666666
clip_02957_five_S1.npz,24,2,1,S1,4.066666666666666
clip_02958_five_S2.npz,24,2,1,S2,4.066666666666666
clip_02959_five_S2.npz,24,2,1,S2,4.066666666666666
clip_02960_five_S2.npz,24,2,1,S2,4.066666666666666
clip_02961_five_S2.npz,24,2,1,S2,4.066666666666666
clip_02962_five_S2.npz,24,2,1,S2,4.066666666666666
clip_02963_five_S3.npz,24,2,1,S3,4.066666666666666
clip_02964_five_S3.npz,24,2,0,S3,4.066666666666666
clip_02965_five_S3.npz,24,2,1,S3,4.066666666666666
clip_02967_five_S3.npz,24,2,1,S3,4.066666666666666
clip_03061_six_S0.npz,25,2,0,S0,4.066666666666666
clip_03062_six_S0.npz,25,2,0,S0,4.066666666666666
clip_03063_six_S0.npz,25,2,0,S0,4.066666666666666
clip_03064_six_S0.npz,25,2,0,S0,4.066666666666666
clip_03065_six_S0.npz,25,2,0,S0,4.066666666666666
clip_03066_six_S1.npz,25,2,0,S1,4.066666666666666
clip_03068_six_S1.npz,25,2,1,S1,4.066666666666666
clip_03069_six_S1.npz,25,2,0,S1,4.066666666666666
clip_03070_six_S1.npz,25,2,1,S1,4.066666666666666
clip_03071_six_S1.npz,25,2,1,S1,4.066666666666666
clip_03073_six_S2.npz,25,2,1,S2,4.066666666666666
clip_03074_six_S2.npz,25,2,1,S2,4.066666666666666
clip_03075_six_S2.npz,25,2,1,S2,4.066666666666666
clip_03076_six_S2.npz,25,2,0,S2,4.066666666666666
clip_03077_six_S3.npz,25,2,0,S3,4.05
clip_03078_six_S3.npz,25,2,0,S3,4.05
clip_03079_six_S3.npz,25,2,0,S3,4.05
clip_03080_six_S3.npz,25,2,0,S3,4.05
clip_03081_six_S3.npz,25,2,0,S3,4.05
clip_03179_seven_S0.npz,26,2,0,S0,4.05
clip_03182_seven_S0.npz,26,2,1,S0,4.05
clip_03183_seven_S0.npz,26,2,0,S0,4.05
clip_03185_seven_S2.npz,26,2,0,S2,4.066666666666666
clip_03186_seven_S2.npz,26,2,0,S2,4.05
clip_03187_seven_S2.npz,26,2,0,S2,4.05
clip_03188_seven_S2.npz,26,2,0,S2,4.05
clip_03189_seven_S3.npz,26,2,1,S3,4.05
clip_03190_seven_S3.npz,26,2,1,S3,4.05
clip_03191_seven_S3.npz,26,2,1,S3,4.05
clip_03193_seven_S3.npz,26,2,1,S3,4.05
clip_03291_eight_S0.npz,27,2,0,S0,4.05
clip_03292_eight_S0.npz,27,2,0,S0,4.05
clip_03293_eight_S0.npz,27,2,0,S0,4.05
clip_03294_eight_S0.npz,27,2,0,S0,4.05
clip_03296_eight_S0.npz,27,2,0,S0,4.05
clip_03297_eight_S1.npz,27,2,1,S1,4.05
clip_03298_eight_S1.npz,27,2,1,S1,4.05
clip_03299_eight_S1.npz,27,2,1,S1,4.05
clip_03300_eight_S2.npz,27,2,0,S2,4.05
clip_03301_eight_S2.npz,27,2,1,S2,4.05
clip_03302_eight_S2.npz,27,2,0,S2,4.05
clip_03303_eight_S2.npz,27,2,0,S2,4.05
clip_03305_eight_S3.npz,27,2,0,S3,4.05
clip_03306_eight_S3.npz,27,2,1,S3,4.05
clip_03307_eight_S3.npz,27,2,1,S3,4.05
clip_03308_eight_S3.npz,27,2,1,S3,4.05
clip_03309_eight_S3.npz,27,2,0,S3,4.05
clip_03403_nine_S0.npz,28,2,0,S0,4.05
clip_03404_nine_S0.npz,28,2,0,S0,4.05
clip_03405_nine_S0.npz,28,2,0,S0,4.05
clip_03406_nine_S1.npz,28,2,1,S1,4.05
clip_03407_nine_S1.npz,28,2,1,S1,4.05
clip_03409_nine_S1.npz,28,2,1,S1,4.05
clip_03412_nine_S2.npz,28,2,0,S2,4.05
clip_03413_nine_S2.npz,28,2,0,S2,4.05
clip_03414_nine_S2.npz,28,2,0,S2,4.05
clip_03415_nine_S2.npz,28,2,0,S2,4.05
clip_03417_nine_S3.npz,28,2,0,S3,4.05
clip_03419_nine_S3.npz,28,2,0,S3,4.05
clip_03420_nine_S3.npz,28,2,0,S3,4.05
clip_03516_ten_S0.npz,29,2,0,S0,4.05
clip_03517_ten_S0.npz,29,2,1,S0,4.05
clip_03518_ten_S0.npz,29,2,1,S0,4.05
clip_03519_ten_S0.npz,29,2,1,S0,4.05
clip_03520_ten_S0.npz,29,2,1,S0,4.05
clip_03521_ten_S1.npz,29,2,1,S1,4.05
clip_03522_ten_S1.npz,29,2,1,S1,4.05
clip_03523_ten_S1.npz,29,2,1,S1,4.05
clip_03524_ten_S1.npz,29,2,1,S1,4.05
clip_03525_ten_S1.npz,29,2,1,S1,4.05
clip_03526_ten_S2.npz,29,2,0,S2,4.05
clip_03527_ten_S2.npz,29,2,0,S2,4.05
clip_03528_ten_S2.npz,29,2,0,S2,4.05
clip_03530_ten_S2.npz,29,2,0,S2,4.05
clip_03531_ten_S3.npz,29,2,0,S3,4.05
clip_03534_ten_S3.npz,29,2,1,S3,4.05
clip_03535_ten_S3.npz,29,2,0,S3,4.05
clip_03632_january_S0.npz,30,3,1,S0,4.066666666666666
clip_03633_january_S0.npz,30,3,1,S0,4.066666666666666
clip_03634_january_S0.npz,30,3,1,S0,4.066666666666666
clip_03636_january_S0.npz,30,3,1,S0,4.066666666666666
clip_03637_january_S1.npz,30,3,1,S1,4.083333333333333
clip_03638_january_S1.npz,30,3,1,S1,4.083333333333333
clip_03639_january_S1.npz,30,3,1,S1,4.066666666666666
clip_03640_january_S1.npz,30,3,1,S1,4.066666666666666
clip_03641_january_S1.npz,30,3,1,S1,4.066666666666666
clip_03642_january_S2.npz,30,3,1,S2,4.066666666666666
clip_03643_january_S2.npz,30,3,0,S2,4.066666666666666
clip_03644_january_S2.npz,30,3,1,S2,4.066666666666666
clip_03645_january_S2.npz,30,3,1,S2,4.066666666666666
clip_03646_january_S2.npz,30,3,1,S2,4.066666666666666
clip_03648_january_S3.npz,30,3,1,S3,4.083333333333333
clip_03649_january_S3.npz,30,3,1,S3,4.066666666666666
clip_03650_january_S3.npz,30,3,1,S3,4.066666666666666
clip_03651_january_S3.npz,30,3,1,S3,4.066666666666666
clip_03754_february_S0.npz,31,3,1,S0,4.066666666666666
clip_03755_february_S0.npz,31,3,1,S0,4.066666666666666
clip_03756_february_S0.npz,31,3,1,S0,4.066666666666666
clip_03757_february_S0.npz,31,3,1,S0,4.066666666666666
clip_03758_february_S1.npz,31,3,1,S1,4.066666666666666
clip_03759_february_S1.npz,31,3,1,S1,4.066666666666666
clip_03760_february_S1.npz,31,3,1,S1,4.066666666666666
clip_03762_february_S1.npz,31,3,1,S1,4.066666666666666
clip_03763_february_S2.npz,31,3,1,S2,4.066666666666666
clip_03764_february_S2.npz,31,3,1,S2,4.066666666666666
clip_03765_february_S2.npz,31,3,1,S2,4.066666666666666
clip_03766_february_S2.npz,31,3,1,S2,4.066666666666666
clip_03768_february_S3.npz,31,3,1,S3,4.066666666666666
clip_03769_february_S3.npz,31,3,1,S3,4.066666666666666
clip_03771_february_S3.npz,31,3,1,S3,4.066666666666666
clip_03772_february_S3.npz,31,3,1,S3,4.066666666666666
clip_03872_march_S0.npz,32,3,1,S0,4.066666666666666
clip_03875_march_S0.npz,32,3,1,S0,4.066666666666666
clip_03877_march_S1.npz,32,3,1,S1,4.066666666666666
clip_03878_march_S1.npz,32,3,1,S1,4.066666666666666
clip_03880_march_S1.npz,32,3,1,S1,4.066666666666666
clip_03881_march_S1.npz,32,3,1,S1,4.066666666666666
clip_03882_march_S2.npz,32,3,1,S2,4.066666666666666
clip_03883_march_S2.npz,32,3,1,S2,4.066666666666666
clip_03884_march_S2.npz,32,3,1,S2,4.066666666666666
clip_03885_march_S2.npz,32,3,1,S2,4.066666666666666
clip_03886_march_S2.npz,32,3,1,S2,4.066666666666666
clip_03887_march_S3.npz,32,3,1,S3,4.066666666666666
clip_03888_march_S3.npz,32,3,1,S3,4.066666666666666
clip_03889_march_S3.npz,32,3,1,S3,4.066666666666666
clip_03890_march_S3.npz,32,3,1,S3,4.066666666666666
clip_03891_march_S3.npz,32,3,1,S3,4.066666666666666
clip_03994_april_S0.npz,33,3,1,S0,4.066666666666666
clip_03995_april_S0.npz,33,3,1,S0,4.066666666666666
clip_03996_april_S0.npz,33,3,1,S0,4.066666666666666
clip_03997_april_S0.npz,33,3,1,S0,4.066666666666666
clip_03998_april_S0.npz,33,3,1,S0,4.066666666666666
clip_04000_april_S1.npz,33,3,1,S1,4.066666666666666
clip_04001_april_S1.npz,33,3,1,S1,4.066666666666666
clip_04004_april_S2.npz,33,3,1,S2,4.066666666666666
clip_04005_april_S2.npz,33,3,1,S2,4.066666666666666
clip_04006_april_S2.npz,33,3,1,S2,4.066666666666666
clip_04008_april_S2.npz,33,3,1,S2,4.066666666666666
clip_04010_april_S3.npz,33,3,1,S3,4.066666666666666
clip_04011_april_S3.npz,33,3,1,S3,4.066666666666666
clip_04013_april_S3.npz,33,3,1,S3,4.066666666666666
clip_04133_may_S0.npz,34,3,1,S0,4.066666666666666
clip_04135_may_S0.npz,34,3,1,S0,4.066666666666666
clip_04136_may_S0.npz,34,3,1,S0,4.066666666666666
clip_04137_may_S0.npz,34,3,1,S0,4.066666666666666
clip_04138_may_S1.npz,34,3,1,S1,4.066666666666666
clip_04141_may_S1.npz,34,3,1,S1,4.066666666666666
clip_04144_may_S2.npz,34,3,1,S2,4.066666666666666
clip_04145_may_S2.npz,34,3,1,S2,4.066666666666666
clip_04146_may_S2.npz,34,3,1,S2,4.066666666666666
clip_04147_may_S2.npz,34,3,1,S2,4.066666666666666
clip_04148_may_S3.npz,34,3,1,S3,4.066666666666666
clip_04150_may_S3.npz,34,3,1,S3,4.066666666666666
clip_04151_may_S3.npz,34,3,1,S3,4.066666666666666
clip_04266_june_S0.npz,35,3,1,S0,4.066666666666666
clip_04267_june_S0.npz,35,3,1,S0,4.066666666666666
clip_04268_june_S0.npz,35,3,1,S0,4.066666666666666
clip_04269_june_S0.npz,35,3,1,S0,4.05
clip_04273_june_S1.npz,35,3,1,S1,4.066666666666666
clip_04274_june_S1.npz,35,3,1,S1,4.066666666666666
clip_04275_june_S1.npz,35,3,1,S1,4.066666666666666
clip_04276_june_S2.npz,35,3,1,S2,4.066666666666666
clip_04277_june_S2.npz,35,3,1,S2,4.066666666666666
clip_04278_june_S2.npz,35,3,1,S2,4.066666666666666
clip_04280_june_S2.npz,35,3,1,S2,4.05
clip_04283_june_S3.npz,35,3,1,S3,4.066666666666666
clip_04284_june_S3.npz,35,3,1,S3,4.066666666666666
clip_04285_june_S3.npz,35,3,1,S3,4.066666666666666
clip_04388_july_S0.npz,36,3,1,S0,4.05
clip_04389_july_S0.npz,36,3,1,S0,4.05
clip_04390_july_S0.npz,36,3,1,S0,4.05
clip_04391_july_S0.npz,36,3,1,S0,4.05
clip_04392_july_S0.npz,36,3,1,S0,4.05
clip_04393_july_S0.npz,36,3,1,S0,4.05
clip_04394_july_S1.npz,36,3,1,S1,4.066666666666666
clip_04395_july_S1.npz,36,3,1,S1,4.066666666666666
clip_04396_july_S1.npz,36,3,1,S1,4.066666666666666
clip_04397_july_S1.npz,36,3,1,S1,4.05
clip_04398_july_S1.npz,36,3,1,S1,4.05
clip_04399_july_S2.npz,36,3,1,S2,4.05
clip_04400_july_S2.npz,36,3,1,S2,4.05
clip_04401_july_S2.npz,36,3,1,S2,4.05
clip_04402_july_S2.npz,36,3,1,S2,4.05
clip_04403_july_S2.npz,36,3,1,S2,4.05
clip_04405_july_S3.npz,36,3,1,S3,4.05
clip_04406_july_S3.npz,36,3,1,S3,4.05
clip_04408_july_S3.npz,36,3,1,S3,4.05
clip_04511_august_S0.npz,37,3,1,S0,4.05
clip_04512_august_S0.npz,37,3,1,S0,4.05
clip_04513_august_S0.npz,37,3,1,S0,4.05
clip_04515_august_S0.npz,37,3,1,S0,4.05
clip_04516_august_S0.npz,37,3,1,S0,4.05
clip_04517_august_S0.npz,37,3,1,S0,4.05
clip_04518_august_S1.npz,37,3,1,S1,4.05
clip_04519_august_S1.npz,37,3,1,S1,4.05
clip_04520_august_S1.npz,37,3,1,S1,4.05
clip_04521_august_S1.npz,37,3,1,S1,4.05
clip_04522_august_S1.npz,37,3,1,S1,4.05
clip_04523_august_S2.npz,37,3,1,S2,4.05
clip_04524_august_S2.npz,37,3,1,S2,4.05
clip_04525_august_S2.npz,37,3,1,S2,4.05
clip_04526_august_S2.npz,37,3,1,S2,4.05
clip_04527_august_S2.npz,37,3,1,S2,4.05
clip_04528_august_S3.npz,37,3,1,S3,4.05
clip_04530_august_S3.npz,37,3,1,S3,4.05
clip_04531_august_S3.npz,37,3,1,S3,4.05
clip_04532_august_S3.npz,37,3,1,S3,4.05
clip_04533_august_S3.npz,37,3,1,S3,4.05
clip_04633_september_S0.npz,38,3,1,S0,4.05
clip_04634_september_S0.npz,38,3,1,S0,4.05
clip_04635_september_S0.npz,38,3,1,S0,4.05
clip_04636_september_S0.npz,38,3,1,S0,4.05
clip_04637_september_S1.npz,38,3,1,S1,4.05
clip_04638_september_S1.npz,38,3,1,S1,4.05
clip_04639_september_S1.npz,38,3,1,S1,4.05
clip_04640_september_S1.npz,38,3,1,S1,4.05
clip_04641_september_S1.npz,38,3,1,S1,4.05
clip_04642_september_S2.npz,38,3,0,S2,4.05
clip_04643_september_S2.npz,38,3,0,S2,4.05
clip_04645_september_S2.npz,38,3,1,S2,4.05
clip_04646_september_S2.npz,38,3,1,S2,4.05
clip_04647_september_S3.npz,38,3,1,S3,4.05
clip_04648_september_S3.npz,38,3,1,S3,4.05
clip_04649_september_S3.npz,38,3,1,S3,4.05
clip_04650_september_S3.npz,38,3,1,S3,4.05
clip_04651_september_S3.npz,38,3,1,S3,4.05
clip_04758_october_S0.npz,39,3,1,S0,4.05
clip_04760_october_S0.npz,39,3,1,S0,4.05
clip_04761_october_S1.npz,39,3,1,S1,4.05
clip_04762_october_S1.npz,39,3,1,S1,4.05
clip_04763_october_S1.npz,39,3,1,S1,4.05
clip_04764_october_S1.npz,39,3,1,S1,4.05
clip_04765_october_S1.npz,39,3,1,S1,4.05
clip_04766_october_S2.npz,39,3,1,S2,4.05
clip_04768_october_S2.npz,39,3,0,S2,4.05
clip_04769_october_S2.npz,39,3,1,S2,4.05
clip_04770_october_S2.npz,39,3,1,S2,4.05
clip_04771_october_S3.npz,39,3,1,S3,4.05
clip_04772_october_S3.npz,39,3,1,S3,4.05
clip_04773_october_S3.npz,39,3,1,S3,4.05
clip_04775_october_S3.npz,39,3,1,S3,4.05
clip_04882_november_S0.npz,40,3,1,S0,4.05
clip_04883_november_S0.npz,40,3,1,S0,4.05
clip_04885_november_S0.npz,40,3,1,S0,4.033333333333333
clip_04886_november_S0.npz,40,3,1,S0,4.033333333333333
clip_04887_november_S1.npz,40,3,1,S1,4.05
clip_04888_november_S1.npz,40,3,1,S1,4.05
clip_04889_november_S1.npz,40,3,1,S1,4.05
clip_04890_november_S1.npz,40,3,1,S1,4.05
clip_04891_november_S1.npz,40,3,1,S1,4.05
clip_04893_november_S2.npz,40,3,1,S2,4.05
clip_04894_november_S2.npz,40,3,1,S2,4.05
clip_04895_november_S2.npz,40,3,1,S2,4.05
clip_04896_november_S2.npz,40,3,1,S2,4.05
clip_04897_november_S3.npz,40,3,1,S3,4.05
clip_04898_november_S3.npz,40,3,1,S3,4.05
clip_04899_november_S3.npz,40,3,1,S3,4.05
clip_04900_november_S3.npz,40,3,1,S3,4.05
clip_04901_november_S3.npz,40,3,1,S3,4.05
clip_04902_november_S3.npz,40,3,1,S3,4.05
clip_05002_december_S0.npz,41,3,1,S0,4.033333333333333
clip_05003_december_S0.npz,41,3,1,S0,4.033333333333333
clip_05004_december_S0.npz,41,3,1,S0,4.033333333333333
clip_05005_december_S0.npz,41,3,1,S0,4.033333333333333
clip_05008_december_S1.npz,41,3,1,S1,4.05
clip_05009_december_S1.npz,41,3,1,S1,4.05
clip_05010_december_S1.npz,41,3,1,S1,4.05
clip_05011_december_S1.npz,41,3,1,S1,4.05
clip_05012_december_S1.npz,41,3,1,S1,4.033333333333333
clip_05013_december_S1.npz,41,3,1,S1,4.033333333333333
clip_05015_december_S2.npz,41,3,0,S2,4.05
clip_05016_december_S2.npz,41,3,0,S2,4.05
clip_05017_december_S2.npz,41,3,0,S2,4.033333333333333
clip_05018_december_S2.npz,41,3,0,S2,4.033333333333333
clip_05019_december_S3.npz,41,3,1,S3,4.05
clip_05020_december_S3.npz,41,3,1,S3,4.05
clip_05021_december_S3.npz,41,3,0,S3,4.05
clip_05123_monday_S0.npz,42,4,1,S0,4.083333333333333
clip_05125_monday_S0.npz,42,4,1,S0,4.066666666666666
clip_05127_monday_S0.npz,42,4,1,S0,4.066666666666666
clip_05129_monday_S1.npz,42,4,1,S1,4.066666666666666
clip_05130_monday_S1.npz,42,4,1,S1,4.066666666666666
clip_05131_monday_S1.npz,42,4,1,S1,4.066666666666666
clip_05132_monday_S1.npz,42,4,1,S1,4.066666666666666
clip_05133_monday_S2.npz,42,4,0,S2,4.083333333333333
clip_05134_monday_S2.npz,42,4,0,S2,4.066666666666666
clip_05135_monday_S2.npz,42,4,1,S2,4.066666666666666
clip_05137_monday_S2.npz,42,4,0,S2,4.066666666666666
clip_05139_monday_S3.npz,42,4,1,S3,4.066666666666666
clip_05140_monday_S3.npz,42,4,1,S3,4.066666666666666
clip_05141_monday_S3.npz,42,4,1,S3,4.066666666666666
clip_05249_tuesday_S0.npz,43,4,1,S0,4.066666666666666
clip_05250_tuesday_S0.npz,43,4,1,S0,4.066666666666666
clip_05251_tuesday_S0.npz,43,4,1,S0,4.066666666666666
clip_05252_tuesday_S0.npz,43,4,1,S0,4.066666666666666
clip_05253_tuesday_S1.npz,43,4,1,S1,4.066666666666666
clip_05254_tuesday_S1.npz,43,4,1,S1,4.066666666666666
clip_05255_tuesday_S1.npz,43,4,1,S1,4.066666666666666
clip_05256_tuesday_S1.npz,43,4,1,S1,4.066666666666666
clip_05257_tuesday_S1.npz,43,4,1,S1,4.066666666666666
clip_05259_tuesday_S2.npz,43,4,1,S2,4.066666666666666
clip_05260_tuesday_S2.npz,43,4,1,S2,4.066666666666666
clip_05261_tuesday_S2.npz,43,4,1,S2,4.066666666666666
clip_05262_tuesday_S2.npz,43,4,1,S2,4.066666666666666
clip_05263_tuesday_S3.npz,43,4,1,S3,4.066666666666666
clip_05265_tuesday_S3.npz,43,4,1,S3,4.066666666666666
clip_05266_tuesday_S3.npz,43,4,1,S3,4.066666666666666
clip_05370_wednesday_S0.npz,44,4,1,S0,4.066666666666666
clip_05372_wednesday_S0.npz,44,4,1,S0,4.066666666666666
clip_05373_wednesday_S0.npz,44,4,1,S0,4.066666666666666
clip_05374_wednesday_S0.npz,44,4,1,S0,4.066666666666666
clip_05378_wednesday_S1.npz,44,4,1,S1,4.066666666666666
clip_05379_wednesday_S1.npz,44,4,1,S1,4.066666666666666
clip_05380_wednesday_S2.npz,44,4,1,S2,4.066666666666666
clip_05381_wednesday_S2.npz,44,4,1,S2,4.066666666666666
clip_05382_wednesday_S2.npz,44,4,1,S2,4.066666666666666
clip_05383_wednesday_S2.npz,44,4,1,S2,4.066666666666666
clip_05384_wednesday_S2.npz,44,4,1,S2,4.066666666666666
clip_05386_wednesday_S3.npz,44,4,1,S3,4.066666666666666
clip_05387_wednesday_S3.npz,44,4,1,S3,4.066666666666666
clip_05388_wednesday_S3.npz,44,4,1,S3,4.066666666666666
clip_05492_thursday_S0.npz,45,4,1,S0,4.066666666666666
clip_05493_thursday_S0.npz,45,4,1,S0,4.066666666666666
clip_05494_thursday_S0.npz,45,4,1,S0,4.066666666666666
clip_05495_thursday_S0.npz,45,4,1,S0,4.066666666666666
clip_05496_thursday_S0.npz,45,4,1,S0,4.066666666666666
clip_05497_thursday_S1.npz,45,4,1,S1,4.066666666666666
clip_05498_thursday_S1.npz,45,4,1,S1,4.066666666666666
clip_05499_thursday_S1.npz,45,4,1,S1,4.066666666666666
clip_05500_thursday_S1.npz,45,4,1,S1,4.066666666666666
clip_05501_thursday_S1.npz,45,4,1,S1,4.066666666666666
clip_05502_thursday_S2.npz,45,4,1,S2,4.066666666666666
clip_05503_thursday_S2.npz,45,4,1,S2,4.066666666666666
clip_05504_thursday_S2.npz,45,4,1,S2,4.066666666666666
clip_05505_thursday_S2.npz,45,4,1,S2,4.066666666666666
clip_05506_thursday_S2.npz,45,4,1,S2,4.066666666666666
clip_05507_thursday_S3.npz,45,4,0,S3,4.066666666666666
clip_05509_thursday_S3.npz,45,4,1,S3,4.066666666666666
clip_05510_thursday_S3.npz,45,4,1,S3,4.066666666666666
clip_05618_friday_S0.npz,46,4,1,S0,4.066666666666666
clip_05619_friday_S0.npz,46,4,1,S0,4.066666666666666
clip_05620_friday_S0.npz,46,4,1,S0,4.066666666666666
clip_05621_friday_S0.npz,46,4,1,S0,4.066666666666666
clip_05622_friday_S0.npz,46,4,1,S0,4.066666666666666
clip_05623_friday_S1.npz,46,4,1,S1,4.066666666666666
clip_05624_friday_S1.npz,46,4,1,S1,4.066666666666666
clip_05625_friday_S1.npz,46,4,1,S1,4.066666666666666
clip_05628_friday_S2.npz,46,4,1,S2,4.066666666666666
clip_05630_friday_S2.npz,46,4,1,S2,4.066666666666666
clip_05631_friday_S2.npz,46,4,1,S2,4.066666666666666
clip_05632_friday_S2.npz,46,4,1,S2,4.066666666666666
clip_05633_friday_S3.npz,46,4,0,S3,4.066666666666666
clip_05634_friday_S3.npz,46,4,1,S3,4.066666666666666
clip_05635_friday_S3.npz,46,4,1,S3,4.066666666666666
clip_05636_friday_S3.npz,46,4,1,S3,4.066666666666666
clip_05637_friday_S3.npz,46,4,0,S3,4.066666666666666
clip_05739_saturday_S0.npz,47,4,0,S0,4.066666666666666
clip_05740_saturday_S0.npz,47,4,1,S0,4.066666666666666
clip_05741_saturday_S0.npz,47,4,1,S0,4.066666666666666
clip_05742_saturday_S0.npz,47,4,1,S0,4.05
clip_05743_saturday_S0.npz,47,4,1,S0,4.05
clip_05744_saturday_S1.npz,47,4,1,S1,4.05
clip_05745_saturday_S1.npz,47,4,1,S1,4.05
clip_05748_saturday_S1.npz,47,4,1,S1,4.05
clip_05749_saturday_S2.npz,47,4,0,S2,4.066666666666666
clip_05751_saturday_S2.npz,47,4,0,S2,4.066666666666666
clip_05752_saturday_S2.npz,47,4,1,S2,4.066666666666666
clip_05753_saturday_S2.npz,47,4,0,S2,4.05
clip_05754_saturday_S3.npz,47,4,0,S3,4.05
clip_05755_saturday_S3.npz,47,4,0,S3,4.05
clip_05757_saturday_S3.npz,47,4,0,S3,4.05
clip_05758_saturday_S3.npz,47,4,0,S3,4.05
clip_05860_sunday_S0.npz,48,4,1,S0,4.05
clip_05861_sunday_S0.npz,48,4,1,S0,4.05
clip_05862_sunday_S0.npz,48,4,1,S0,4.05
clip_05863_sunday_S0.npz,48,4,1,S0,4.05
clip_05864_sunday_S1.npz,48,4,1,S1,4.05
clip_05865_sunday_S1.npz,48,4,1,S1,4.05
clip_05866_sunday_S1.npz,48,4,1,S1,4.05
clip_05867_sunday_S1.npz,48,4,1,S1,4.05
clip_05869_sunday_S2.npz,48,4,1,S2,4.05
clip_05870_sunday_S2.npz,48,4,1,S2,4.05
clip_05871_sunday_S2.npz,48,4,1,S2,4.05
clip_05872_sunday_S2.npz,48,4,1,S2,4.05
clip_05874_sunday_S3.npz,48,4,1,S3,4.05
clip_05875_sunday_S3.npz,48,4,1,S3,4.05
clip_05876_sunday_S3.npz,48,4,1,S3,4.05
clip_05877_sunday_S3.npz,48,4,1,S3,4.05
clip_05878_sunday_S3.npz,48,4,1,S3,4.05
clip_05981_today_S0.npz,49,4,0,S0,4.05
clip_05982_today_S0.npz,49,4,0,S0,4.05
clip_05983_today_S0.npz,49,4,0,S0,4.05
clip_05984_today_S0.npz,49,4,0,S0,4.05
clip_05985_today_S0.npz,49,4,0,S0,4.05
clip_05986_today_S1.npz,49,4,0,S1,4.05
clip_05987_today_S1.npz,49,4,0,S1,4.05
clip_05988_today_S1.npz,49,4,0,S1,4.05
clip_05989_today_S1.npz,49,4,0,S1,4.05
clip_05990_today_S1.npz,49,4,0,S1,4.05
clip_05991_today_S2.npz,49,4,0,S2,4.05
clip_05992_today_S2.npz,49,4,0,S2,4.05
clip_05993_today_S2.npz,49,4,0,S2,4.05
clip_05994_today_S2.npz,49,4,0,S2,4.05
clip_05995_today_S2.npz,49,4,0,S2,4.05
clip_05996_today_S3.npz,49,4,0,S3,4.05
clip_05999_today_S3.npz,49,4,0,S3,4.05
clip_06100_tomorrow_S0.npz,50,4,1,S0,4.05
clip_06101_tomorrow_S0.npz,50,4,1,S0,4.05
clip_06102_tomorrow_S0.npz,50,4,1,S0,4.05
clip_06103_tomorrow_S0.npz,50,4,1,S0,4.05
clip_06104_tomorrow_S0.npz,50,4,1,S0,4.05
clip_06105_tomorrow_S1.npz,50,4,1,S1,4.05
clip_06106_tomorrow_S1.npz,50,4,1,S1,4.05
clip_06107_tomorrow_S1.npz,50,4,1,S1,4.05
clip_06109_tomorrow_S1.npz,50,4,1,S1,4.05
clip_06110_tomorrow_S2.npz,50,4,1,S2,4.05
clip_06111_tomorrow_S2.npz,50,4,1,S2,4.05
clip_06112_tomorrow_S2.npz,50,4,1,S2,4.05
clip_06113_tomorrow_S2.npz,50,4,1,S2,4.05
clip_06114_tomorrow_S2.npz,50,4,1,S2,4.05
clip_06115_tomorrow_S2.npz,50,4,1,S2,4.05
clip_06116_tomorrow_S3.npz,50,4,1,S3,4.05
clip_06117_tomorrow_S3.npz,50,4,1,S3,4.05
clip_06118_tomorrow_S3.npz,50,4,1,S3,4.05
clip_06119_tomorrow_S3.npz,50,4,1,S3,4.05
clip_06120_tomorrow_S3.npz,50,4,1,S3,4.033333333333333
clip_06222_yesterday_S0.npz,51,4,1,S0,4.05
clip_06223_yesterday_S0.npz,51,4,1,S0,4.05
clip_06224_yesterday_S0.npz,51,4,1,S0,4.05
clip_06225_yesterday_S0.npz,51,4,1,S0,4.05
clip_06226_yesterday_S0.npz,51,4,1,S0,4.05
clip_06227_yesterday_S1.npz,51,4,1,S1,4.05
clip_06228_yesterday_S1.npz,51,4,1,S1,4.05
clip_06230_yesterday_S1.npz,51,4,1,S1,4.033333333333333
clip_06231_yesterday_S1.npz,51,4,1,S1,4.033333333333333
clip_06233_yesterday_S2.npz,51,4,0,S2,4.05
clip_06234_yesterday_S2.npz,51,4,0,S2,4.05
clip_06236_yesterday_S2.npz,51,4,0,S2,4.05
clip_06237_yesterday_S3.npz,51,4,1,S3,4.033333333333333
clip_06238_yesterday_S3.npz,51,4,1,S3,4.033333333333333
clip_06240_yesterday_S3.npz,51,4,1,S3,4.033333333333333
clip_06344_father_S0.npz,52,5,1,S0,4.083333333333333
clip_06346_father_S0.npz,52,5,1,S0,4.066666666666666
clip_06347_father_S0.npz,52,5,1,S0,4.066666666666666
clip_06348_father_S1.npz,52,5,1,S1,4.066666666666666
clip_06349_father_S1.npz,52,5,1,S1,4.066666666666666
clip_06354_father_S2.npz,52,5,1,S2,4.066666666666666
clip_06355_father_S2.npz,52,5,1,S2,4.066666666666666
clip_06356_father_S2.npz,52,5,1,S2,4.066666666666666
clip_06357_father_S2.npz,52,5,1,S2,4.066666666666666
clip_06358_father_S3.npz,52,5,1,S3,4.083333333333333
clip_06359_father_S3.npz,52,5,1,S3,4.083333333333333
clip_06360_father_S3.npz,52,5,1,S3,4.066666666666666
clip_06361_father_S3.npz,52,5,1,S3,4.066666666666666
clip_06362_father_S3.npz,52,5,1,S3,4.066666666666666
clip_06464_mother_S0.npz,53,5,1,S0,4.066666666666666
clip_06465_mother_S0.npz,53,5,1,S0,4.066666666666666
clip_06466_mother_S0.npz,53,5,1,S0,4.066666666666666
clip_06467_mother_S0.npz,53,5,1,S0,4.066666666666666
clip_06469_mother_S1.npz,53,5,1,S1,4.066666666666666
clip_06470_mother_S1.npz,53,5,1,S1,4.066666666666666
clip_06471_mother_S1.npz,53,5,1,S1,4.066666666666666
clip_06472_mother_S1.npz,53,5,1,S1,4.066666666666666
clip_06473_mother_S1.npz,53,5,1,S1,4.066666666666666
clip_06475_mother_S2.npz,53,5,1,S2,4.066666666666666
clip_06476_mother_S2.npz,53,5,1,S2,4.066666666666666
clip_06477_mother_S2.npz,53,5,1,S2,4.066666666666666
clip_06478_mother_S2.npz,53,5,1,S2,4.066666666666666
clip_06479_mother_S3.npz,53,5,1,S3,4.066666666666666
clip_06480_mother_S3.npz,53,5,1,S3,4.066666666666666
clip_06481_mother_S3.npz,53,5,1,S3,4.066666666666666
clip_06584_son_S0.npz,54,5,1,S0,4.066666666666666
clip_06585_son_S0.npz,54,5,1,S0,4.066666666666666
clip_06586_son_S0.npz,54,5,1,S0,4.066666666666666
clip_06587_son_S0.npz,54,5,1,S0,4.066666666666666
clip_06589_son_S1.npz,54,5,1,S1,4.066666666666666
clip_06590_son_S1.npz,54,5,1,S1,4.066666666666666
clip_06592_son_S1.npz,54,5,1,S1,4.066666666666666
clip_06593_son_S1.npz,54,5,1,S1,4.066666666666666
clip_06594_son_S2.npz,54,5,1,S2,4.066666666666666
clip_06596_son_S2.npz,54,5,1,S2,4.066666666666666
clip_06598_son_S2.npz,54,5,1,S2,4.066666666666666
clip_06599_son_S3.npz,54,5,1,S3,4.066666666666666
clip_06600_son_S3.npz,54,5,1,S3,4.066666666666666
clip_06601_son_S3.npz,54,5,1,S3,4.066666666666666
clip_06602_son_S3.npz,54,5,1,S3,4.066666666666666
clip_06603_son_S3.npz,54,5,1,S3,4.066666666666666
clip_06707_daughter_S0.npz,55,5,1,S0,4.066666666666666
clip_06708_daughter_S0.npz,55,5,1,S0,4.066666666666666
clip_06709_daughter_S0.npz,55,5,1,S0,4.066666666666666
clip_06710_daughter_S0.npz,55,5,1,S0,4.066666666666666
clip_06711_daughter_S1.npz,55,5,1,S1,4.066666666666666
clip_06712_daughter_S1.npz,55,5,1,S1,4.066666666666666
clip_06713_daughter_S1.npz,55,5,1,S1,4.066666666666666
clip_06715_daughter_S1.npz,55,5,1,S1,4.066666666666666
clip_06716_daughter_S2.npz,55,5,1,S2,4.066666666666666
clip_06717_daughter_S2.npz,55,5,1,S2,4.066666666666666
clip_06718_daughter_S2.npz,55,5,1,S2,4.066666666666666
clip_06719_daughter_S2.npz,55,5,1,S2,4.066666666666666
clip_06720_daughter_S2.npz,55,5,1,S2,4.066666666666666
clip_06721_daughter_S3.npz,55,5,1,S3,4.066666666666666
clip_06722_daughter_S3.npz,55,5,1,S3,4.066666666666666
clip_06723_daughter_S3.npz,55,5,1,S3,4.066666666666666
clip_06724_daughter_S3.npz,55,5,1,S3,4.066666666666666
clip_06725_daughter_S3.npz,55,5,1,S3,4.066666666666666
clip_06836_grandfather_S0.npz,56,5,1,S0,4.066666666666666
clip_06837_grandfather_S0.npz,56,5,1,S0,4.066666666666666
clip_06838_grandfather_S0.npz,56,5,1,S0,4.066666666666666
clip_06839_grandfather_S0.npz,56,5,1,S0,4.066666666666666
clip_06840_grandfather_S0.npz,56,5,1,S0,4.066666666666666
clip_06841_grandfather_S1.npz,56,5,1,S1,4.066666666666666
clip_06842_grandfather_S1.npz,56,5,1,S1,4.066666666666666
clip_06843_grandfather_S1.npz,56,5,1,S1,4.05
clip_06844_grandfather_S2.npz,56,5,1,S2,4.066666666666666
clip_06845_grandfather_S2.npz,56,5,1,S2,4.066666666666666
clip_06847_grandfather_S2.npz,56,5,1,S2,4.066666666666666
clip_06848_grandfather_S2.npz,56,5,1,S2,4.066666666666666
clip_06849_grandfather_S3.npz,56,5,1,S3,4.066666666666666
clip_06850_grandfather_S3.npz,56,5,1,S3,4.066666666666666
clip_06851_grandfather_S3.npz,56,5,1,S3,4.066666666666666
clip_06852_grandfather_S3.npz,56,5,1,S3,4.066666666666666
clip_06853_grandfather_S3.npz,56,5,1,S3,4.066666666666666
clip_06960_grandmother_S0.npz,57,5,1,S0,4.066666666666666
clip_06961_grandmother_S0.npz,57,5,1,S0,4.066666666666666
clip_06962_grandmother_S0.npz,57,5,1,S0,4.066666666666666
clip_06963_grandmother_S0.npz,57,5,1,S0,4.066666666666666
clip_06964_grandmother_S0.npz,57,5,1,S0,4.066666666666666
clip_06965_grandmother_S1.npz,57,5,1,S1,4.05
clip_06966_grandmother_S1.npz,57,5,1,S1,4.05
clip_06967_grandmother_S1.npz,57,5,1,S1,4.05
clip_06968_grandmother_S1.npz,57,5,1,S1,4.05
clip_06969_grandmother_S1.npz,57,5,1,S1,4.05
clip_06970_grandmother_S1.npz,57,5,1,S1,4.05
clip_06971_grandmother_S2.npz,57,5,1,S2,4.066666666666666
clip_06972_grandmother_S2.npz,57,5,1,S2,4.066666666666666
clip_06973_grandmother_S2.npz,57,5,1,S2,4.066666666666666
clip_06974_grandmother_S2.npz,57,5,0,S2,4.066666666666666
clip_06975_grandmother_S2.npz,57,5,0,S2,4.066666666666666
clip_06976_grandmother_S3.npz,57,5,1,S3,4.066666666666666
clip_06977_grandmother_S3.npz,57,5,1,S3,4.066666666666666
clip_06978_grandmother_S3.npz,57,5,1,S3,4.066666666666666
clip_07082_uncle_S0.npz,58,5,0,S0,4.066666666666666
clip_07084_uncle_S0.npz,58,5,0,S0,4.05
clip_07085_uncle_S0.npz,58,5,1,S0,4.05
clip_07086_uncle_S0.npz,58,5,0,S0,4.05
clip_07088_uncle_S1.npz,58,5,0,S1,4.05
clip_07089_uncle_S1.npz,58,5,0,S1,4.05
clip_07090_uncle_S1.npz,58,5,1,S1,4.05
clip_07091_uncle_S1.npz,58,5,1,S1,4.05
clip_07093_uncle_S1.npz,58,5,0,S1,4.05
clip_07094_uncle_S1.npz,58,5,0,S1,4.05
clip_07095_uncle_S1.npz,58,5,1,S1,4.05
clip_07096_uncle_S1.npz,58,5,1,S1,4.05
clip_07097_uncle_S2.npz,58,5,0,S2,4.05
clip_07098_uncle_S2.npz,58,5,0,S2,4.05
clip_07099_uncle_S2.npz,58,5,0,S2,4.05
clip_07100_uncle_S2.npz,58,5,0,S2,4.05
clip_07101_uncle_S2.npz,58,5,0,S2,4.05
clip_07102_uncle_S3.npz,58,5,0,S3,4.05
clip_07104_uncle_S3.npz,58,5,0,S3,4.05
clip_07208_auntie_S0.npz,59,5,0,S0,4.05
clip_07209_auntie_S0.npz,59,5,0,S0,4.05
clip_07210_auntie_S0.npz,59,5,0,S0,4.05
clip_07211_auntie_S0.npz,59,5,0,S0,4.05
clip_07212_auntie_S0.npz,59,5,0,S0,4.05
clip_07213_auntie_S1.npz,59,5,0,S1,4.05
clip_07214_auntie_S1.npz,59,5,0,S1,4.05
clip_07215_auntie_S1.npz,59,5,0,S1,4.05
clip_07216_auntie_S1.npz,59,5,0,S1,4.05
clip_07217_auntie_S1.npz,59,5,0,S1,4.05
clip_07218_auntie_S2.npz,59,5,0,S2,4.05
clip_07219_auntie_S2.npz,59,5,0,S2,4.05
clip_07220_auntie_S2.npz,59,5,0,S2,4.05
clip_07222_auntie_S2.npz,59,5,0,S2,4.05
clip_07223_auntie_S3.npz,59,5,0,S3,4.05
clip_07224_auntie_S3.npz,59,5,0,S3,4.05
clip_07226_auntie_S3.npz,59,5,0,S3,4.05
clip_07227_auntie_S3.npz,59,5,0,S3,4.05
clip_07329_cousin_S0.npz,60,5,1,S0,4.05
clip_07330_cousin_S0.npz,60,5,1,S0,4.05
clip_07331_cousin_S0.npz,60,5,0,S0,4.05
clip_07332_cousin_S0.npz,60,5,0,S0,4.05
clip_07334_cousin_S1.npz,60,5,0,S1,4.05
clip_07335_cousin_S1.npz,60,5,0,S1,4.05
clip_07337_cousin_S2.npz,60,5,0,S2,4.05
clip_07338_cousin_S2.npz,60,5,0,S2,4.05
clip_07339_cousin_S2.npz,60,5,0,S2,4.05
clip_07341_cousin_S2.npz,60,5,0,S2,4.05
clip_07342_cousin_S3.npz,60,5,0,S3,4.05
clip_07343_cousin_S3.npz,60,5,0,S3,4.05
clip_07344_cousin_S3.npz,60,5,0,S3,4.05
clip_07345_cousin_S3.npz,60,5,0,S3,4.05
clip_07346_cousin_S3.npz,60,5,0,S3,4.05
clip_07347_cousin_S3.npz,60,5,0,S3,4.05
clip_07449_parents_S0.npz,61,5,1,S0,4.05
clip_07450_parents_S0.npz,61,5,1,S0,4.05
clip_07451_parents_S0.npz,61,5,1,S0,4.05
clip_07452_parents_S0.npz,61,5,1,S0,4.05
clip_07453_parents_S2.npz,61,5,1,S2,4.05
clip_07454_parents_S2.npz,61,5,1,S2,4.05
clip_07456_parents_S2.npz,61,5,1,S2,4.05
clip_07457_parents_S2.npz,61,5,1,S2,4.05
clip_07458_parents_S3.npz,61,5,1,S3,4.05
clip_07460_parents_S3.npz,61,5,1,S3,4.05
clip_07462_parents_S3.npz,61,5,1,S3,4.05
clip_07565_boy_S0.npz,62,6,1,S0,4.066666666666666
clip_07566_boy_S0.npz,62,6,1,S0,4.066666666666666
clip_07567_boy_S0.npz,62,6,1,S0,4.066666666666666
clip_07568_boy_S0.npz,62,6,1,S0,4.066666666666666
clip_07569_boy_S0.npz,62,6,1,S0,4.066666666666666
clip_07570_boy_S1.npz,62,6,1,S1,4.083333333333333
clip_07571_boy_S1.npz,62,6,1,S1,4.083333333333333
clip_07572_boy_S1.npz,62,6,1,S1,4.066666666666666
clip_07573_boy_S1.npz,62,6,1,S1,4.066666666666666
clip_07574_boy_S1.npz,62,6,1,S1,4.066666666666666
clip_07576_boy_S2.npz,62,6,1,S2,4.083333333333333
clip_07578_boy_S2.npz,62,6,1,S2,4.066666666666666
clip_07580_boy_S2.npz,62,6,1,S2,4.066666666666666
clip_07581_boy_S3.npz,62,6,1,S3,4.083333333333333
clip_07582_boy_S3.npz,62,6,1,S3,4.066666666666666
clip_07583_boy_S3.npz,62,6,1,S3,4.066666666666666
clip_07584_boy_S3.npz,62,6,1,S3,4.066666666666666
clip_07585_boy_S3.npz,62,6,1,S3,4.066666666666666
clip_07690_girl_S0.npz,63,6,1,S0,4.066666666666666
clip_07691_girl_S0.npz,63,6,1,S0,4.066666666666666
clip_07692_girl_S0.npz,63,6,1,S0,4.066666666666666
clip_07693_girl_S0.npz,63,6,1,S0,4.066666666666666
clip_07694_girl_S1.npz,63,6,1,S1,4.066666666666666
clip_07696_girl_S1.npz,63,6,1,S1,4.066666666666666
clip_07697_girl_S1.npz,63,6,1,S1,4.066666666666666
clip_07698_girl_S1.npz,63,6,1,S1,4.066666666666666
clip_07699_girl_S2.npz,63,6,1,S2,4.066666666666666
clip_07701_girl_S2.npz,63,6,1,S2,4.066666666666666
clip_07702_girl_S2.npz,63,6,1,S2,4.066666666666666
clip_07703_girl_S2.npz,63,6,1,S2,4.066666666666666
clip_07704_girl_S3.npz,63,6,0,S3,4.066666666666666
clip_07705_girl_S3.npz,63,6,1,S3,4.066666666666666
clip_07706_girl_S3.npz,63,6,1,S3,4.066666666666666
clip_07707_girl_S3.npz,63,6,1,S3,4.066666666666666
clip_07818_man_S0.npz,64,6,1,S0,4.066666666666666
clip_07820_man_S0.npz,64,6,1,S0,4.066666666666666
clip_07823_man_S1.npz,64,6,1,S1,4.066666666666666
clip_07824_man_S1.npz,64,6,1,S1,4.066666666666666
clip_07825_man_S1.npz,64,6,1,S1,4.066666666666666
clip_07826_man_S1.npz,64,6,1,S1,4.066666666666666
clip_07827_man_S1.npz,64,6,1,S1,4.066666666666666
clip_07828_man_S2.npz,64,6,1,S2,4.066666666666666
clip_07830_man_S2.npz,64,6,1,S2,4.066666666666666
clip_07831_man_S2.npz,64,6,1,S2,4.066666666666666
clip_07835_man_S3.npz,64,6,1,S3,4.066666666666666
clip_07836_man_S3.npz,64,6,1,S3,4.066666666666666
clip_07837_man_S3.npz,64,6,1,S3,4.066666666666666
clip_07939_woman_S0.npz,65,6,1,S0,4.066666666666666
clip_07940_woman_S0.npz,65,6,1,S0,4.066666666666666
clip_07941_woman_S0.npz,65,6,1,S0,4.066666666666666
clip_07942_woman_S0.npz,65,6,1,S0,4.066666666666666
clip_07943_woman_S1.npz,65,6,1,S1,4.066666666666666
clip_07944_woman_S1.npz,65,6,1,S1,4.066666666666666
clip_07946_woman_S1.npz,65,6,1,S1,4.066666666666666
clip_07948_woman_S2.npz,65,6,1,S2,4.066666666666666
clip_07949_woman_S2.npz,65,6,1,S2,4.066666666666666
clip_07950_woman_S2.npz,65,6,1,S2,4.066666666666666
clip_07951_woman_S2.npz,65,6,1,S2,4.066666666666666
clip_07952_woman_S2.npz,65,6,1,S2,4.066666666666666
clip_07953_woman_S3.npz,65,6,1,S3,4.066666666666666
clip_07954_woman_S3.npz,65,6,1,S3,4.066666666666666
clip_07955_woman_S3.npz,65,6,1,S3,4.066666666666666
clip_07956_woman_S3.npz,65,6,1,S3,4.066666666666666
clip_07957_woman_S3.npz,65,6,1,S3,4.066666666666666
clip_08058_deaf_S0.npz,66,6,1,S0,4.066666666666666
clip_08059_deaf_S0.npz,66,6,1,S0,4.066666666666666
clip_08060_deaf_S0.npz,66,6,1,S0,4.066666666666666
clip_08061_deaf_S0.npz,66,6,1,S0,4.066666666666666
clip_08062_deaf_S0.npz,66,6,1,S0,4.066666666666666
clip_08063_deaf_S1.npz,66,6,1,S1,4.066666666666666
clip_08064_deaf_S1.npz,66,6,1,S1,4.066666666666666
clip_08065_deaf_S1.npz,66,6,1,S1,4.066666666666666
clip_08066_deaf_S1.npz,66,6,1,S1,4.066666666666666
clip_08067_deaf_S1.npz,66,6,1,S1,4.066666666666666
clip_08068_deaf_S2.npz,66,6,1,S2,4.066666666666666
clip_08069_deaf_S2.npz,66,6,1,S2,4.066666666666666
clip_08070_deaf_S2.npz,66,6,1,S2,4.066666666666666
clip_08071_deaf_S2.npz,66,6,1,S2,4.066666666666666
clip_08075_deaf_S3.npz,66,6,1,S3,4.066666666666666
clip_08076_deaf_S3.npz,66,6,1,S3,4.066666666666666
clip_08077_deaf_S3.npz,66,6,1,S3,4.066666666666666
clip_08078_deaf_S3.npz,66,6,1,S3,4.066666666666666
clip_08183_hard_of_hearing_S0.npz,67,6,0,S0,4.066666666666666
clip_08184_hard_of_hearing_S0.npz,67,6,1,S0,4.066666666666666
clip_08185_hard_of_hearing_S0.npz,67,6,0,S0,4.066666666666666
clip_08186_hard_of_hearing_S0.npz,67,6,0,S0,4.05
clip_08188_hard_of_hearing_S1.npz,67,6,1,S1,4.066666666666666
clip_08189_hard_of_hearing_S1.npz,67,6,0,S1,4.066666666666666
clip_08191_hard_of_hearing_S1.npz,67,6,1,S1,4.066666666666666
clip_08192_hard_of_hearing_S2.npz,67,6,1,S2,4.066666666666666
clip_08193_hard_of_hearing_S2.npz,67,6,1,S2,4.066666666666666
clip_08195_hard_of_hearing_S2.npz,67,6,0,S2,4.066666666666666
clip_08198_hard_of_hearing_S3.npz,67,6,0,S3,4.066666666666666
clip_08200_hard_of_hearing_S3.npz,67,6,0,S3,4.066666666666666
clip_08201_hard_of_hearing_S3.npz,67,6,0,S3,4.066666666666666
clip_08304_weelchair_person_S0.npz,68,6,0,S0,4.05
clip_08305_weelchair_person_S0.npz,68,6,0,S0,4.05
clip_08306_weelchair_person_S0.npz,68,6,0,S0,4.05
clip_08307_weelchair_person_S0.npz,68,6,0,S0,4.05
clip_08309_weelchair_person_S1.npz,68,6,0,S1,4.05
clip_08310_weelchair_person_S1.npz,68,6,0,S1,4.05
clip_08312_weelchair_person_S1.npz,68,6,0,S1,4.05
clip_08314_weelchair_person_S2.npz,68,6,0,S2,4.066666666666666
clip_08315_weelchair_person_S2.npz,68,6,0,S2,4.066666666666666
clip_08316_weelchair_person_S2.npz,68,6,0,S2,4.066666666666666
clip_08317_weelchair_person_S2.npz,68,6,0,S2,4.05
clip_08318_weelchair_person_S2.npz,68,6,0,S2,4.05
clip_08319_weelchair_person_S3.npz,68,6,0,S3,4.066666666666666
clip_08320_weelchair_person_S3.npz,68,6,0,S3,4.05
clip_08321_weelchair_person_S3.npz,68,6,0,S3,4.05
clip_08322_weelchair_person_S3.npz,68,6,0,S3,4.05
clip_08323_weelchair_person_S3.npz,68,6,0,S3,4.05
clip_08428_blind_S0.npz,69,6,1,S0,4.05
clip_08429_blind_S0.npz,69,6,1,S0,4.05
clip_08430_blind_S0.npz,69,6,1,S0,4.05
clip_08431_blind_S0.npz,69,6,1,S0,4.05
clip_08432_blind_S1.npz,69,6,1,S1,4.05
clip_08434_blind_S1.npz,69,6,1,S1,4.05
clip_08435_blind_S1.npz,69,6,1,S1,4.05
clip_08436_blind_S1.npz,69,6,1,S1,4.05
clip_08437_blind_S2.npz,69,6,1,S2,4.05
clip_08438_blind_S2.npz,69,6,1,S2,4.05
clip_08439_blind_S2.npz,69,6,1,S2,4.05
clip_08440_blind_S2.npz,69,6,1,S2,4.05
clip_08441_blind_S2.npz,69,6,1,S2,4.05
clip_08443_blind_S3.npz,69,6,1,S3,4.05
clip_08444_blind_S3.npz,69,6,1,S3,4.05
clip_08445_blind_S3.npz,69,6,1,S3,4.05
clip_08552_deaf_blind_S0.npz,70,6,1,S0,4.05
clip_08553_deaf_blind_S0.npz,70,6,1,S0,4.05
clip_08554_deaf_blind_S0.npz,70,6,1,S0,4.05
clip_08555_deaf_blind_S1.npz,70,6,1,S1,4.05
clip_08556_deaf_blind_S1.npz,70,6,1,S1,4.05
clip_08558_deaf_blind_S1.npz,70,6,1,S1,4.05
clip_08559_deaf_blind_S1.npz,70,6,1,S1,4.05
clip_08560_deaf_blind_S2.npz,70,6,1,S2,4.05
clip_08561_deaf_blind_S2.npz,70,6,1,S2,4.05
clip_08562_deaf_blind_S2.npz,70,6,1,S2,4.05
clip_08564_deaf_blind_S2.npz,70,6,1,S2,4.05
clip_08565_deaf_blind_S3.npz,70,6,1,S3,4.05
clip_08566_deaf_blind_S3.npz,70,6,1,S3,4.05
clip_08567_deaf_blind_S3.npz,70,6,1,S3,4.05
clip_08568_deaf_blind_S3.npz,70,6,1,S3,4.05
clip_08671_married_S0.npz,71,6,1,S0,4.05
clip_08672_married_S0.npz,71,6,1,S0,4.05
clip_08673_married_S0.npz,71,6,1,S0,4.05
clip_08674_married_S0.npz,71,6,1,S0,4.05
clip_08675_married_S0.npz,71,6,1,S0,4.05
clip_08676_married_S1.npz,71,6,1,S1,4.05
clip_08677_married_S1.npz,71,6,1,S1,4.05
clip_08678_married_S1.npz,71,6,1,S1,4.05
clip_08680_married_S1.npz,71,6,1,S1,4.05
clip_08681_married_S2.npz,71,6,1,S2,4.05
clip_08682_married_S2.npz,71,6,1,S2,4.05
clip_08683_married_S2.npz,71,6,1,S2,4.05
clip_08684_married_S2.npz,71,6,1,S2,4.05
clip_08686_married_S3.npz,71,6,1,S3,4.05
clip_08687_married_S3.npz,71,6,1,S3,4.05
clip_08688_married_S3.npz,71,6,1,S3,4.05
clip_08690_married_S3.npz,71,6,1,S3,4.05
clip_08792_blue_S0.npz,72,7,0,S0,4.083333333333333
clip_08793_blue_S0.npz,72,7,0,S0,4.083333333333333
clip_08794_blue_S0.npz,72,7,0,S0,4.066666666666666
clip_08795_blue_S0.npz,72,7,1,S0,4.066666666666666
clip_08797_blue_S1.npz,72,7,1,S1,4.066666666666666
clip_08798_blue_S1.npz,72,7,1,S1,4.066666666666666
clip_08799_blue_S1.npz,72,7,1,S1,4.066666666666666
clip_08801_blue_S1.npz,72,7,1,S1,4.066666666666666
clip_08802_blue_S2.npz,72,7,0,S2,4.083333333333333
clip_08804_blue_S2.npz,72,7,0,S2,4.066666666666666
clip_08805_blue_S2.npz,72,7,0,S2,4.066666666666666
clip_08806_blue_S2.npz,72,7,1,S2,4.066666666666666
clip_08807_blue_S3.npz,72,7,0,S3,4.083333333333333
clip_08808_blue_S3.npz,72,7,0,S3,4.083333333333333
clip_08809_blue_S3.npz,72,7,0,S3,4.066666666666666
clip_08810_blue_S3.npz,72,7,0,S3,4.066666666666666
clip_08913_green_S0.npz,73,7,1,S0,4.066666666666666
clip_08914_green_S0.npz,73,7,1,S0,4.066666666666666
clip_08915_green_S0.npz,73,7,1,S0,4.066666666666666
clip_08916_green_S0.npz,73,7,1,S0,4.066666666666666
clip_08917_green_S0.npz,73,7,1,S0,4.066666666666666
clip_08918_green_S1.npz,73,7,1,S1,4.066666666666666
clip_08919_green_S1.npz,73,7,1,S1,4.066666666666666
clip_08920_green_S1.npz,73,7,1,S1,4.066666666666666
clip_08921_green_S1.npz,73,7,1,S1,4.066666666666666
clip_08922_green_S1.npz,73,7,1,S1,4.066666666666666
clip_08924_green_S2.npz,73,7,1,S2,4.066666666666666
clip_08925_green_S2.npz,73,7,1,S2,4.066666666666666
clip_08926_green_S2.npz,73,7,1,S2,4.066666666666666
clip_08927_green_S2.npz,73,7,1,S2,4.066666666666666
clip_08928_green_S3.npz,73,7,0,S3,4.066666666666666
clip_08930_green_S3.npz,73,7,1,S3,4.066666666666666
clip_08931_green_S3.npz,73,7,1,S3,4.066666666666666
clip_08932_green_S3.npz,73,7,1,S3,4.066666666666666
clip_08933_green_S3.npz,73,7,1,S3,4.066666666666666
clip_09036_red_S0.npz,74,7,1,S0,4.066666666666666
clip_09038_red_S0.npz,74,7,1,S0,4.066666666666666
clip_09039_red_S0.npz,74,7,1,S0,4.066666666666666
clip_09040_red_S0.npz,74,7,1,S0,4.066666666666666
clip_09042_red_S1.npz,74,7,1,S1,4.066666666666666
clip_09043_red_S1.npz,74,7,1,S1,4.066666666666666
clip_09045_red_S1.npz,74,7,1,S1,4.066666666666666
clip_09046_red_S2.npz,74,7,1,S2,4.066666666666666
clip_09047_red_S2.npz,74,7,1,S2,4.066666666666666
clip_09048_red_S2.npz,74,7,1,S2,4.066666666666666
clip_09049_red_S2.npz,74,7,1,S2,4.066666666666666
clip_09051_red_S3.npz,74,7,1,S3,4.066666666666666
clip_09052_red_S3.npz,74,7,1,S3,4.066666666666666
clip_09053_red_S3.npz,74,7,1,S3,4.066666666666666
clip_09054_red_S3.npz,74,7,1,S3,4.066666666666666
clip_09055_red_S3.npz,74,7,1,S3,4.066666666666666
clip_09156_brown_S0.npz,75,7,1,S0,4.066666666666666
clip_09157_brown_S0.npz,75,7,1,S0,4.066666666666666
clip_09158_brown_S0.npz,75,7,1,S0,4.066666666666666
clip_09160_brown_S0.npz,75,7,1,S0,4.066666666666666
clip_09162_brown_S1.npz,75,7,1,S1,4.066666666666666
clip_09163_brown_S1.npz,75,7,1,S1,4.066666666666666
clip_09164_brown_S1.npz,75,7,1,S1,4.066666666666666
clip_09166_brown_S2.npz,75,7,0,S2,4.066666666666666
clip_09167_brown_S2.npz,75,7,0,S2,4.066666666666666
clip_09169_brown_S2.npz,75,7,0,S2,4.066666666666666
clip_09170_brown_S2.npz,75,7,0,S2,4.066666666666666
clip_09171_brown_S3.npz,75,7,1,S3,4.066666666666666
clip_09172_brown_S3.npz,75,7,1,S3,4.066666666666666
clip_09173_brown_S3.npz,75,7,1,S3,4.066666666666666
clip_09175_brown_S3.npz,75,7,1,S3,4.066666666666666
clip_09277_black_S0.npz,76,7,1,S0,4.066666666666666
clip_09278_black_S0.npz,76,7,1,S0,4.066666666666666
clip_09279_black_S0.npz,76,7,1,S0,4.066666666666666
clip_09280_black_S0.npz,76,7,1,S0,4.066666666666666
clip_09281_black_S0.npz,76,7,1,S0,4.066666666666666
clip_09284_black_S1.npz,76,7,1,S1,4.066666666666666
clip_09285_black_S1.npz,76,7,1,S1,4.066666666666666
clip_09286_black_S1.npz,76,7,1,S1,4.066666666666666
clip_09287_black_S2.npz,76,7,1,S2,4.066666666666666
clip_09288_black_S2.npz,76,7,1,S2,4.066666666666666
clip_09289_black_S2.npz,76,7,1,S2,4.066666666666666
clip_09290_black_S2.npz,76,7,1,S2,4.066666666666666
clip_09292_black_S3.npz,76,7,1,S3,4.066666666666666
clip_09293_black_S3.npz,76,7,1,S3,4.066666666666666
clip_09296_black_S3.npz,76,7,1,S3,4.066666666666666
clip_09397_white_S0.npz,77,7,1,S0,4.066666666666666
clip_09398_white_S0.npz,77,7,0,S0,4.066666666666666
clip_09399_white_S0.npz,77,7,0,S0,4.066666666666666
clip_09401_white_S0.npz,77,7,1,S0,4.066666666666666
clip_09402_white_S1.npz,77,7,0,S1,4.066666666666666
clip_09403_white_S1.npz,77,7,0,S1,4.066666666666666
clip_09404_white_S1.npz,77,7,0,S1,4.066666666666666
clip_09406_white_S1.npz,77,7,0,S1,4.066666666666666
clip_09409_white_S2.npz,77,7,0,S2,4.066666666666666
clip_09410_white_S2.npz,77,7,0,S2,4.066666666666666
clip_09411_white_S2.npz,77,7,0,S2,4.066666666666666
clip_09412_white_S3.npz,77,7,0,S3,4.066666666666666
clip_09413_white_S3.npz,77,7,1,S3,4.066666666666666
clip_09414_white_S3.npz,77,7,1,S3,4.066666666666666
clip_09415_white_S3.npz,77,7,1,S3,4.066666666666666
clip_09416_white_S3.npz,77,7,1,S3,4.066666666666666
clip_09518_yellow_S0.npz,78,7,1,S0,4.066666666666666
clip_09519_yellow_S0.npz,78,7,1,S0,4.066666666666666
clip_09520_yellow_S0.npz,78,7,1,S0,4.066666666666666
clip_09521_yellow_S0.npz,78,7,1,S0,4.066666666666666
clip_09522_yellow_S0.npz,78,7,1,S0,4.066666666666666
clip_09523_yellow_S1.npz,78,7,1,S1,4.066666666666666
clip_09525_yellow_S1.npz,78,7,1,S1,4.066666666666666
clip_09526_yellow_S1.npz,78,7,1,S1,4.066666666666666
clip_09527_yellow_S1.npz,78,7,1,S1,4.066666666666666
clip_09528_yellow_S2.npz,78,7,0,S2,4.066666666666666
clip_09529_yellow_S2.npz,78,7,1,S2,4.066666666666666
clip_09530_yellow_S2.npz,78,7,1,S2,4.066666666666666
clip_09531_yellow_S2.npz,78,7,1,S2,4.066666666666666
clip_09532_yellow_S2.npz,78,7,1,S2,4.066666666666666
clip_09533_yellow_S3.npz,78,7,0,S3,4.066666666666666
clip_09534_yellow_S3.npz,78,7,0,S3,4.066666666666666
clip_09535_yellow_S3.npz,78,7,0,S3,4.066666666666666
clip_09638_orange_S0.npz,79,7,1,S0,4.05
clip_09639_orange_S0.npz,79,7,1,S0,4.05
clip_09641_orange_S0.npz,79,7,1,S0,4.05
clip_09642_orange_S0.npz,79,7,1,S0,4.05
clip_09643_orange_S1.npz,79,7,1,S1,4.066666666666666
clip_09644_orange_S1.npz,79,7,1,S1,4.066666666666666
clip_09646_orange_S1.npz,79,7,1,S1,4.05
clip_09647_orange_S1.npz,79,7,1,S1,4.05
clip_09649_orange_S2.npz,79,7,1,S2,4.05
clip_09650_orange_S2.npz,79,7,1,S2,4.05
clip_09651_orange_S2.npz,79,7,1,S2,4.05
clip_09654_orange_S3.npz,79,7,0,S3,4.066666666666666
clip_09655_orange_S3.npz,79,7,0,S3,4.066666666666666
clip_09656_orange_S3.npz,79,7,0,S3,4.066666666666666
clip_09657_orange_S3.npz,79,7,0,S3,4.05
clip_09758_gray_S0.npz,80,7,1,S0,4.05
clip_09759_gray_S0.npz,80,7,0,S0,4.05
clip_09760_gray_S0.npz,80,7,1,S0,4.05
clip_09761_gray_S0.npz,80,7,0,S0,4.05
clip_09762_gray_S1.npz,80,7,1,S1,4.05
clip_09766_gray_S1.npz,80,7,0,S1,4.05
clip_09768_gray_S2.npz,80,7,0,S2,4.05
clip_09769_gray_S2.npz,80,7,0,S2,4.05
clip_09770_gray_S2.npz,80,7,0,S2,4.05
clip_09771_gray_S2.npz,80,7,0,S2,4.05
clip_09772_gray_S3.npz,80,7,0,S3,4.05
clip_09773_gray_S3.npz,80,7,1,S3,4.05
clip_09775_gray_S3.npz,80,7,1,S3,4.05
clip_09776_gray_S3.npz,80,7,1,S3,4.05
clip_09884_pink_S0.npz,81,7,1,S0,4.05
clip_09886_pink_S0.npz,81,7,1,S0,4.05
clip_09887_pink_S0.npz,81,7,1,S0,4.05
clip_09889_pink_S1.npz,81,7,1,S1,4.05
clip_09890_pink_S1.npz,81,7,1,S1,4.05
clip_09891_pink_S1.npz,81,7,1,S1,4.05
clip_09892_pink_S1.npz,81,7,1,S1,4.05
clip_09893_pink_S1.npz,81,7,1,S1,4.05
clip_09894_pink_S2.npz,81,7,1,S2,4.05
clip_09895_pink_S2.npz,81,7,1,S2,4.05
clip_09896_pink_S2.npz,81,7,1,S2,4.05
clip_09897_pink_S2.npz,81,7,1,S2,4.05
clip_09898_pink_S2.npz,81,7,1,S2,4.05
clip_09899_pink_S3.npz,81,7,1,S3,4.05
clip_09900_pink_S3.npz,81,7,1,S3,4.05
clip_09902_pink_S3.npz,81,7,1,S3,4.05
clip_09903_pink_S3.npz,81,7,1,S3,4.05
clip_10006_violet_S0.npz,82,7,0,S0,4.05
clip_10007_violet_S0.npz,82,7,1,S0,4.05
clip_10008_violet_S0.npz,82,7,1,S0,4.05
clip_10009_violet_S0.npz,82,7,1,S0,4.05
clip_10010_violet_S1.npz,82,7,1,S1,4.05
clip_10011_violet_S1.npz,82,7,0,S1,4.05
clip_10012_violet_S1.npz,82,7,0,S1,4.05
clip_10013_violet_S1.npz,82,7,0,S1,4.05
clip_10014_violet_S1.npz,82,7,1,S1,4.05
clip_10016_violet_S2.npz,82,7,0,S2,4.05
clip_10020_violet_S3.npz,82,7,1,S3,4.05
clip_10021_violet_S3.npz,82,7,1,S3,4.05
clip_10022_violet_S3.npz,82,7,1,S3,4.05
clip_10023_violet_S3.npz,82,7,1,S3,4.05
clip_10024_violet_S3.npz,82,7,1,S3,4.05
clip_10125_light_S0.npz,83,7,1,S0,4.05
clip_10127_light_S0.npz,83,7,1,S0,4.05
clip_10128_light_S0.npz,83,7,1,S0,4.05
clip_10129_light_S0.npz,83,7,1,S0,4.05
clip_10132_light_S1.npz,83,7,1,S1,4.05
clip_10134_light_S1.npz,83,7,1,S1,4.05
clip_10135_light_S2.npz,83,7,1,S2,4.05
clip_10137_light_S2.npz,83,7,1,S2,4.05
clip_10138_light_S2.npz,83,7,1,S2,4.05
clip_10140_light_S3.npz,83,7,1,S3,4.05
clip_10141_light_S3.npz,83,7,1,S3,4.05
clip_10142_light_S3.npz,83,7,1,S3,4.05
clip_10143_light_S3.npz,83,7,1,S3,4.05
clip_10144_light_S3.npz,83,7,1,S3,4.05
clip_10245_dark_S0.npz,84,7,1,S0,4.05
clip_10246_dark_S0.npz,84,7,1,S0,4.05
clip_10248_dark_S0.npz,84,7,1,S0,4.05
clip_10249_dark_S0.npz,84,7,1,S0,4.05
clip_10250_dark_S1.npz,84,7,1,S1,4.05
clip_10251_dark_S1.npz,84,7,1,S1,4.05
clip_10252_dark_S1.npz,84,7,1,S1,4.05
clip_10253_dark_S1.npz,84,7,1,S1,4.05
clip_10255_dark_S2.npz,84,7,1,S2,4.05
clip_10256_dark_S2.npz,84,7,1,S2,4.05
clip_10257_dark_S2.npz,84,7,1,S2,4.05
clip_10261_dark_S3.npz,84,7,1,S3,4.05
clip_10263_dark_S3.npz,84,7,1,S3,4.05
clip_10264_dark_S3.npz,84,7,1,S3,4.05
clip_10365_bread_S0.npz,85,8,1,S0,4.083333333333333
clip_10366_bread_S0.npz,85,8,1,S0,4.083333333333333
clip_10367_bread_S0.npz,85,8,1,S0,4.066666666666666
clip_10368_bread_S0.npz,85,8,1,S0,4.066666666666666
clip_10369_bread_S0.npz,85,8,1,S0,4.066666666666666
clip_10370_bread_S1.npz,85,8,1,S1,4.083333333333333
clip_10371_bread_S1.npz,85,8,1,S1,4.083333333333333
clip_10373_bread_S1.npz,85,8,1,S1,4.066666666666666
clip_10374_bread_S1.npz,85,8,1,S1,4.066666666666666
clip_10375_bread_S2.npz,85,8,1,S2,4.083333333333333
clip_10377_bread_S2.npz,85,8,1,S2,4.066666666666666
clip_10378_bread_S2.npz,85,8,1,S2,4.066666666666666
clip_10379_bread_S2.npz,85,8,1,S2,4.066666666666666
clip_10380_bread_S3.npz,85,8,1,S3,4.066666666666666
clip_10381_bread_S3.npz,85,8,1,S3,4.066666666666666
clip_10383_bread_S3.npz,85,8,1,S3,4.066666666666666
clip_10384_bread_S3.npz,85,8,1,S3,4.066666666666666
clip_10481_egg_S0.npz,86,8,1,S0,4.066666666666666
clip_10482_egg_S0.npz,86,8,1,S0,4.066666666666666
clip_10484_egg_S0.npz,86,8,1,S0,4.066666666666666
clip_10485_egg_S0.npz,86,8,1,S0,4.066666666666666
clip_10486_egg_S1.npz,86,8,1,S1,4.066666666666666
clip_10487_egg_S1.npz,86,8,1,S1,4.066666666666666
clip_10488_egg_S1.npz,86,8,1,S1,4.066666666666666
clip_10490_egg_S1.npz,86,8,1,S1,4.066666666666666
clip_10491_egg_S2.npz,86,8,0,S2,4.066666666666666
clip_10492_egg_S2.npz,86,8,0,S2,4.066666666666666
clip_10493_egg_S2.npz,86,8,0,S2,4.066666666666666
clip_10494_egg_S2.npz,86,8,0,S2,4.066666666666666
clip_10495_egg_S2.npz,86,8,0,S2,4.066666666666666
clip_10496_egg_S3.npz,86,8,0,S3,4.066666666666666
clip_10497_egg_S3.npz,86,8,1,S3,4.066666666666666
clip_10498_egg_S3.npz,86,8,1,S3,4.066666666666666
clip_10499_egg_S3.npz,86,8,1,S3,4.066666666666666
clip_10500_egg_S3.npz,86,8,1,S3,4.066666666666666
clip_10596_fish_S0.npz,87,8,1,S0,4.066666666666666
clip_10597_fish_S0.npz,87,8,1,S0,4.066666666666666
clip_10598_fish_S0.npz,87,8,1,S0,4.066666666666666
clip_10599_fish_S0.npz,87,8,1,S0,4.066666666666666
clip_10600_fish_S0.npz,87,8,1,S0,4.066666666666666
clip_10601_fish_S1.npz,87,8,1,S1,4.066666666666666
clip_10602_fish_S1.npz,87,8,1,S1,4.066666666666666
clip_10603_fish_S1.npz,87,8,1,S1,4.066666666666666
clip_10604_fish_S1.npz,87,8,1,S1,4.066666666666666
clip_10605_fish_S1.npz,87,8,1,S1,4.066666666666666
clip_10606_fish_S2.npz,87,8,1,S2,4.066666666666666
clip_10607_fish_S2.npz,87,8,1,S2,4.066666666666666
clip_10608_fish_S2.npz,87,8,1,S2,4.066666666666666
clip_10609_fish_S2.npz,87,8,1,S2,4.066666666666666
clip_10610_fish_S2.npz,87,8,1,S2,4.066666666666666
clip_10611_fish_S3.npz,87,8,0,S3,4.066666666666666
clip_10612_fish_S3.npz,87,8,0,S3,4.066666666666666
clip_10613_fish_S3.npz,87,8,1,S3,4.066666666666666
clip_10614_fish_S3.npz,87,8,1,S3,4.066666666666666
clip_10615_fish_S3.npz,87,8,1,S3,4.066666666666666
clip_10710_meat_S0.npz,88,8,1,S0,4.066666666666666
clip_10711_meat_S0.npz,88,8,1,S0,4.066666666666666
clip_10712_meat_S0.npz,88,8,1,S0,4.066666666666666
clip_10713_meat_S0.npz,88,8,1,S0,4.066666666666666
clip_10714_meat_S0.npz,88,8,1,S0,4.066666666666666
clip_10715_meat_S1.npz,88,8,1,S1,4.066666666666666
clip_10716_meat_S1.npz,88,8,1,S1,4.066666666666666
clip_10717_meat_S1.npz,88,8,1,S1,4.066666666666666
clip_10718_meat_S1.npz,88,8,1,S1,4.066666666666666
clip_10719_meat_S1.npz,88,8,1,S1,4.066666666666666
clip_10720_meat_S2.npz,88,8,0,S2,4.066666666666666
clip_10721_meat_S2.npz,88,8,0,S2,4.066666666666666
clip_10722_meat_S2.npz,88,8,0,S2,4.066666666666666
clip_10724_meat_S2.npz,88,8,0,S2,4.066666666666666
clip_10725_meat_S3.npz,88,8,0,S3,4.066666666666666
clip_10726_meat_S3.npz,88,8,1,S3,4.066666666666666
clip_10728_meat_S3.npz,88,8,1,S3,4.066666666666666
clip_10729_meat_S3.npz,88,8,1,S3,4.066666666666666
clip_10825_chicken_S0.npz,89,8,1,S0,4.066666666666666
clip_10826_chicken_S0.npz,89,8,1,S0,4.066666666666666
clip_10827_chicken_S0.npz,89,8,1,S0,4.066666666666666
clip_10828_chicken_S0.npz,89,8,1,S0,4.066666666666666
clip_10829_chicken_S0.npz,89,8,1,S0,4.066666666666666
clip_10830_chicken_S1.npz,89,8,1,S1,4.066666666666666
clip_10831_chicken_S1.npz,89,8,1,S1,4.066666666666666
clip_10832_chicken_S1.npz,89,8,1,S1,4.066666666666666
clip_10833_chicken_S1.npz,89,8,1,S1,4.066666666666666
clip_10835_chicken_S2.npz,89,8,1,S2,4.066666666666666
clip_10836_chicken_S2.npz,89,8,1,S2,4.066666666666666
clip_10837_chicken_S2.npz,89,8,1,S2,4.066666666666666
clip_10838_chicken_S2.npz,89,8,1,S2,4.066666666666666
clip_10839_chicken_S2.npz,89,8,1,S2,4.066666666666666
clip_10840_chicken_S3.npz,89,8,1,S3,4.066666666666666
clip_10842_chicken_S3.npz,89,8,1,S3,4.066666666666666
clip_10844_chicken_S3.npz,89,8,1,S3,4.066666666666666
clip_10942_spaghetti_S0.npz,90,8,1,S0,4.066666666666666
clip_10944_spaghetti_S0.npz,90,8,1,S0,4.066666666666666
clip_10946_spaghetti_S0.npz,90,8,1,S0,4.05
clip_10947_spaghetti_S1.npz,90,8,1,S1,4.066666666666666
clip_10948_spaghetti_S1.npz,90,8,1,S1,4.066666666666666
clip_10949_spaghetti_S1.npz,90,8,1,S1,4.066666666666666
clip_10950_spaghetti_S1.npz,90,8,1,S1,4.066666666666666
clip_10951_spaghetti_S1.npz,90,8,1,S1,4.066666666666666
clip_10952_spaghetti_S2.npz,90,8,1,S2,4.066666666666666
clip_10953_spaghetti_S2.npz,90,8,1,S2,4.066666666666666
clip_10955_spaghetti_S2.npz,90,8,1,S2,4.066666666666666
clip_10956_spaghetti_S2.npz,90,8,1,S2,4.05
clip_10957_spaghetti_S3.npz,90,8,1,S3,4.05
clip_10958_spaghetti_S3.npz,90,8,1,S3,4.05
clip_10959_spaghetti_S3.npz,90,8,1,S3,4.05
clip_10960_spaghetti_S3.npz,90,8,1,S3,4.05
clip_10961_spaghetti_S3.npz,90,8,1,S3,4.05
clip_11058_rice_S0.npz,91,8,1,S0,4.05
clip_11059_rice_S0.npz,91,8,1,S0,4.05
clip_11060_rice_S0.npz,91,8,1,S0,4.05
clip_11061_rice_S0.npz,91,8,1,S0,4.05
clip_11064_rice_S1.npz,91,8,1,S1,4.05
clip_11065_rice_S1.npz,91,8,1,S1,4.05
clip_11066_rice_S1.npz,91,8,1,S1,4.05
clip_11068_rice_S2.npz,91,8,1,S2,4.05
clip_11069_rice_S2.npz,91,8,1,S2,4.05
clip_11070_rice_S2.npz,91,8,1,S2,4.05
clip_11071_rice_S2.npz,91,8,1,S2,4.05
clip_11074_rice_S3.npz,91,8,1,S3,4.05
clip_11076_rice_S3.npz,91,8,1,S3,4.05
clip_11172_longanisa_S0.npz,92,8,1,S0,4.05
clip_11173_longanisa_S0.npz,92,8,1,S0,4.05
clip_11174_longanisa_S0.npz,92,8,1,S0,4.05
clip_11175_longanisa_S0.npz,92,8,1,S0,4.05
clip_11176_longanisa_S0.npz,92,8,0,S0,4.05
clip_11177_longanisa_S1.npz,92,8,1,S1,4.05
clip_11178_longanisa_S1.npz,92,8,1,S1,4.05
clip_11179_longanisa_S1.npz,92,8,0,S1,4.05
clip_11180_longanisa_S1.npz,92,8,0,S1,4.05
clip_11182_longanisa_S2.npz,92,8,0,S2,4.083333333333333
clip_11183_longanisa_S2.npz,92,8,0,S2,4.083333333333333
clip_11184_longanisa_S2.npz,92,8,0,S2,4.066666666666666
clip_11185_longanisa_S2.npz,92,8,0,S2,4.066666666666666
clip_11187_longanisa_S3.npz,92,8,0,S3,4.05
clip_11188_longanisa_S3.npz,92,8,0,S3,4.05
clip_11189_longanisa_S3.npz,92,8,1,S3,4.05
clip_11288_shrimp_S0.npz,93,8,1,S0,4.05
clip_11289_shrimp_S0.npz,93,8,1,S0,4.05
clip_11290_shrimp_S0.npz,93,8,1,S0,4.05
clip_11292_shrimp_S0.npz,93,8,1,S0,4.05
clip_11293_shrimp_S1.npz,93,8,1,S1,4.05
clip_11294_shrimp_S1.npz,93,8,1,S1,4.05
clip_11295_shrimp_S1.npz,93,8,1,S1,4.05
clip_11296_shrimp_S1.npz,93,8,1,S1,4.05
clip_11297_shrimp_S1.npz,93,8,1,S1,4.05
clip_11298_shrimp_S2.npz,93,8,0,S2,4.05
clip_11299_shrimp_S2.npz,93,8,0,S2,4.05
clip_11300_shrimp_S2.npz,93,8,0,S2,4.05
clip_11301_shrimp_S2.npz,93,8,0,S2,4.05
clip_11302_shrimp_S2.npz,93,8,1,S2,4.05
clip_11303_shrimp_S3.npz,93,8,1,S3,4.033333333333333
clip_11304_shrimp_S3.npz,93,8,1,S3,4.033333333333333
clip_11306_shrimp_S3.npz,93,8,1,S3,4.033333333333333
clip_11307_shrimp_S3.npz,93,8,1,S3,4.033333333333333
clip_11403_crab_S0.npz,94,8,0,S0,4.05
clip_11404_crab_S0.npz,94,8,0,S0,4.05
clip_11405_crab_S0.npz,94,8,0,S0,4.05
clip_11406_crab_S0.npz,94,8,0,S0,4.05
clip_11407_crab_S0.npz,94,8,0,S0,4.05
clip_11408_crab_S1.npz,94,8,0,S1,4.05
clip_11411_crab_S1.npz,94,8,0,S1,4.05
clip_11412_crab_S1.npz,94,8,0,S1,4.05
clip_11413_crab_S2.npz,94,8,0,S2,4.05
clip_11414_crab_S2.npz,94,8,0,S2,4.05
clip_11415_crab_S2.npz,94,8,0,S2,4.05
clip_11416_crab_S2.npz,94,8,0,S2,4.05
clip_11417_crab_S2.npz,94,8,0,S2,4.05
clip_11418_crab_S3.npz,94,8,0,S3,4.033333333333333
clip_11419_crab_S3.npz,94,8,0,S3,4.033333333333333
clip_11420_crab_S3.npz,94,8,1,S3,4.033333333333333
clip_11421_crab_S3.npz,94,8,0,S3,4.033333333333333
clip_11422_crab_S3.npz,94,8,0,S3,4.033333333333333
clip_11523_tea_S0.npz,100,9,1,S0,4.066666666666666
clip_11525_tea_S0.npz,100,9,1,S0,4.066666666666666
clip_11526_tea_S0.npz,100,9,1,S0,4.066666666666666
clip_11527_tea_S0.npz,100,9,1,S0,4.066666666666666
clip_11528_tea_S1.npz,100,9,1,S1,4.066666666666666
clip_11529_tea_S1.npz,100,9,1,S1,4.066666666666666
clip_11531_tea_S1.npz,100,9,1,S1,4.066666666666666
clip_11532_tea_S1.npz,100,9,1,S1,4.066666666666666
clip_11533_tea_S2.npz,100,9,1,S2,4.066666666666666
clip_11534_tea_S2.npz,100,9,1,S2,4.066666666666666
clip_11535_tea_S2.npz,100,9,1,S2,4.066666666666666
clip_11537_tea_S2.npz,100,9,1,S2,4.066666666666666
clip_11539_tea_S3.npz,100,9,1,S3,4.066666666666666
clip_11540_tea_S3.npz,100,9,1,S3,4.066666666666666
clip_11541_tea_S3.npz,100,9,1,S3,4.066666666666666
clip_11542_tea_S3.npz,100,9,1,S3,4.066666666666666
clip_11645_beer_S0.npz,101,9,1,S0,4.05
clip_11646_beer_S0.npz,101,9,1,S0,4.05
clip_11647_beer_S0.npz,101,9,1,S0,4.05
clip_11649_beer_S0.npz,101,9,1,S0,4.05
clip_11650_beer_S1.npz,101,9,1,S1,4.05
clip_11651_beer_S1.npz,101,9,1,S1,4.05
clip_11652_beer_S1.npz,101,9,1,S1,4.05
clip_11653_beer_S1.npz,101,9,1,S1,4.05
clip_11654_beer_S1.npz,101,9,1,S1,4.05
clip_11655_beer_S2.npz,101,9,1,S2,4.05
clip_11656_beer_S2.npz,101,9,1,S2,4.05
clip_11658_beer_S2.npz,101,9,1,S2,4.05
clip_11659_beer_S2.npz,101,9,1,S2,4.05
clip_11660_beer_S3.npz,101,9,1,S3,4.066666666666666
clip_11661_beer_S3.npz,101,9,1,S3,4.066666666666666
clip_11662_beer_S3.npz,101,9,1,S3,4.05
clip_11663_beer_S3.npz,101,9,1,S3,4.05
clip_11664_beer_S3.npz,101,9,1,S3,4.05
clip_11766_wine_S0.npz,102,9,1,S0,4.05
clip_11768_wine_S0.npz,102,9,1,S0,4.05
clip_11769_wine_S0.npz,102,9,1,S0,4.05
clip_11770_wine_S0.npz,102,9,1,S0,4.05
clip_11772_wine_S1.npz,102,9,1,S1,4.05
clip_11773_wine_S1.npz,102,9,1,S1,4.05
clip_11774_wine_S1.npz,102,9,1,S1,4.05
clip_11775_wine_S1.npz,102,9,1,S1,4.05
clip_11776_wine_S2.npz,102,9,1,S2,4.05
clip_11778_wine_S2.npz,102,9,1,S2,4.05
clip_11779_wine_S2.npz,102,9,1,S2,4.05
clip_11781_wine_S3.npz,102,9,1,S3,4.05
clip_11783_wine_S3.npz,102,9,1,S3,4.05
clip_11887_sugar_S0.npz,103,9,1,S0,4.05
clip_11888_sugar_S0.npz,103,9,1,S0,4.05
clip_11889_sugar_S0.npz,103,9,1,S0,4.05
clip_11890_sugar_S0.npz,103,9,1,S0,4.05
clip_11891_sugar_S0.npz,103,9,1,S0,4.05
clip_11892_sugar_S1.npz,103,9,1,S1,4.05
clip_11893_sugar_S1.npz,103,9,1,S1,4.05
clip_11894_sugar_S1.npz,103,9,1,S1,4.05
clip_11895_sugar_S1.npz,103,9,1,S1,4.05
clip_11896_sugar_S1.npz,103,9,1,S1,4.05
clip_11897_sugar_S1.npz,103,9,1,S1,4.05
clip_11898_sugar_S2.npz,103,9,1,S2,4.05
clip_11899_sugar_S2.npz,103,9,1,S2,4.05
clip_11900_sugar_S2.npz,103,9,1,S2,4.05
clip_11901_sugar_S2.npz,103,9,1,S2,4.05
clip_11903_sugar_S3.npz,103,9,1,S3,4.05
clip_11904_sugar_S3.npz,103,9,1,S3,4.05
clip_11905_sugar_S3.npz,103,9,1,S3,4.05
clip_11906_sugar_S3.npz,103,9,1,S3,4.05
clip_11907_sugar_S3.npz,103,9,1,S3,4.05
clip_12009_no_sugar_S0.npz,104,9,1,S0,4.05
clip_12010_no_sugar_S0.npz,104,9,1,S0,4.05
clip_12011_no_sugar_S0.npz,104,9,1,S0,4.05
clip_12012_no_sugar_S0.npz,104,9,1,S0,4.05
clip_12014_no_sugar_S1.npz,104,9,1,S1,4.05
clip_12015_no_sugar_S1.npz,104,9,1,S1,4.05
clip_12017_no_sugar_S1.npz,104,9,1,S1,4.05
clip_12018_no_sugar_S1.npz,104,9,1,S1,4.05
clip_12019_no_sugar_S2.npz,104,9,1,S2,4.05
clip_12020_no_sugar_S2.npz,104,9,1,S2,4.05
clip_12021_no_sugar_S2.npz,104,9,1,S2,4.05
clip_12022_no_sugar_S2.npz,104,9,1,S2,4.05
clip_12023_no_sugar_S2.npz,104,9,1,S2,4.05
clip_12024_no_sugar_S3.npz,104,9,1,S3,4.05
clip_12025_no_sugar_S3.npz,104,9,1,S3,4.05
clip_12026_no_sugar_S3.npz,104,9,1,S3,4.05
clip_12027_no_sugar_S3.npz,104,9,1,S3,4.05
clip_12028_no_sugar_S3.npz,104,9,1,S3,4.05
clip_12130_hot_S0.npz,95,9,1,S0,4.083333333333333
clip_12131_hot_S0.npz,95,9,1,S0,4.083333333333333
clip_12132_hot_S0.npz,95,9,1,S0,4.066666666666666
clip_12133_hot_S0.npz,95,9,1,S0,4.066666666666666
clip_12134_hot_S0.npz,95,9,1,S0,4.066666666666666
clip_12135_hot_S0.npz,95,9,1,S0,4.083333333333333
clip_12137_hot_S1.npz,95,9,1,S1,4.083333333333333
clip_12138_hot_S1.npz,95,9,1,S1,4.066666666666666
clip_12139_hot_S1.npz,95,9,1,S1,4.066666666666666
clip_12140_hot_S1.npz,95,9,1,S1,4.066666666666666
clip_12142_hot_S2.npz,95,9,1,S2,4.083333333333333
clip_12143_hot_S2.npz,95,9,1,S2,4.066666666666666
clip_12144_hot_S2.npz,95,9,1,S2,4.066666666666666
clip_12145_hot_S2.npz,95,9,1,S2,4.066666666666666
clip_12146_hot_S3.npz,95,9,1,S3,4.083333333333333
clip_12147_hot_S3.npz,95,9,1,S3,4.083333333333333
clip_12148_hot_S3.npz,95,9,1,S3,4.066666666666666
clip_12149_hot_S3.npz,95,9,1,S3,4.066666666666666
clip_12150_hot_S3.npz,95,9,1,S3,4.066666666666666
clip_12253_cold_S0.npz,96,9,1,S0,4.066666666666666
clip_12254_cold_S0.npz,96,9,1,S0,4.066666666666666
clip_12256_cold_S0.npz,96,9,1,S0,4.066666666666666
clip_12258_cold_S0.npz,96,9,1,S0,4.066666666666666
clip_12259_cold_S1.npz,96,9,0,S1,4.066666666666666
clip_12261_cold_S1.npz,96,9,1,S1,4.066666666666666
clip_12262_cold_S1.npz,96,9,1,S1,4.066666666666666
clip_12263_cold_S1.npz,96,9,0,S1,4.066666666666666
clip_12264_cold_S2.npz,96,9,0,S2,4.066666666666666
clip_12265_cold_S2.npz,96,9,0,S2,4.066666666666666
clip_12267_cold_S2.npz,96,9,0,S2,4.066666666666666
clip_12268_cold_S2.npz,96,9,0,S2,4.066666666666666
clip_12269_cold_S3.npz,96,9,1,S3,4.066666666666666
clip_12270_cold_S3.npz,96,9,0,S3,4.066666666666666
clip_12271_cold_S3.npz,96,9,1,S3,4.066666666666666
clip_12272_cold_S3.npz,96,9,0,S3,4.066666666666666
clip_12273_cold_S3.npz,96,9,1,S3,4.066666666666666
clip_12375_juice_S0.npz,97,9,1,S0,4.066666666666666
clip_12376_juice_S0.npz,97,9,1,S0,4.066666666666666
clip_12377_juice_S0.npz,97,9,1,S0,4.066666666666666
clip_12379_juice_S1.npz,97,9,1,S1,4.066666666666666
clip_12380_juice_S1.npz,97,9,1,S1,4.066666666666666
clip_12381_juice_S1.npz,97,9,1,S1,4.066666666666666
clip_12382_juice_S1.npz,97,9,1,S1,4.066666666666666
clip_12383_juice_S1.npz,97,9,1,S1,4.066666666666666
clip_12384_juice_S2.npz,97,9,0,S2,4.066666666666666
clip_12386_juice_S2.npz,97,9,0,S2,4.066666666666666
clip_12387_juice_S2.npz,97,9,0,S2,4.066666666666666
clip_12388_juice_S2.npz,97,9,0,S2,4.066666666666666
clip_12389_juice_S2.npz,97,9,0,S2,4.066666666666666
clip_12390_juice_S3.npz,97,9,0,S3,4.066666666666666
clip_12391_juice_S3.npz,97,9,1,S3,4.066666666666666
clip_12392_juice_S3.npz,97,9,1,S3,4.066666666666666
clip_12393_juice_S3.npz,97,9,0,S3,4.066666666666666
clip_12394_juice_S3.npz,97,9,1,S3,4.066666666666666
clip_12498_milk_S0.npz,98,9,1,S0,4.066666666666666
clip_12499_milk_S0.npz,98,9,1,S0,4.066666666666666
clip_12500_milk_S0.npz,98,9,1,S0,4.066666666666666
clip_12501_milk_S0.npz,98,9,1,S0,4.066666666666666
clip_12503_milk_S1.npz,98,9,1,S1,4.066666666666666
clip_12505_milk_S1.npz,98,9,1,S1,4.066666666666666
clip_12506_milk_S1.npz,98,9,1,S1,4.066666666666666
clip_12508_milk_S2.npz,98,9,0,S2,4.066666666666666
clip_12509_milk_S2.npz,98,9,0,S2,4.066666666666666
clip_12511_milk_S2.npz,98,9,0,S2,4.066666666666666
clip_12512_milk_S2.npz,98,9,1,S2,4.066666666666666
clip_12514_milk_S3.npz,98,9,1,S3,4.066666666666666
clip_12515_milk_S3.npz,98,9,1,S3,4.066666666666666
clip_12516_milk_S3.npz,98,9,1,S3,4.066666666666666
clip_12517_milk_S3.npz,98,9,1,S3,4.066666666666666
clip_12619_coffee_S0.npz,99,9,1,S0,4.066666666666666
clip_12621_coffee_S0.npz,99,9,1,S0,4.066666666666666
clip_12622_coffee_S0.npz,99,9,1,S0,4.066666666666666
clip_12623_coffee_S0.npz,99,9,1,S0,4.066666666666666
clip_12624_coffee_S1.npz,99,9,1,S1,4.066666666666666
clip_12625_coffee_S1.npz,99,9,1,S1,4.066666666666666
clip_12626_coffee_S1.npz,99,9,1,S1,4.066666666666666
clip_12627_coffee_S1.npz,99,9,1,S1,4.066666666666666
clip_12628_coffee_S1.npz,99,9,1,S1,4.066666666666666
clip_12630_coffee_S2.npz,99,9,0,S2,4.066666666666666
clip_12631_coffee_S2.npz,99,9,0,S2,4.066666666666666
clip_12632_coffee_S2.npz,99,9,0,S2,4.066666666666666
clip_12633_coffee_S2.npz,99,9,0,S2,4.066666666666666
clip_12634_coffee_S3.npz,99,9,1,S3,4.066666666666666
clip_12635_coffee_S3.npz,99,9,1,S3,4.066666666666666
clip_12636_coffee_S3.npz,99,9,1,S3,4.066666666666666
clip_12637_coffee_S3.npz,99,9,1,S3,4.066666666666666
clip_12638_coffee_S3.npz,99,9,1,S3,4.066666666666666
